carrier,product,state,age,sex,smoker,face_band,health_class,rate_per_thousand_annual,policy_fee_annual,modal_monthly_factor,source,source_rev,note
Transamerica,fe_express_solution,ALL,18,female,N,5000-9999,select_nonsmoker,51.53,42,0.086,Transamerica_FE_Express_Solution_Agent_Guide,3247945R11,
Transamerica,fe_express_solution,ALL,18,female,Y,5000-9999,select_smoker,53.87,42,0.086,Transamerica_FE_Express_Solution_Agent_Guide,3247945R11,
Transamerica,fe_express_solution,ALL,18,male,N,5000-9999,select_nonsmoker,54.68,42,0.086,Transamerica_FE_Express_Solution_Agent_Guide,3247945R11,
Transamerica,fe_express_solution,ALL,18,male,Y,5000-9999,select_smoker,57.07,42,0.086,Transamerica_FE_Express_Solution_Agent_Guide,3247945R11,
Transamerica,fe_express_solution,ALL,19,female,N,5000-9999,select_nonsmoker,57.13,42,0.086,Transamerica_FE_Express_Solution_Agent_Guide,3247945R11,
Transamerica,fe_express_solution,ALL,19,female,Y,5000-9999,select_smoker,59.95,42,0.086,Transamerica_FE_Express_Solution_Agent_Guide,3247945R11,
Transamerica,fe_express_solution,ALL,19,male,N,5000-9999,select_nonsmoker,60.73,42,0.086,Transamerica_FE_Express_Solution_Agent_Guide,3247945R11,
Transamerica,fe_express_solution,ALL,19,male,Y,5000-9999,select_smoker,63.34,42,0.086,Transamerica_FE_Express_Solution_Agent_Guide,3247945R11,
Transamerica,fe_express_solution,ALL,20,female,N,5000-9999,select_nonsmoker,58.53,42,0.086,Transamerica_FE_Express_Solution_Agent_Guide,3247945R11,
Transamerica,fe_express_solution,ALL,20,female,Y,5000-9999,select_smoker,61.47,42,0.086,Transamerica_FE_Express_Solution_Agent_Guide,3247945R11,
Transamerica,fe_express_solution,ALL,20,male,N,5000-9999,select_nonsmoker,62.25,42,0.086,Transamerica_FE_Express_Solution_Agent_Guide,3247945R11,
Transamerica,fe_express_solution,ALL,20,male,Y,5000-9999,select_smoker,64.91,42,0.086,Transamerica_FE_Express_Solution_Agent_Guide,3247945R11,
Transamerica,fe_express_solution,ALL,21,female,N,5000-9999,select_nonsmoker,59.0,42,0.086,Transamerica_FE_Express_Solution_Agent_Guide,3247945R11,
Transamerica,fe_express_solution,ALL,21,female,Y,5000-9999,select_smoker,62.18,42,0.086,Transamerica_FE_Express_Solution_Agent_Guide,3247945R11,
Transamerica,fe_express_solution,ALL,21,male,N,5000-9999,select_nonsmoker,62.48,42,0.086,Transamerica_FE_Express_Solution_Agent_Guide,3247945R11,
Transamerica,fe_express_solution,ALL,21,male,Y,5000-9999,select_smoker,65.41,42,0.086,Transamerica_FE_Express_Solution_Agent_Guide,3247945R11,
Transamerica,fe_express_solution,ALL,22,female,N,5000-9999,select_nonsmoker,59.46,42,0.086,Transamerica_FE_Express_Solution_Agent_Guide,3247945R11,
Transamerica,fe_express_solution,ALL,22,female,Y,5000-9999,select_smoker,62.9,42,0.086,Transamerica_FE_Express_Solution_Agent_Guide,3247945R11,
Transamerica,fe_express_solution,ALL,22,male,N,5000-9999,select_nonsmoker,62.71,42,0.086,Transamerica_FE_Express_Solution_Agent_Guide,3247945R11,
Transamerica,fe_express_solution,ALL,22,male,Y,5000-9999,select_smoker,65.91,42,0.086,Transamerica_FE_Express_Solution_Agent_Guide,3247945R11,
Transamerica,fe_express_solution,ALL,23,female,N,5000-9999,select_nonsmoker,59.92,42,0.086,Transamerica_FE_Express_Solution_Agent_Guide,3247945R11,
Transamerica,fe_express_solution,ALL,23,female,Y,5000-9999,select_smoker,63.61,42,0.086,Transamerica_FE_Express_Solution_Agent_Guide,3247945R11,
Transamerica,fe_express_solution,ALL,23,male,N,5000-9999,select_nonsmoker,62.95,42,0.086,Transamerica_FE_Express_Solution_Agent_Guide,3247945R11,
Transamerica,fe_express_solution,ALL,23,male,Y,5000-9999,select_smoker,66.41,42,0.086,Transamerica_FE_Express_Solution_Agent_Guide,3247945R11,
Transamerica,fe_express_solution,ALL,24,female,N,5000-9999,select_nonsmoker,60.38,42,0.086,Transamerica_FE_Express_Solution_Agent_Guide,3247945R11,
Transamerica,fe_express_solution,ALL,24,female,Y,5000-9999,select_smoker,64.33,42,0.086,Transamerica_FE_Express_Solution_Agent_Guide,3247945R11,
Transamerica,fe_express_solution,ALL,24,male,N,5000-9999,select_nonsmoker,63.18,42,0.086,Transamerica_FE_Express_Solution_Agent_Guide,3247945R11,
Transamerica,fe_express_solution,ALL,24,male,Y,5000-9999,select_smoker,66.91,42,0.086,Transamerica_FE_Express_Solution_Agent_Guide,3247945R11,
Transamerica,fe_express_solution,ALL,25,female,N,5000-9999,select_nonsmoker,60.85,42,0.086,Transamerica_FE_Express_Solution_Agent_Guide,3247945R11,
Transamerica,fe_express_solution,ALL,25,female,Y,5000-9999,select_smoker,65.04,42,0.086,Transamerica_FE_Express_Solution_Agent_Guide,3247945R11,
Transamerica,fe_express_solution,ALL,25,male,N,5000-9999,select_nonsmoker,63.42,42,0.086,Transamerica_FE_Express_Solution_Agent_Guide,3247945R11,
Transamerica,fe_express_solution,ALL,25,male,Y,5000-9999,select_smoker,67.41,42,0.086,Transamerica_FE_Express_Solution_Agent_Guide,3247945R11,
Transamerica,fe_express_solution,ALL,26,female,N,5000-9999,select_nonsmoker,63.01,42,0.086,Transamerica_FE_Express_Solution_Agent_Guide,3247945R11,
Transamerica,fe_express_solution,ALL,26,female,Y,5000-9999,select_smoker,67.64,42,0.086,Transamerica_FE_Express_Solution_Agent_Guide,3247945R11,
Transamerica,fe_express_solution,ALL,26,male,N,5000-9999,select_nonsmoker,65.5,42,0.086,Transamerica_FE_Express_Solution_Agent_Guide,3247945R11,
Transamerica,fe_express_solution,ALL,26,male,Y,5000-9999,select_smoker,69.94,42,0.086,Transamerica_FE_Express_Solution_Agent_Guide,3247945R11,
Transamerica,fe_express_solution,ALL,27,female,N,5000-9999,select_nonsmoker,65.17,42,0.086,Transamerica_FE_Express_Solution_Agent_Guide,3247945R11,
Transamerica,fe_express_solution,ALL,27,female,Y,5000-9999,select_smoker,70.24,42,0.086,Transamerica_FE_Express_Solution_Agent_Guide,3247945R11,
Transamerica,fe_express_solution,ALL,27,male,N,5000-9999,select_nonsmoker,67.58,42,0.086,Transamerica_FE_Express_Solution_Agent_Guide,3247945R11,
Transamerica,fe_express_solution,ALL,27,male,Y,5000-9999,select_smoker,72.48,42,0.086,Transamerica_FE_Express_Solution_Agent_Guide,3247945R11,
Transamerica,fe_express_solution,ALL,28,female,N,5000-9999,select_nonsmoker,67.33,42,0.086,Transamerica_FE_Express_Solution_Agent_Guide,3247945R11,
Transamerica,fe_express_solution,ALL,28,female,Y,5000-9999,select_smoker,72.83,42,0.086,Transamerica_FE_Express_Solution_Agent_Guide,3247945R11,
Transamerica,fe_express_solution,ALL,28,male,N,5000-9999,select_nonsmoker,69.66,42,0.086,Transamerica_FE_Express_Solution_Agent_Guide,3247945R11,
Transamerica,fe_express_solution,ALL,28,male,Y,5000-9999,select_smoker,75.01,42,0.086,Transamerica_FE_Express_Solution_Agent_Guide,3247945R11,
Transamerica,fe_express_solution,ALL,29,female,N,5000-9999,select_nonsmoker,69.49,42,0.086,Transamerica_FE_Express_Solution_Agent_Guide,3247945R11,
Transamerica,fe_express_solution,ALL,29,female,Y,5000-9999,select_smoker,75.43,42,0.086,Transamerica_FE_Express_Solution_Agent_Guide,3247945R11,
Transamerica,fe_express_solution,ALL,29,male,N,5000-9999,select_nonsmoker,71.74,42,0.086,Transamerica_FE_Express_Solution_Agent_Guide,3247945R11,
Transamerica,fe_express_solution,ALL,29,male,Y,5000-9999,select_smoker,77.54,42,0.086,Transamerica_FE_Express_Solution_Agent_Guide,3247945R11,
Transamerica,fe_express_solution,ALL,30,female,N,5000-9999,select_nonsmoker,71.65,42,0.086,Transamerica_FE_Express_Solution_Agent_Guide,3247945R11,
Transamerica,fe_express_solution,ALL,30,female,Y,5000-9999,select_smoker,78.03,42,0.086,Transamerica_FE_Express_Solution_Agent_Guide,3247945R11,
Transamerica,fe_express_solution,ALL,30,male,N,5000-9999,select_nonsmoker,73.82,42,0.086,Transamerica_FE_Express_Solution_Agent_Guide,3247945R11,
Transamerica,fe_express_solution,ALL,30,male,Y,5000-9999,select_smoker,80.08,42,0.086,Transamerica_FE_Express_Solution_Agent_Guide,3247945R11,
Transamerica,fe_express_solution,ALL,31,female,N,5000-9999,select_nonsmoker,72.23,42,0.086,Transamerica_FE_Express_Solution_Agent_Guide,3247945R11,
Transamerica,fe_express_solution,ALL,31,female,Y,5000-9999,select_smoker,79.06,42,0.086,Transamerica_FE_Express_Solution_Agent_Guide,3247945R11,
Transamerica,fe_express_solution,ALL,31,male,N,5000-9999,select_nonsmoker,74.55,42,0.086,Transamerica_FE_Express_Solution_Agent_Guide,3247945R11,
Transamerica,fe_express_solution,ALL,31,male,Y,5000-9999,select_smoker,81.46,42,0.086,Transamerica_FE_Express_Solution_Agent_Guide,3247945R11,
Transamerica,fe_express_solution,ALL,32,female,N,5000-9999,select_nonsmoker,72.81,42,0.086,Transamerica_FE_Express_Solution_Agent_Guide,3247945R11,
Transamerica,fe_express_solution,ALL,32,female,Y,5000-9999,select_smoker,80.08,42,0.086,Transamerica_FE_Express_Solution_Agent_Guide,3247945R11,
Transamerica,fe_express_solution,ALL,32,male,N,5000-9999,select_nonsmoker,75.27,42,0.086,Transamerica_FE_Express_Solution_Agent_Guide,3247945R11,
Transamerica,fe_express_solution,ALL,32,male,Y,5000-9999,select_smoker,82.83,42,0.086,Transamerica_FE_Express_Solution_Agent_Guide,3247945R11,
Transamerica,fe_express_solution,ALL,33,female,N,5000-9999,select_nonsmoker,73.4,42,0.086,Transamerica_FE_Express_Solution_Agent_Guide,3247945R11,
Transamerica,fe_express_solution,ALL,33,female,Y,5000-9999,select_smoker,81.11,42,0.086,Transamerica_FE_Express_Solution_Agent_Guide,3247945R11,
Transamerica,fe_express_solution,ALL,33,male,N,5000-9999,select_nonsmoker,76.0,42,0.086,Transamerica_FE_Express_Solution_Agent_Guide,3247945R11,
Transamerica,fe_express_solution,ALL,33,male,Y,5000-9999,select_smoker,84.21,42,0.086,Transamerica_FE_Express_Solution_Agent_Guide,3247945R11,
Transamerica,fe_express_solution,ALL,34,female,N,5000-9999,select_nonsmoker,73.98,42,0.086,Transamerica_FE_Express_Solution_Agent_Guide,3247945R11,
Transamerica,fe_express_solution,ALL,34,female,Y,5000-9999,select_smoker,82.13,42,0.086,Transamerica_FE_Express_Solution_Agent_Guide,3247945R11,
Transamerica,fe_express_solution,ALL,34,male,N,5000-9999,select_nonsmoker,76.73,42,0.086,Transamerica_FE_Express_Solution_Agent_Guide,3247945R11,
Transamerica,fe_express_solution,ALL,34,male,Y,5000-9999,select_smoker,85.59,42,0.086,Transamerica_FE_Express_Solution_Agent_Guide,3247945R11,
Transamerica,fe_express_solution,ALL,35,female,N,5000-9999,select_nonsmoker,74.56,42,0.086,Transamerica_FE_Express_Solution_Agent_Guide,3247945R11,
Transamerica,fe_express_solution,ALL,35,female,Y,5000-9999,select_smoker,83.16,42,0.086,Transamerica_FE_Express_Solution_Agent_Guide,3247945R11,
Transamerica,fe_express_solution,ALL,35,male,N,5000-9999,select_nonsmoker,77.46,42,0.086,Transamerica_FE_Express_Solution_Agent_Guide,3247945R11,
Transamerica,fe_express_solution,ALL,35,male,Y,5000-9999,select_smoker,86.97,42,0.086,Transamerica_FE_Express_Solution_Agent_Guide,3247945R11,
Transamerica,fe_express_solution,ALL,36,female,N,5000-9999,select_nonsmoker,74.41,42,0.086,Transamerica_FE_Express_Solution_Agent_Guide,3247945R11,
Transamerica,fe_express_solution,ALL,36,female,Y,5000-9999,select_smoker,83.64,42,0.086,Transamerica_FE_Express_Solution_Agent_Guide,3247945R11,
Transamerica,fe_express_solution,ALL,36,male,N,5000-9999,select_nonsmoker,77.32,42,0.086,Transamerica_FE_Express_Solution_Agent_Guide,3247945R11,
Transamerica,fe_express_solution,ALL,36,male,Y,5000-9999,select_smoker,87.51,42,0.086,Transamerica_FE_Express_Solution_Agent_Guide,3247945R11,
Transamerica,fe_express_solution,ALL,37,female,N,5000-9999,select_nonsmoker,74.25,42,0.086,Transamerica_FE_Express_Solution_Agent_Guide,3247945R11,
Transamerica,fe_express_solution,ALL,37,female,Y,5000-9999,select_smoker,84.12,42,0.086,Transamerica_FE_Express_Solution_Agent_Guide,3247945R11,
Transamerica,fe_express_solution,ALL,37,male,N,5000-9999,select_nonsmoker,77.19,42,0.086,Transamerica_FE_Express_Solution_Agent_Guide,3247945R11,
Transamerica,fe_express_solution,ALL,37,male,Y,5000-9999,select_smoker,88.04,42,0.086,Transamerica_FE_Express_Solution_Agent_Guide,3247945R11,
Transamerica,fe_express_solution,ALL,38,female,N,5000-9999,select_nonsmoker,74.1,42,0.086,Transamerica_FE_Express_Solution_Agent_Guide,3247945R11,
Transamerica,fe_express_solution,ALL,38,female,Y,5000-9999,select_smoker,84.6,42,0.086,Transamerica_FE_Express_Solution_Agent_Guide,3247945R11,
Transamerica,fe_express_solution,ALL,38,male,N,5000-9999,select_nonsmoker,77.06,42,0.086,Transamerica_FE_Express_Solution_Agent_Guide,3247945R11,
Transamerica,fe_express_solution,ALL,38,male,Y,5000-9999,select_smoker,88.58,42,0.086,Transamerica_FE_Express_Solution_Agent_Guide,3247945R11,
Transamerica,fe_express_solution,ALL,39,female,N,5000-9999,select_nonsmoker,73.95,42,0.086,Transamerica_FE_Express_Solution_Agent_Guide,3247945R11,
Transamerica,fe_express_solution,ALL,39,female,Y,5000-9999,select_smoker,85.08,42,0.086,Transamerica_FE_Express_Solution_Agent_Guide,3247945R11,
Transamerica,fe_express_solution,ALL,39,male,N,5000-9999,select_nonsmoker,76.93,42,0.086,Transamerica_FE_Express_Solution_Agent_Guide,3247945R11,
Transamerica,fe_express_solution,ALL,39,male,Y,5000-9999,select_smoker,89.11,42,0.086,Transamerica_FE_Express_Solution_Agent_Guide,3247945R11,
Transamerica,fe_express_solution,ALL,40,female,N,5000-9999,select_nonsmoker,73.8,42,0.086,Transamerica_FE_Express_Solution_Agent_Guide,3247945R11,
Transamerica,fe_express_solution,ALL,40,female,Y,5000-9999,select_smoker,85.56,42,0.086,Transamerica_FE_Express_Solution_Agent_Guide,3247945R11,
Transamerica,fe_express_solution,ALL,40,male,N,5000-9999,select_nonsmoker,76.79,42,0.086,Transamerica_FE_Express_Solution_Agent_Guide,3247945R11,
Transamerica,fe_express_solution,ALL,40,male,Y,5000-9999,select_smoker,89.65,42,0.086,Transamerica_FE_Express_Solution_Agent_Guide,3247945R11,
Transamerica,fe_express_solution,ALL,41,female,N,5000-9999,select_nonsmoker,75.44,42,0.086,Transamerica_FE_Express_Solution_Agent_Guide,3247945R11,
Transamerica,fe_express_solution,ALL,41,female,Y,5000-9999,select_smoker,88.61,42,0.086,Transamerica_FE_Express_Solution_Agent_Guide,3247945R11,
Transamerica,fe_express_solution,ALL,41,male,N,5000-9999,select_nonsmoker,78.64,42,0.086,Transamerica_FE_Express_Solution_Agent_Guide,3247945R11,
Transamerica,fe_express_solution,ALL,41,male,Y,5000-9999,select_smoker,92.94,42,0.086,Transamerica_FE_Express_Solution_Agent_Guide,3247945R11,
Transamerica,fe_express_solution,ALL,42,female,N,5000-9999,select_nonsmoker,77.08,42,0.086,Transamerica_FE_Express_Solution_Agent_Guide,3247945R11,
Transamerica,fe_express_solution,ALL,42,female,Y,5000-9999,select_smoker,91.66,42,0.086,Transamerica_FE_Express_Solution_Agent_Guide,3247945R11,
Transamerica,fe_express_solution,ALL,42,male,N,5000-9999,select_nonsmoker,80.49,42,0.086,Transamerica_FE_Express_Solution_Agent_Guide,3247945R11,
Transamerica,fe_express_solution,ALL,42,male,Y,5000-9999,select_smoker,96.24,42,0.086,Transamerica_FE_Express_Solution_Agent_Guide,3247945R11,
Transamerica,fe_express_solution,ALL,43,female,N,5000-9999,select_nonsmoker,78.72,42,0.086,Transamerica_FE_Express_Solution_Agent_Guide,3247945R11,
Transamerica,fe_express_solution,ALL,43,female,Y,5000-9999,select_smoker,94.71,42,0.086,Transamerica_FE_Express_Solution_Agent_Guide,3247945R11,
Transamerica,fe_express_solution,ALL,43,male,N,5000-9999,select_nonsmoker,82.34,42,0.086,Transamerica_FE_Express_Solution_Agent_Guide,3247945R11,
Transamerica,fe_express_solution,ALL,43,male,Y,5000-9999,select_smoker,99.53,42,0.086,Transamerica_FE_Express_Solution_Agent_Guide,3247945R11,
Transamerica,fe_express_solution,ALL,44,female,N,5000-9999,select_nonsmoker,80.36,42,0.086,Transamerica_FE_Express_Solution_Agent_Guide,3247945R11,
Transamerica,fe_express_solution,ALL,44,female,Y,5000-9999,select_smoker,97.76,42,0.086,Transamerica_FE_Express_Solution_Agent_Guide,3247945R11,
Transamerica,fe_express_solution,ALL,44,male,N,5000-9999,select_nonsmoker,84.19,42,0.086,Transamerica_FE_Express_Solution_Agent_Guide,3247945R11,
Transamerica,fe_express_solution,ALL,44,male,Y,5000-9999,select_smoker,102.83,42,0.086,Transamerica_FE_Express_Solution_Agent_Guide,3247945R11,
Transamerica,fe_express_solution,ALL,45,female,N,5000-9999,select_nonsmoker,82.0,42,0.086,Transamerica_FE_Express_Solution_Agent_Guide,3247945R11,
Transamerica,fe_express_solution,ALL,45,female,Y,5000-9999,select_smoker,100.81,42,0.086,Transamerica_FE_Express_Solution_Agent_Guide,3247945R11,
Transamerica,fe_express_solution,ALL,45,male,N,5000-9999,select_nonsmoker,86.04,42,0.086,Transamerica_FE_Express_Solution_Agent_Guide,3247945R11,
Transamerica,fe_express_solution,ALL,45,male,Y,5000-9999,select_smoker,106.13,42,0.086,Transamerica_FE_Express_Solution_Agent_Guide,3247945R11,
Transamerica,fe_express_solution,ALL,46,female,N,5000-9999,select_nonsmoker,79.07,42,0.086,Transamerica_FE_Express_Solution_Agent_Guide,3247945R11,
Transamerica,fe_express_solution,ALL,46,female,Y,5000-9999,select_smoker,98.68,42,0.086,Transamerica_FE_Express_Solution_Agent_Guide,3247945R11,
Transamerica,fe_express_solution,ALL,46,male,N,5000-9999,select_nonsmoker,83.5,42,0.086,Transamerica_FE_Express_Solution_Agent_Guide,3247945R11,
Transamerica,fe_express_solution,ALL,46,male,Y,5000-9999,select_smoker,104.62,42,0.086,Transamerica_FE_Express_Solution_Agent_Guide,3247945R11,
Transamerica,fe_express_solution,ALL,47,female,N,5000-9999,select_nonsmoker,76.14,42,0.086,Transamerica_FE_Express_Solution_Agent_Guide,3247945R11,
Transamerica,fe_express_solution,ALL,47,female,Y,5000-9999,select_smoker,96.55,42,0.086,Transamerica_FE_Express_Solution_Agent_Guide,3247945R11,
Transamerica,fe_express_solution,ALL,47,male,N,5000-9999,select_nonsmoker,80.96,42,0.086,Transamerica_FE_Express_Solution_Agent_Guide,3247945R11,
Transamerica,fe_express_solution,ALL,47,male,Y,5000-9999,select_smoker,103.12,42,0.086,Transamerica_FE_Express_Solution_Agent_Guide,3247945R11,
Transamerica,fe_express_solution,ALL,48,female,N,5000-9999,select_nonsmoker,73.21,42,0.086,Transamerica_FE_Express_Solution_Agent_Guide,3247945R11,
Transamerica,fe_express_solution,ALL,48,female,Y,5000-9999,select_smoker,94.43,42,0.086,Transamerica_FE_Express_Solution_Agent_Guide,3247945R11,
Transamerica,fe_express_solution,ALL,48,male,N,5000-9999,select_nonsmoker,78.42,42,0.086,Transamerica_FE_Express_Solution_Agent_Guide,3247945R11,
Transamerica,fe_express_solution,ALL,48,male,Y,5000-9999,select_smoker,101.62,42,0.086,Transamerica_FE_Express_Solution_Agent_Guide,3247945R11,
Transamerica,fe_express_solution,ALL,49,female,N,5000-9999,select_nonsmoker,70.28,42,0.086,Transamerica_FE_Express_Solution_Agent_Guide,3247945R11,
Transamerica,fe_express_solution,ALL,49,female,Y,5000-9999,select_smoker,92.3,42,0.086,Transamerica_FE_Express_Solution_Agent_Guide,3247945R11,
Transamerica,fe_express_solution,ALL,49,male,N,5000-9999,select_nonsmoker,75.88,42,0.086,Transamerica_FE_Express_Solution_Agent_Guide,3247945R11,
Transamerica,fe_express_solution,ALL,49,male,Y,5000-9999,select_smoker,100.11,42,0.086,Transamerica_FE_Express_Solution_Agent_Guide,3247945R11,
Transamerica,fe_express_solution,ALL,50,female,N,5000-9999,select_nonsmoker,67.34,42,0.086,Transamerica_FE_Express_Solution_Agent_Guide,3247945R11,
Transamerica,fe_express_solution,ALL,50,female,Y,5000-9999,select_smoker,90.17,42,0.086,Transamerica_FE_Express_Solution_Agent_Guide,3247945R11,
Transamerica,fe_express_solution,ALL,50,male,N,5000-9999,select_nonsmoker,73.34,42,0.086,Transamerica_FE_Express_Solution_Agent_Guide,3247945R11,
Transamerica,fe_express_solution,ALL,50,male,Y,5000-9999,select_smoker,98.61,42,0.086,Transamerica_FE_Express_Solution_Agent_Guide,3247945R11,
Transamerica,fe_express_solution,ALL,51,female,N,5000-9999,select_nonsmoker,68.77,42,0.086,Transamerica_FE_Express_Solution_Agent_Guide,3247945R11,
Transamerica,fe_express_solution,ALL,51,female,Y,5000-9999,select_smoker,92.66,42,0.086,Transamerica_FE_Express_Solution_Agent_Guide,3247945R11,
Transamerica,fe_express_solution,ALL,51,male,N,5000-9999,select_nonsmoker,75.63,42,0.086,Transamerica_FE_Express_Solution_Agent_Guide,3247945R11,
Transamerica,fe_express_solution,ALL,51,male,Y,5000-9999,select_smoker,102.64,42,0.086,Transamerica_FE_Express_Solution_Agent_Guide,3247945R11,
Transamerica,fe_express_solution,ALL,52,female,N,5000-9999,select_nonsmoker,70.19,42,0.086,Transamerica_FE_Express_Solution_Agent_Guide,3247945R11,
Transamerica,fe_express_solution,ALL,52,female,Y,5000-9999,select_smoker,95.15,42,0.086,Transamerica_FE_Express_Solution_Agent_Guide,3247945R11,
Transamerica,fe_express_solution,ALL,52,male,N,5000-9999,select_nonsmoker,77.92,42,0.086,Transamerica_FE_Express_Solution_Agent_Guide,3247945R11,
Transamerica,fe_express_solution,ALL,52,male,Y,5000-9999,select_smoker,106.67,42,0.086,Transamerica_FE_Express_Solution_Agent_Guide,3247945R11,
Transamerica,fe_express_solution,ALL,53,female,N,5000-9999,select_nonsmoker,71.61,42,0.086,Transamerica_FE_Express_Solution_Agent_Guide,3247945R11,
Transamerica,fe_express_solution,ALL,53,female,Y,5000-9999,select_smoker,97.64,42,0.086,Transamerica_FE_Express_Solution_Agent_Guide,3247945R11,
Transamerica,fe_express_solution,ALL,53,male,N,5000-9999,select_nonsmoker,80.21,42,0.086,Transamerica_FE_Express_Solution_Agent_Guide,3247945R11,
Transamerica,fe_express_solution,ALL,53,male,Y,5000-9999,select_smoker,110.71,42,0.086,Transamerica_FE_Express_Solution_Agent_Guide,3247945R11,
Transamerica,fe_express_solution,ALL,54,female,N,5000-9999,select_nonsmoker,73.04,42,0.086,Transamerica_FE_Express_Solution_Agent_Guide,3247945R11,
Transamerica,fe_express_solution,ALL,54,female,Y,5000-9999,select_smoker,100.14,42,0.086,Transamerica_FE_Express_Solution_Agent_Guide,3247945R11,
Transamerica,fe_express_solution,ALL,54,male,N,5000-9999,select_nonsmoker,82.5,42,0.086,Transamerica_FE_Express_Solution_Agent_Guide,3247945R11,
Transamerica,fe_express_solution,ALL,54,male,Y,5000-9999,select_smoker,114.74,42,0.086,Transamerica_FE_Express_Solution_Agent_Guide,3247945R11,
Transamerica,fe_express_solution,ALL,55,female,N,5000-9999,select_nonsmoker,74.46,42,0.086,Transamerica_FE_Express_Solution_Agent_Guide,3247945R11,
Transamerica,fe_express_solution,ALL,55,female,Y,5000-9999,select_smoker,102.63,42,0.086,Transamerica_FE_Express_Solution_Agent_Guide,3247945R11,
Transamerica,fe_express_solution,ALL,55,male,N,5000-9999,select_nonsmoker,84.79,42,0.086,Transamerica_FE_Express_Solution_Agent_Guide,3247945R11,
Transamerica,fe_express_solution,ALL,55,male,Y,5000-9999,select_smoker,118.77,42,0.086,Transamerica_FE_Express_Solution_Agent_Guide,3247945R11,
Transamerica,fe_express_solution,ALL,56,female,N,5000-9999,select_nonsmoker,74.44,42,0.086,Transamerica_FE_Express_Solution_Agent_Guide,3247945R11,
Transamerica,fe_express_solution,ALL,56,female,Y,5000-9999,select_smoker,102.82,42,0.086,Transamerica_FE_Express_Solution_Agent_Guide,3247945R11,
Transamerica,fe_express_solution,ALL,56,male,N,5000-9999,select_nonsmoker,85.95,42,0.086,Transamerica_FE_Express_Solution_Agent_Guide,3247945R11,
Transamerica,fe_express_solution,ALL,56,male,Y,5000-9999,select_smoker,121.38,42,0.086,Transamerica_FE_Express_Solution_Agent_Guide,3247945R11,
Transamerica,fe_express_solution,ALL,57,female,N,5000-9999,select_nonsmoker,74.43,42,0.086,Transamerica_FE_Express_Solution_Agent_Guide,3247945R11,
Transamerica,fe_express_solution,ALL,57,female,Y,5000-9999,select_smoker,103.0,42,0.086,Transamerica_FE_Express_Solution_Agent_Guide,3247945R11,
Transamerica,fe_express_solution,ALL,57,male,N,5000-9999,select_nonsmoker,87.1,42,0.086,Transamerica_FE_Express_Solution_Agent_Guide,3247945R11,
Transamerica,fe_express_solution,ALL,57,male,Y,5000-9999,select_smoker,124.0,42,0.086,Transamerica_FE_Express_Solution_Agent_Guide,3247945R11,
Transamerica,fe_express_solution,ALL,58,female,N,5000-9999,select_nonsmoker,74.41,42,0.086,Transamerica_FE_Express_Solution_Agent_Guide,3247945R11,
Transamerica,fe_express_solution,ALL,58,female,Y,5000-9999,select_smoker,103.19,42,0.086,Transamerica_FE_Express_Solution_Agent_Guide,3247945R11,
Transamerica,fe_express_solution,ALL,58,male,N,5000-9999,select_nonsmoker,88.26,42,0.086,Transamerica_FE_Express_Solution_Agent_Guide,3247945R11,
Transamerica,fe_express_solution,ALL,58,male,Y,5000-9999,select_smoker,126.62,42,0.086,Transamerica_FE_Express_Solution_Agent_Guide,3247945R11,
Transamerica,fe_express_solution,ALL,59,female,N,5000-9999,select_nonsmoker,74.39,42,0.086,Transamerica_FE_Express_Solution_Agent_Guide,3247945R11,
Transamerica,fe_express_solution,ALL,59,female,Y,5000-9999,select_smoker,103.38,42,0.086,Transamerica_FE_Express_Solution_Agent_Guide,3247945R11,
Transamerica,fe_express_solution,ALL,59,male,N,5000-9999,select_nonsmoker,89.41,42,0.086,Transamerica_FE_Express_Solution_Agent_Guide,3247945R11,
Transamerica,fe_express_solution,ALL,59,male,Y,5000-9999,select_smoker,129.23,42,0.086,Transamerica_FE_Express_Solution_Agent_Guide,3247945R11,
Transamerica,fe_express_solution,ALL,60,female,N,5000-9999,select_nonsmoker,74.38,42,0.086,Transamerica_FE_Express_Solution_Agent_Guide,3247945R11,
Transamerica,fe_express_solution,ALL,60,female,Y,5000-9999,select_smoker,103.57,42,0.086,Transamerica_FE_Express_Solution_Agent_Guide,3247945R11,
Transamerica,fe_express_solution,ALL,60,male,N,5000-9999,select_nonsmoker,90.57,42,0.086,Transamerica_FE_Express_Solution_Agent_Guide,3247945R11,
Transamerica,fe_express_solution,ALL,60,male,Y,5000-9999,select_smoker,131.85,42,0.086,Transamerica_FE_Express_Solution_Agent_Guide,3247945R11,
Transamerica,fe_express_solution,ALL,61,female,N,5000-9999,select_nonsmoker,77.06,42,0.086,Transamerica_FE_Express_Solution_Agent_Guide,3247945R11,
Transamerica,fe_express_solution,ALL,61,female,Y,5000-9999,select_smoker,106.56,42,0.086,Transamerica_FE_Express_Solution_Agent_Guide,3247945R11,
Transamerica,fe_express_solution,ALL,61,male,N,5000-9999,select_nonsmoker,94.46,42,0.086,Transamerica_FE_Express_Solution_Agent_Guide,3247945R11,
Transamerica,fe_express_solution,ALL,61,male,Y,5000-9999,select_smoker,137.23,42,0.086,Transamerica_FE_Express_Solution_Agent_Guide,3247945R11,
Transamerica,fe_express_solution,ALL,62,female,N,5000-9999,select_nonsmoker,79.75,42,0.086,Transamerica_FE_Express_Solution_Agent_Guide,3247945R11,
Transamerica,fe_express_solution,ALL,62,female,Y,5000-9999,select_smoker,109.55,42,0.086,Transamerica_FE_Express_Solution_Agent_Guide,3247945R11,
Transamerica,fe_express_solution,ALL,62,male,N,5000-9999,select_nonsmoker,98.36,42,0.086,Transamerica_FE_Express_Solution_Agent_Guide,3247945R11,
Transamerica,fe_express_solution,ALL,62,male,Y,5000-9999,select_smoker,142.6,42,0.086,Transamerica_FE_Express_Solution_Agent_Guide,3247945R11,
Transamerica,fe_express_solution,ALL,63,female,N,5000-9999,select_nonsmoker,82.44,42,0.086,Transamerica_FE_Express_Solution_Agent_Guide,3247945R11,
Transamerica,fe_express_solution,ALL,63,female,Y,5000-9999,select_smoker,112.53,42,0.086,Transamerica_FE_Express_Solution_Agent_Guide,3247945R11,
Transamerica,fe_express_solution,ALL,63,male,N,5000-9999,select_nonsmoker,102.25,42,0.086,Transamerica_FE_Express_Solution_Agent_Guide,3247945R11,
Transamerica,fe_express_solution,ALL,63,male,Y,5000-9999,select_smoker,147.98,42,0.086,Transamerica_FE_Express_Solution_Agent_Guide,3247945R11,
Transamerica,fe_express_solution,ALL,64,female,N,5000-9999,select_nonsmoker,85.13,42,0.086,Transamerica_FE_Express_Solution_Agent_Guide,3247945R11,
Transamerica,fe_express_solution,ALL,64,female,Y,5000-9999,select_smoker,115.52,42,0.086,Transamerica_FE_Express_Solution_Agent_Guide,3247945R11,
Transamerica,fe_express_solution,ALL,64,male,N,5000-9999,select_nonsmoker,106.15,42,0.086,Transamerica_FE_Express_Solution_Agent_Guide,3247945R11,
Transamerica,fe_express_solution,ALL,64,male,Y,5000-9999,select_smoker,153.35,42,0.086,Transamerica_FE_Express_Solution_Agent_Guide,3247945R11,
Transamerica,fe_express_solution,ALL,65,female,N,5000-9999,select_nonsmoker,87.81,42,0.086,Transamerica_FE_Express_Solution_Agent_Guide,3247945R11,
Transamerica,fe_express_solution,ALL,65,female,Y,5000-9999,select_smoker,118.51,42,0.086,Transamerica_FE_Express_Solution_Agent_Guide,3247945R11,
Transamerica,fe_express_solution,ALL,65,male,N,5000-9999,select_nonsmoker,110.04,42,0.086,Transamerica_FE_Express_Solution_Agent_Guide,3247945R11,
Transamerica,fe_express_solution,ALL,65,male,Y,5000-9999,select_smoker,158.73,42,0.086,Transamerica_FE_Express_Solution_Agent_Guide,3247945R11,
Transamerica,fe_express_solution,ALL,66,female,N,5000-9999,select_nonsmoker,90.44,42,0.086,Transamerica_FE_Express_Solution_Agent_Guide,3247945R11,
Transamerica,fe_express_solution,ALL,66,female,Y,5000-9999,select_smoker,121.02,42,0.086,Transamerica_FE_Express_Solution_Agent_Guide,3247945R11,
Transamerica,fe_express_solution,ALL,66,male,N,5000-9999,select_nonsmoker,113.77,42,0.086,Transamerica_FE_Express_Solution_Agent_Guide,3247945R11,
Transamerica,fe_express_solution,ALL,66,male,Y,5000-9999,select_smoker,162.6,42,0.086,Transamerica_FE_Express_Solution_Agent_Guide,3247945R11,
Transamerica,fe_express_solution,ALL,67,female,N,5000-9999,select_nonsmoker,93.07,42,0.086,Transamerica_FE_Express_Solution_Agent_Guide,3247945R11,
Transamerica,fe_express_solution,ALL,67,female,Y,5000-9999,select_smoker,123.53,42,0.086,Transamerica_FE_Express_Solution_Agent_Guide,3247945R11,
Transamerica,fe_express_solution,ALL,67,male,N,5000-9999,select_nonsmoker,117.51,42,0.086,Transamerica_FE_Express_Solution_Agent_Guide,3247945R11,
Transamerica,fe_express_solution,ALL,67,male,Y,5000-9999,select_smoker,166.48,42,0.086,Transamerica_FE_Express_Solution_Agent_Guide,3247945R11,
Transamerica,fe_express_solution,ALL,68,female,N,5000-9999,select_nonsmoker,95.7,42,0.086,Transamerica_FE_Express_Solution_Agent_Guide,3247945R11,
Transamerica,fe_express_solution,ALL,68,female,Y,5000-9999,select_smoker,126.03,42,0.086,Transamerica_FE_Express_Solution_Agent_Guide,3247945R11,
Transamerica,fe_express_solution,ALL,68,male,N,5000-9999,select_nonsmoker,121.24,42,0.086,Transamerica_FE_Express_Solution_Agent_Guide,3247945R11,
Transamerica,fe_express_solution,ALL,68,male,Y,5000-9999,select_smoker,170.36,42,0.086,Transamerica_FE_Express_Solution_Agent_Guide,3247945R11,
Transamerica,fe_express_solution,ALL,69,female,N,5000-9999,select_nonsmoker,98.33,42,0.086,Transamerica_FE_Express_Solution_Agent_Guide,3247945R11,
Transamerica,fe_express_solution,ALL,69,female,Y,5000-9999,select_smoker,128.54,42,0.086,Transamerica_FE_Express_Solution_Agent_Guide,3247945R11,
Transamerica,fe_express_solution,ALL,69,male,N,5000-9999,select_nonsmoker,124.97,42,0.086,Transamerica_FE_Express_Solution_Agent_Guide,3247945R11,
Transamerica,fe_express_solution,ALL,69,male,Y,5000-9999,select_smoker,174.24,42,0.086,Transamerica_FE_Express_Solution_Agent_Guide,3247945R11,
Transamerica,fe_express_solution,ALL,70,female,N,5000-9999,select_nonsmoker,100.95,42,0.086,Transamerica_FE_Express_Solution_Agent_Guide,3247945R11,
Transamerica,fe_express_solution,ALL,70,female,Y,5000-9999,select_smoker,131.05,42,0.086,Transamerica_FE_Express_Solution_Agent_Guide,3247945R11,
Transamerica,fe_express_solution,ALL,70,male,N,5000-9999,select_nonsmoker,128.7,42,0.086,Transamerica_FE_Express_Solution_Agent_Guide,3247945R11,
Transamerica,fe_express_solution,ALL,70,male,Y,5000-9999,select_smoker,178.11,42,0.086,Transamerica_FE_Express_Solution_Agent_Guide,3247945R11,
Transamerica,fe_express_solution,ALL,71,female,N,5000-9999,select_nonsmoker,107.72,42,0.086,Transamerica_FE_Express_Solution_Agent_Guide,3247945R11,
Transamerica,fe_express_solution,ALL,71,female,Y,5000-9999,select_smoker,138.14,42,0.086,Transamerica_FE_Express_Solution_Agent_Guide,3247945R11,
Transamerica,fe_express_solution,ALL,71,male,N,5000-9999,select_nonsmoker,138.12,42,0.086,Transamerica_FE_Express_Solution_Agent_Guide,3247945R11,
Transamerica,fe_express_solution,ALL,71,male,Y,5000-9999,select_smoker,188.84,42,0.086,Transamerica_FE_Express_Solution_Agent_Guide,3247945R11,
Transamerica,fe_express_solution,ALL,72,female,N,5000-9999,select_nonsmoker,114.49,42,0.086,Transamerica_FE_Express_Solution_Agent_Guide,3247945R11,
Transamerica,fe_express_solution,ALL,72,female,Y,5000-9999,select_smoker,145.23,42,0.086,Transamerica_FE_Express_Solution_Agent_Guide,3247945R11,
Transamerica,fe_express_solution,ALL,72,male,N,5000-9999,select_nonsmoker,147.53,42,0.086,Transamerica_FE_Express_Solution_Agent_Guide,3247945R11,
Transamerica,fe_express_solution,ALL,72,male,Y,5000-9999,select_smoker,199.57,42,0.086,Transamerica_FE_Express_Solution_Agent_Guide,3247945R11,
Transamerica,fe_express_solution,ALL,73,female,N,5000-9999,select_nonsmoker,121.26,42,0.086,Transamerica_FE_Express_Solution_Agent_Guide,3247945R11,
Transamerica,fe_express_solution,ALL,73,female,Y,5000-9999,select_smoker,152.33,42,0.086,Transamerica_FE_Express_Solution_Agent_Guide,3247945R11,
Transamerica,fe_express_solution,ALL,73,male,N,5000-9999,select_nonsmoker,156.95,42,0.086,Transamerica_FE_Express_Solution_Agent_Guide,3247945R11,
Transamerica,fe_express_solution,ALL,73,male,Y,5000-9999,select_smoker,210.3,42,0.086,Transamerica_FE_Express_Solution_Agent_Guide,3247945R11,
Transamerica,fe_express_solution,ALL,74,female,N,5000-9999,select_nonsmoker,128.03,42,0.086,Transamerica_FE_Express_Solution_Agent_Guide,3247945R11,
Transamerica,fe_express_solution,ALL,74,female,Y,5000-9999,select_smoker,159.42,42,0.086,Transamerica_FE_Express_Solution_Agent_Guide,3247945R11,
Transamerica,fe_express_solution,ALL,74,male,N,5000-9999,select_nonsmoker,166.37,42,0.086,Transamerica_FE_Express_Solution_Agent_Guide,3247945R11,
Transamerica,fe_express_solution,ALL,74,male,Y,5000-9999,select_smoker,221.02,42,0.086,Transamerica_FE_Express_Solution_Agent_Guide,3247945R11,
Transamerica,fe_express_solution,ALL,75,female,N,5000-9999,select_nonsmoker,134.8,42,0.086,Transamerica_FE_Express_Solution_Agent_Guide,3247945R11,
Transamerica,fe_express_solution,ALL,75,female,Y,5000-9999,select_smoker,166.51,42,0.086,Transamerica_FE_Express_Solution_Agent_Guide,3247945R11,
Transamerica,fe_express_solution,ALL,75,male,N,5000-9999,select_nonsmoker,176.61,42,0.086,Transamerica_FE_Express_Solution_Agent_Guide,3247945R11,
Transamerica,fe_express_solution,ALL,75,male,Y,5000-9999,select_smoker,231.75,42,0.086,Transamerica_FE_Express_Solution_Agent_Guide,3247945R11,
Transamerica,fe_express_solution,ALL,76,female,N,5000-9999,select_nonsmoker,144.93,42,0.086,Transamerica_FE_Express_Solution_Agent_Guide,3247945R11,
Transamerica,fe_express_solution,ALL,76,female,Y,5000-9999,select_smoker,177.53,42,0.086,Transamerica_FE_Express_Solution_Agent_Guide,3247945R11,
Transamerica,fe_express_solution,ALL,76,male,N,5000-9999,select_nonsmoker,191.61,42,0.086,Transamerica_FE_Express_Solution_Agent_Guide,3247945R11,
Transamerica,fe_express_solution,ALL,76,male,Y,5000-9999,select_smoker,250.27,42,0.086,Transamerica_FE_Express_Solution_Agent_Guide,3247945R11,
Transamerica,fe_express_solution,ALL,77,female,N,5000-9999,select_nonsmoker,155.07,42,0.086,Transamerica_FE_Express_Solution_Agent_Guide,3247945R11,
Transamerica,fe_express_solution,ALL,77,female,Y,5000-9999,select_smoker,188.54,42,0.086,Transamerica_FE_Express_Solution_Agent_Guide,3247945R11,
Transamerica,fe_express_solution,ALL,77,male,N,5000-9999,select_nonsmoker,207.43,42,0.086,Transamerica_FE_Express_Solution_Agent_Guide,3247945R11,
Transamerica,fe_express_solution,ALL,77,male,Y,5000-9999,select_smoker,268.78,42,0.086,Transamerica_FE_Express_Solution_Agent_Guide,3247945R11,
Transamerica,fe_express_solution,ALL,78,female,N,5000-9999,select_nonsmoker,165.2,42,0.086,Transamerica_FE_Express_Solution_Agent_Guide,3247945R11,
Transamerica,fe_express_solution,ALL,78,female,Y,5000-9999,select_smoker,199.56,42,0.086,Transamerica_FE_Express_Solution_Agent_Guide,3247945R11,
Transamerica,fe_express_solution,ALL,78,male,N,5000-9999,select_nonsmoker,223.25,42,0.086,Transamerica_FE_Express_Solution_Agent_Guide,3247945R11,
Transamerica,fe_express_solution,ALL,78,male,Y,5000-9999,select_smoker,287.3,42,0.086,Transamerica_FE_Express_Solution_Agent_Guide,3247945R11,
Transamerica,fe_express_solution,ALL,79,female,N,5000-9999,select_nonsmoker,175.34,42,0.086,Transamerica_FE_Express_Solution_Agent_Guide,3247945R11,
Transamerica,fe_express_solution,ALL,79,female,Y,5000-9999,select_smoker,210.57,42,0.086,Transamerica_FE_Express_Solution_Agent_Guide,3247945R11,
Transamerica,fe_express_solution,ALL,79,male,N,5000-9999,select_nonsmoker,239.08,42,0.086,Transamerica_FE_Express_Solution_Agent_Guide,3247945R11,
Transamerica,fe_express_solution,ALL,79,male,Y,5000-9999,select_smoker,305.82,42,0.086,Transamerica_FE_Express_Solution_Agent_Guide,3247945R11,
Transamerica,fe_express_solution,ALL,80,female,N,5000-9999,select_nonsmoker,185.47,42,0.086,Transamerica_FE_Express_Solution_Agent_Guide,3247945R11,
Transamerica,fe_express_solution,ALL,80,female,Y,5000-9999,select_smoker,221.59,42,0.086,Transamerica_FE_Express_Solution_Agent_Guide,3247945R11,
Transamerica,fe_express_solution,ALL,80,male,N,5000-9999,select_nonsmoker,254.9,42,0.086,Transamerica_FE_Express_Solution_Agent_Guide,3247945R11,
Transamerica,fe_express_solution,ALL,80,male,Y,5000-9999,select_smoker,24.34,42,0.086,Transamerica_FE_Express_Solution_Agent_Guide,3247945R11,VERIFY_OCR_possible_error
Transamerica,fe_express_solution,ALL,81,female,N,5000-9999,select_nonsmoker,206.83,42,0.086,Transamerica_FE_Express_Solution_Agent_Guide,3247945R11,
Transamerica,fe_express_solution,ALL,81,female,Y,5000-9999,select_smoker,248.69,42,0.086,Transamerica_FE_Express_Solution_Agent_Guide,3247945R11,
Transamerica,fe_express_solution,ALL,81,male,N,5000-9999,select_nonsmoker,289.38,42,0.086,Transamerica_FE_Express_Solution_Agent_Guide,3247945R11,
Transamerica,fe_express_solution,ALL,81,male,Y,5000-9999,select_smoker,369.99,42,0.086,Transamerica_FE_Express_Solution_Agent_Guide,3247945R11,
Transamerica,fe_express_solution,ALL,82,female,N,5000-9999,select_nonsmoker,228.19,42,0.086,Transamerica_FE_Express_Solution_Agent_Guide,3247945R11,
Transamerica,fe_express_solution,ALL,82,female,Y,5000-9999,select_smoker,275.78,42,0.086,Transamerica_FE_Express_Solution_Agent_Guide,3247945R11,
Transamerica,fe_express_solution,ALL,82,male,N,5000-9999,select_nonsmoker,323.86,42,0.086,Transamerica_FE_Express_Solution_Agent_Guide,3247945R11,
Transamerica,fe_express_solution,ALL,82,male,Y,5000-9999,select_smoker,15.64,42,0.086,Transamerica_FE_Express_Solution_Agent_Guide,3247945R11,VERIFY_OCR_possible_error
Transamerica,fe_express_solution,ALL,83,female,N,5000-9999,select_nonsmoker,249.55,42,0.086,Transamerica_FE_Express_Solution_Agent_Guide,3247945R11,
Transamerica,fe_express_solution,ALL,83,female,Y,5000-9999,select_smoker,302.88,42,0.086,Transamerica_FE_Express_Solution_Agent_Guide,3247945R11,
Transamerica,fe_express_solution,ALL,83,male,N,5000-9999,select_nonsmoker,360.62,42,0.086,Transamerica_FE_Express_Solution_Agent_Guide,3247945R11,
Transamerica,fe_express_solution,ALL,83,male,Y,5000-9999,select_smoker,461.29,42,0.086,Transamerica_FE_Express_Solution_Agent_Guide,3247945R11,
Transamerica,fe_express_solution,ALL,84,female,N,5000-9999,select_nonsmoker,270.91,42,0.086,Transamerica_FE_Express_Solution_Agent_Guide,3247945R11,
Transamerica,fe_express_solution,ALL,84,female,Y,5000-9999,select_smoker,329.98,42,0.086,Transamerica_FE_Express_Solution_Agent_Guide,3247945R11,
Transamerica,fe_express_solution,ALL,84,male,N,5000-9999,select_nonsmoker,397.69,42,0.086,Transamerica_FE_Express_Solution_Agent_Guide,3247945R11,
Transamerica,fe_express_solution,ALL,84,male,Y,5000-9999,select_smoker,506.94,42,0.086,Transamerica_FE_Express_Solution_Agent_Guide,3247945R11,
Transamerica,fe_express_solution,ALL,85,female,N,5000-9999,select_nonsmoker,292.27,42,0.086,Transamerica_FE_Express_Solution_Agent_Guide,3247945R11,
Transamerica,fe_express_solution,ALL,85,female,Y,5000-9999,select_smoker,357.08,42,0.086,Transamerica_FE_Express_Solution_Agent_Guide,3247945R11,
Transamerica,fe_express_solution,ALL,85,male,N,5000-9999,select_nonsmoker,434.77,42,0.086,Transamerica_FE_Express_Solution_Agent_Guide,3247945R11,
Transamerica,fe_express_solution,ALL,85,male,Y,5000-9999,select_smoker,552.59,42,0.086,Transamerica_FE_Express_Solution_Agent_Guide,3247945R11,
Transamerica,fe_express_solution,ALL,18,female,N,10000-24999,premier,17.73,42,0.086,Transamerica_FE_Express_Solution_Agent_Guide,3247945R11,
Transamerica,fe_express_solution,ALL,18,female,N,10000-24999,select_nonsmoker,19.38,42,0.086,Transamerica_FE_Express_Solution_Agent_Guide,3247945R11,
Transamerica,fe_express_solution,ALL,18,female,Y,10000-24999,select_smoker,33.04,42,0.086,Transamerica_FE_Express_Solution_Agent_Guide,3247945R11,
Transamerica,fe_express_solution,ALL,18,male,N,10000-24999,premier,19.03,42,0.086,Transamerica_FE_Express_Solution_Agent_Guide,3247945R11,
Transamerica,fe_express_solution,ALL,18,male,N,10000-24999,select_nonsmoker,21.92,42,0.086,Transamerica_FE_Express_Solution_Agent_Guide,3247945R11,
Transamerica,fe_express_solution,ALL,18,male,Y,10000-24999,select_smoker,36.08,42,0.086,Transamerica_FE_Express_Solution_Agent_Guide,3247945R11,
Transamerica,fe_express_solution,ALL,19,female,N,10000-24999,premier,19.01,42,0.086,Transamerica_FE_Express_Solution_Agent_Guide,3247945R11,
Transamerica,fe_express_solution,ALL,19,female,N,10000-24999,select_nonsmoker,20.79,42,0.086,Transamerica_FE_Express_Solution_Agent_Guide,3247945R11,
Transamerica,fe_express_solution,ALL,19,female,Y,10000-24999,select_smoker,35.41,42,0.086,Transamerica_FE_Express_Solution_Agent_Guide,3247945R11,
Transamerica,fe_express_solution,ALL,19,male,N,10000-24999,premier,20.39,42,0.086,Transamerica_FE_Express_Solution_Agent_Guide,3247945R11,
Transamerica,fe_express_solution,ALL,19,male,N,10000-24999,select_nonsmoker,23.48,42,0.086,Transamerica_FE_Express_Solution_Agent_Guide,3247945R11,
Transamerica,fe_express_solution,ALL,19,male,Y,10000-24999,select_smoker,38.55,42,0.086,Transamerica_FE_Express_Solution_Agent_Guide,3247945R11,
Transamerica,fe_express_solution,ALL,20,female,N,10000-24999,premier,19.66,42,0.086,Transamerica_FE_Express_Solution_Agent_Guide,3247945R11,
Transamerica,fe_express_solution,ALL,20,female,N,10000-24999,select_nonsmoker,21.5,42,0.086,Transamerica_FE_Express_Solution_Agent_Guide,3247945R11,
Transamerica,fe_express_solution,ALL,20,female,Y,10000-24999,select_smoker,37.77,42,0.086,Transamerica_FE_Express_Solution_Agent_Guide,3247945R11,
Transamerica,fe_express_solution,ALL,20,male,N,10000-24999,premier,21.08,42,0.086,Transamerica_FE_Express_Solution_Agent_Guide,3247945R11,
Transamerica,fe_express_solution,ALL,20,male,N,10000-24999,select_nonsmoker,24.26,42,0.086,Transamerica_FE_Express_Solution_Agent_Guide,3247945R11,
Transamerica,fe_express_solution,ALL,20,male,Y,10000-24999,select_smoker,41.01,42,0.086,Transamerica_FE_Express_Solution_Agent_Guide,3247945R11,
Transamerica,fe_express_solution,ALL,21,female,N,10000-24999,premier,19.93,42,0.086,Transamerica_FE_Express_Solution_Agent_Guide,3247945R11,
Transamerica,fe_express_solution,ALL,21,female,N,10000-24999,select_nonsmoker,21.88,42,0.086,Transamerica_FE_Express_Solution_Agent_Guide,3247945R11,
Transamerica,fe_express_solution,ALL,21,female,Y,10000-24999,select_smoker,38.45,42,0.086,Transamerica_FE_Express_Solution_Agent_Guide,3247945R11,
Transamerica,fe_express_solution,ALL,21,male,N,10000-24999,premier,21.27,42,0.086,Transamerica_FE_Express_Solution_Agent_Guide,3247945R11,
Transamerica,fe_express_solution,ALL,21,male,N,10000-24999,select_nonsmoker,24.46,42,0.086,Transamerica_FE_Express_Solution_Agent_Guide,3247945R11,
Transamerica,fe_express_solution,ALL,21,male,Y,10000-24999,select_smoker,41.49,42,0.086,Transamerica_FE_Express_Solution_Agent_Guide,3247945R11,
Transamerica,fe_express_solution,ALL,22,female,N,10000-24999,premier,20.19,42,0.086,Transamerica_FE_Express_Solution_Agent_Guide,3247945R11,
Transamerica,fe_express_solution,ALL,22,female,N,10000-24999,select_nonsmoker,22.26,42,0.086,Transamerica_FE_Express_Solution_Agent_Guide,3247945R11,
Transamerica,fe_express_solution,ALL,22,female,Y,10000-24999,select_smoker,39.13,42,0.086,Transamerica_FE_Express_Solution_Agent_Guide,3247945R11,
Transamerica,fe_express_solution,ALL,22,male,N,10000-24999,premier,21.47,42,0.086,Transamerica_FE_Express_Solution_Agent_Guide,3247945R11,
Transamerica,fe_express_solution,ALL,22,male,N,10000-24999,select_nonsmoker,24.65,42,0.086,Transamerica_FE_Express_Solution_Agent_Guide,3247945R11,
Transamerica,fe_express_solution,ALL,22,male,Y,10000-24999,select_smoker,41.97,42,0.086,Transamerica_FE_Express_Solution_Agent_Guide,3247945R11,
Transamerica,fe_express_solution,ALL,23,female,N,10000-24999,premier,20.46,42,0.086,Transamerica_FE_Express_Solution_Agent_Guide,3247945R11,
Transamerica,fe_express_solution,ALL,23,female,N,10000-24999,select_nonsmoker,22.64,42,0.086,Transamerica_FE_Express_Solution_Agent_Guide,3247945R11,
Transamerica,fe_express_solution,ALL,23,female,Y,10000-24999,select_smoker,39.81,42,0.086,Transamerica_FE_Express_Solution_Agent_Guide,3247945R11,
Transamerica,fe_express_solution,ALL,23,male,N,10000-24999,premier,21.67,42,0.086,Transamerica_FE_Express_Solution_Agent_Guide,3247945R11,
Transamerica,fe_express_solution,ALL,23,male,N,10000-24999,select_nonsmoker,24.84,42,0.086,Transamerica_FE_Express_Solution_Agent_Guide,3247945R11,
Transamerica,fe_express_solution,ALL,23,male,Y,10000-24999,select_smoker,42.46,42,0.086,Transamerica_FE_Express_Solution_Agent_Guide,3247945R11,
Transamerica,fe_express_solution,ALL,24,female,N,10000-24999,premier,20.73,42,0.086,Transamerica_FE_Express_Solution_Agent_Guide,3247945R11,
Transamerica,fe_express_solution,ALL,24,female,N,10000-24999,select_nonsmoker,23.02,42,0.086,Transamerica_FE_Express_Solution_Agent_Guide,3247945R11,
Transamerica,fe_express_solution,ALL,24,female,Y,10000-24999,select_smoker,40.48,42,0.086,Transamerica_FE_Express_Solution_Agent_Guide,3247945R11,
Transamerica,fe_express_solution,ALL,24,male,N,10000-24999,premier,21.87,42,0.086,Transamerica_FE_Express_Solution_Agent_Guide,3247945R11,
Transamerica,fe_express_solution,ALL,24,male,N,10000-24999,select_nonsmoker,25.03,42,0.086,Transamerica_FE_Express_Solution_Agent_Guide,3247945R11,
Transamerica,fe_express_solution,ALL,24,male,Y,10000-24999,select_smoker,42.94,42,0.086,Transamerica_FE_Express_Solution_Agent_Guide,3247945R11,
Transamerica,fe_express_solution,ALL,25,female,N,10000-24999,premier,21.0,42,0.086,Transamerica_FE_Express_Solution_Agent_Guide,3247945R11,
Transamerica,fe_express_solution,ALL,25,female,N,10000-24999,select_nonsmoker,23.4,42,0.086,Transamerica_FE_Express_Solution_Agent_Guide,3247945R11,
Transamerica,fe_express_solution,ALL,25,female,Y,10000-24999,select_smoker,41.16,42,0.086,Transamerica_FE_Express_Solution_Agent_Guide,3247945R11,
Transamerica,fe_express_solution,ALL,25,male,N,10000-24999,premier,22.07,42,0.086,Transamerica_FE_Express_Solution_Agent_Guide,3247945R11,
Transamerica,fe_express_solution,ALL,25,male,N,10000-24999,select_nonsmoker,25.23,42,0.086,Transamerica_FE_Express_Solution_Agent_Guide,3247945R11,
Transamerica,fe_express_solution,ALL,25,male,Y,10000-24999,select_smoker,43.42,42,0.086,Transamerica_FE_Express_Solution_Agent_Guide,3247945R11,
Transamerica,fe_express_solution,ALL,26,female,N,10000-24999,premier,21.78,42,0.086,Transamerica_FE_Express_Solution_Agent_Guide,3247945R11,
Transamerica,fe_express_solution,ALL,26,female,N,10000-24999,select_nonsmoker,24.29,42,0.086,Transamerica_FE_Express_Solution_Agent_Guide,3247945R11,
Transamerica,fe_express_solution,ALL,26,female,Y,10000-24999,select_smoker,42.95,42,0.086,Transamerica_FE_Express_Solution_Agent_Guide,3247945R11,
Transamerica,fe_express_solution,ALL,26,male,N,10000-24999,premier,22.85,42,0.086,Transamerica_FE_Express_Solution_Agent_Guide,3247945R11,
Transamerica,fe_express_solution,ALL,26,male,N,10000-24999,select_nonsmoker,26.06,42,0.086,Transamerica_FE_Express_Solution_Agent_Guide,3247945R11,
Transamerica,fe_express_solution,ALL,26,male,Y,10000-24999,select_smoker,45.15,42,0.086,Transamerica_FE_Express_Solution_Agent_Guide,3247945R11,
Transamerica,fe_express_solution,ALL,27,female,N,10000-24999,premier,22.55,42,0.086,Transamerica_FE_Express_Solution_Agent_Guide,3247945R11,
Transamerica,fe_express_solution,ALL,27,female,N,10000-24999,select_nonsmoker,25.19,42,0.086,Transamerica_FE_Express_Solution_Agent_Guide,3247945R11,
Transamerica,fe_express_solution,ALL,27,female,Y,10000-24999,select_smoker,44.75,42,0.086,Transamerica_FE_Express_Solution_Agent_Guide,3247945R11,
Transamerica,fe_express_solution,ALL,27,male,N,10000-24999,premier,23.62,42,0.086,Transamerica_FE_Express_Solution_Agent_Guide,3247945R11,
Transamerica,fe_express_solution,ALL,27,male,N,10000-24999,select_nonsmoker,26.89,42,0.086,Transamerica_FE_Express_Solution_Agent_Guide,3247945R11,
Transamerica,fe_express_solution,ALL,27,male,Y,10000-24999,select_smoker,46.88,42,0.086,Transamerica_FE_Express_Solution_Agent_Guide,3247945R11,
Transamerica,fe_express_solution,ALL,28,female,N,10000-24999,premier,23.33,42,0.086,Transamerica_FE_Express_Solution_Agent_Guide,3247945R11,
Transamerica,fe_express_solution,ALL,28,female,N,10000-24999,select_nonsmoker,26.08,42,0.086,Transamerica_FE_Express_Solution_Agent_Guide,3247945R11,
Transamerica,fe_express_solution,ALL,28,female,Y,10000-24999,select_smoker,46.54,42,0.086,Transamerica_FE_Express_Solution_Agent_Guide,3247945R11,
Transamerica,fe_express_solution,ALL,28,male,N,10000-24999,premier,24.4,42,0.086,Transamerica_FE_Express_Solution_Agent_Guide,3247945R11,
Transamerica,fe_express_solution,ALL,28,male,N,10000-24999,select_nonsmoker,27.72,42,0.086,Transamerica_FE_Express_Solution_Agent_Guide,3247945R11,
Transamerica,fe_express_solution,ALL,28,male,Y,10000-24999,select_smoker,48.61,42,0.086,Transamerica_FE_Express_Solution_Agent_Guide,3247945R11,
Transamerica,fe_express_solution,ALL,29,female,N,10000-24999,premier,24.11,42,0.086,Transamerica_FE_Express_Solution_Agent_Guide,3247945R11,
Transamerica,fe_express_solution,ALL,29,female,N,10000-24999,select_nonsmoker,26.97,42,0.086,Transamerica_FE_Express_Solution_Agent_Guide,3247945R11,
Transamerica,fe_express_solution,ALL,29,female,Y,10000-24999,select_smoker,48.33,42,0.086,Transamerica_FE_Express_Solution_Agent_Guide,3247945R11,
Transamerica,fe_express_solution,ALL,29,male,N,10000-24999,premier,25.18,42,0.086,Transamerica_FE_Express_Solution_Agent_Guide,3247945R11,
Transamerica,fe_express_solution,ALL,29,male,N,10000-24999,select_nonsmoker,28.56,42,0.086,Transamerica_FE_Express_Solution_Agent_Guide,3247945R11,
Transamerica,fe_express_solution,ALL,29,male,Y,10000-24999,select_smoker,50.34,42,0.086,Transamerica_FE_Express_Solution_Agent_Guide,3247945R11,
Transamerica,fe_express_solution,ALL,30,female,N,10000-24999,premier,24.89,42,0.086,Transamerica_FE_Express_Solution_Agent_Guide,3247945R11,
Transamerica,fe_express_solution,ALL,30,female,N,10000-24999,select_nonsmoker,27.87,42,0.086,Transamerica_FE_Express_Solution_Agent_Guide,3247945R11,
Transamerica,fe_express_solution,ALL,30,female,Y,10000-24999,select_smoker,50.12,42,0.086,Transamerica_FE_Express_Solution_Agent_Guide,3247945R11,
Transamerica,fe_express_solution,ALL,30,male,N,10000-24999,premier,25.96,42,0.086,Transamerica_FE_Express_Solution_Agent_Guide,3247945R11,
Transamerica,fe_express_solution,ALL,30,male,N,10000-24999,select_nonsmoker,29.39,42,0.086,Transamerica_FE_Express_Solution_Agent_Guide,3247945R11,
Transamerica,fe_express_solution,ALL,30,male,Y,10000-24999,select_smoker,52.07,42,0.086,Transamerica_FE_Express_Solution_Agent_Guide,3247945R11,
Transamerica,fe_express_solution,ALL,31,female,N,10000-24999,premier,25.27,42,0.086,Transamerica_FE_Express_Solution_Agent_Guide,3247945R11,
Transamerica,fe_express_solution,ALL,31,female,N,10000-24999,select_nonsmoker,28.39,42,0.086,Transamerica_FE_Express_Solution_Agent_Guide,3247945R11,
Transamerica,fe_express_solution,ALL,31,female,Y,10000-24999,select_smoker,51.08,42,0.086,Transamerica_FE_Express_Solution_Agent_Guide,3247945R11,
Transamerica,fe_express_solution,ALL,31,male,N,10000-24999,premier,26.4,42,0.086,Transamerica_FE_Express_Solution_Agent_Guide,3247945R11,
Transamerica,fe_express_solution,ALL,31,male,N,10000-24999,select_nonsmoker,30.02,42,0.086,Transamerica_FE_Express_Solution_Agent_Guide,3247945R11,
Transamerica,fe_express_solution,ALL,31,male,Y,10000-24999,select_smoker,53.36,42,0.086,Transamerica_FE_Express_Solution_Agent_Guide,3247945R11,
Transamerica,fe_express_solution,ALL,32,female,N,10000-24999,premier,25.65,42,0.086,Transamerica_FE_Express_Solution_Agent_Guide,3247945R11,
Transamerica,fe_express_solution,ALL,32,female,N,10000-24999,select_nonsmoker,28.9,42,0.086,Transamerica_FE_Express_Solution_Agent_Guide,3247945R11,
Transamerica,fe_express_solution,ALL,32,female,Y,10000-24999,select_smoker,52.04,42,0.086,Transamerica_FE_Express_Solution_Agent_Guide,3247945R11,
Transamerica,fe_express_solution,ALL,32,male,N,10000-24999,premier,26.85,42,0.086,Transamerica_FE_Express_Solution_Agent_Guide,3247945R11,
Transamerica,fe_express_solution,ALL,32,male,N,10000-24999,select_nonsmoker,30.64,42,0.086,Transamerica_FE_Express_Solution_Agent_Guide,3247945R11,
Transamerica,fe_express_solution,ALL,32,male,Y,10000-24999,select_smoker,54.65,42,0.086,Transamerica_FE_Express_Solution_Agent_Guide,3247945R11,
Transamerica,fe_express_solution,ALL,33,female,N,10000-24999,premier,26.04,42,0.086,Transamerica_FE_Express_Solution_Agent_Guide,3247945R11,
Transamerica,fe_express_solution,ALL,33,female,N,10000-24999,select_nonsmoker,29.42,42,0.086,Transamerica_FE_Express_Solution_Agent_Guide,3247945R11,
Transamerica,fe_express_solution,ALL,33,female,Y,10000-24999,select_smoker,52.99,42,0.086,Transamerica_FE_Express_Solution_Agent_Guide,3247945R11,
Transamerica,fe_express_solution,ALL,33,male,N,10000-24999,premier,27.3,42,0.086,Transamerica_FE_Express_Solution_Agent_Guide,3247945R11,
Transamerica,fe_express_solution,ALL,33,male,N,10000-24999,select_nonsmoker,31.27,42,0.086,Transamerica_FE_Express_Solution_Agent_Guide,3247945R11,
Transamerica,fe_express_solution,ALL,33,male,Y,10000-24999,select_smoker,55.94,42,0.086,Transamerica_FE_Express_Solution_Agent_Guide,3247945R11,
Transamerica,fe_express_solution,ALL,34,female,N,10000-24999,premier,26.42,42,0.086,Transamerica_FE_Express_Solution_Agent_Guide,3247945R11,
Transamerica,fe_express_solution,ALL,34,female,N,10000-24999,select_nonsmoker,29.94,42,0.086,Transamerica_FE_Express_Solution_Agent_Guide,3247945R11,
Transamerica,fe_express_solution,ALL,34,female,Y,10000-24999,select_smoker,53.95,42,0.086,Transamerica_FE_Express_Solution_Agent_Guide,3247945R11,
Transamerica,fe_express_solution,ALL,34,male,N,10000-24999,premier,27.74,42,0.086,Transamerica_FE_Express_Solution_Agent_Guide,3247945R11,
Transamerica,fe_express_solution,ALL,34,male,N,10000-24999,select_nonsmoker,31.9,42,0.086,Transamerica_FE_Express_Solution_Agent_Guide,3247945R11,
Transamerica,fe_express_solution,ALL,34,male,Y,10000-24999,select_smoker,57.23,42,0.086,Transamerica_FE_Express_Solution_Agent_Guide,3247945R11,
Transamerica,fe_express_solution,ALL,35,female,N,10000-24999,premier,26.8,42,0.086,Transamerica_FE_Express_Solution_Agent_Guide,3247945R11,
Transamerica,fe_express_solution,ALL,35,female,N,10000-24999,select_nonsmoker,30.46,42,0.086,Transamerica_FE_Express_Solution_Agent_Guide,3247945R11,
Transamerica,fe_express_solution,ALL,35,female,Y,10000-24999,select_smoker,54.91,42,0.086,Transamerica_FE_Express_Solution_Agent_Guide,3247945R11,
Transamerica,fe_express_solution,ALL,35,male,N,10000-24999,premier,28.19,42,0.086,Transamerica_FE_Express_Solution_Agent_Guide,3247945R11,
Transamerica,fe_express_solution,ALL,35,male,N,10000-24999,select_nonsmoker,32.52,42,0.086,Transamerica_FE_Express_Solution_Agent_Guide,3247945R11,
Transamerica,fe_express_solution,ALL,35,male,Y,10000-24999,select_smoker,58.53,42,0.086,Transamerica_FE_Express_Solution_Agent_Guide,3247945R11,
Transamerica,fe_express_solution,ALL,36,female,N,10000-24999,premier,27.04,42,0.086,Transamerica_FE_Express_Solution_Agent_Guide,3247945R11,
Transamerica,fe_express_solution,ALL,36,female,N,10000-24999,select_nonsmoker,30.95,42,0.086,Transamerica_FE_Express_Solution_Agent_Guide,3247945R11,
Transamerica,fe_express_solution,ALL,36,female,Y,10000-24999,select_smoker,55.76,42,0.086,Transamerica_FE_Express_Solution_Agent_Guide,3247945R11,
Transamerica,fe_express_solution,ALL,36,male,N,10000-24999,premier,28.47,42,0.086,Transamerica_FE_Express_Solution_Agent_Guide,3247945R11,
Transamerica,fe_express_solution,ALL,36,male,N,10000-24999,select_nonsmoker,33.07,42,0.086,Transamerica_FE_Express_Solution_Agent_Guide,3247945R11,
Transamerica,fe_express_solution,ALL,36,male,Y,10000-24999,select_smoker,59.43,42,0.086,Transamerica_FE_Express_Solution_Agent_Guide,3247945R11,
Transamerica,fe_express_solution,ALL,37,female,N,10000-24999,premier,27.28,42,0.086,Transamerica_FE_Express_Solution_Agent_Guide,3247945R11,
Transamerica,fe_express_solution,ALL,37,female,N,10000-24999,select_nonsmoker,31.44,42,0.086,Transamerica_FE_Express_Solution_Agent_Guide,3247945R11,
Transamerica,fe_express_solution,ALL,37,female,Y,10000-24999,select_smoker,56.62,42,0.086,Transamerica_FE_Express_Solution_Agent_Guide,3247945R11,
Transamerica,fe_express_solution,ALL,37,male,N,10000-24999,premier,28.75,42,0.086,Transamerica_FE_Express_Solution_Agent_Guide,3247945R11,
Transamerica,fe_express_solution,ALL,37,male,N,10000-24999,select_nonsmoker,33.61,42,0.086,Transamerica_FE_Express_Solution_Agent_Guide,3247945R11,
Transamerica,fe_express_solution,ALL,37,male,Y,10000-24999,select_smoker,60.33,42,0.086,Transamerica_FE_Express_Solution_Agent_Guide,3247945R11,
Transamerica,fe_express_solution,ALL,38,female,N,10000-24999,premier,27.52,42,0.086,Transamerica_FE_Express_Solution_Agent_Guide,3247945R11,
Transamerica,fe_express_solution,ALL,38,female,N,10000-24999,select_nonsmoker,31.93,42,0.086,Transamerica_FE_Express_Solution_Agent_Guide,3247945R11,
Transamerica,fe_express_solution,ALL,38,female,Y,10000-24999,select_smoker,57.47,42,0.086,Transamerica_FE_Express_Solution_Agent_Guide,3247945R11,
Transamerica,fe_express_solution,ALL,38,male,N,10000-24999,premier,29.04,42,0.086,Transamerica_FE_Express_Solution_Agent_Guide,3247945R11,
Transamerica,fe_express_solution,ALL,38,male,N,10000-24999,select_nonsmoker,34.15,42,0.086,Transamerica_FE_Express_Solution_Agent_Guide,3247945R11,
Transamerica,fe_express_solution,ALL,38,male,Y,10000-24999,select_smoker,61.23,42,0.086,Transamerica_FE_Express_Solution_Agent_Guide,3247945R11,
Transamerica,fe_express_solution,ALL,39,female,N,10000-24999,premier,27.76,42,0.086,Transamerica_FE_Express_Solution_Agent_Guide,3247945R11,
Transamerica,fe_express_solution,ALL,39,female,N,10000-24999,select_nonsmoker,32.42,42,0.086,Transamerica_FE_Express_Solution_Agent_Guide,3247945R11,
Transamerica,fe_express_solution,ALL,39,female,Y,10000-24999,select_smoker,58.32,42,0.086,Transamerica_FE_Express_Solution_Agent_Guide,3247945R11,
Transamerica,fe_express_solution,ALL,39,male,N,10000-24999,premier,29.32,42,0.086,Transamerica_FE_Express_Solution_Agent_Guide,3247945R11,
Transamerica,fe_express_solution,ALL,39,male,N,10000-24999,select_nonsmoker,34.7,42,0.086,Transamerica_FE_Express_Solution_Agent_Guide,3247945R11,
Transamerica,fe_express_solution,ALL,39,male,Y,10000-24999,select_smoker,62.13,42,0.086,Transamerica_FE_Express_Solution_Agent_Guide,3247945R11,
Transamerica,fe_express_solution,ALL,40,female,N,10000-24999,premier,24.84,42,0.086,Transamerica_FE_Express_Solution_Agent_Guide,3247945R11,
Transamerica,fe_express_solution,ALL,40,female,N,10000-24999,select_nonsmoker,40.78,42,0.086,Transamerica_FE_Express_Solution_Agent_Guide,3247945R11,
Transamerica,fe_express_solution,ALL,40,female,Y,10000-24999,select_smoker,59.18,42,0.086,Transamerica_FE_Express_Solution_Agent_Guide,3247945R11,
Transamerica,fe_express_solution,ALL,40,male,N,10000-24999,premier,27.68,42,0.086,Transamerica_FE_Express_Solution_Agent_Guide,3247945R11,
Transamerica,fe_express_solution,ALL,40,male,N,10000-24999,select_nonsmoker,43.86,42,0.086,Transamerica_FE_Express_Solution_Agent_Guide,3247945R11,
Transamerica,fe_express_solution,ALL,40,male,Y,10000-24999,select_smoker,63.03,42,0.086,Transamerica_FE_Express_Solution_Agent_Guide,3247945R11,
Transamerica,fe_express_solution,ALL,41,female,N,10000-24999,premier,25.3,42,0.086,Transamerica_FE_Express_Solution_Agent_Guide,3247945R11,
Transamerica,fe_express_solution,ALL,41,female,N,10000-24999,select_nonsmoker,41.21,42,0.086,Transamerica_FE_Express_Solution_Agent_Guide,3247945R11,
Transamerica,fe_express_solution,ALL,41,female,Y,10000-24999,select_smoker,61.99,42,0.086,Transamerica_FE_Express_Solution_Agent_Guide,3247945R11,
Transamerica,fe_express_solution,ALL,41,male,N,10000-24999,premier,28.37,42,0.086,Transamerica_FE_Express_Solution_Agent_Guide,3247945R11,
Transamerica,fe_express_solution,ALL,41,male,N,10000-24999,select_nonsmoker,44.51,42,0.086,Transamerica_FE_Express_Solution_Agent_Guide,3247945R11,
Transamerica,fe_express_solution,ALL,41,male,Y,10000-24999,select_smoker,66.07,42,0.086,Transamerica_FE_Express_Solution_Agent_Guide,3247945R11,
Transamerica,fe_express_solution,ALL,42,female,N,10000-24999,premier,25.77,42,0.086,Transamerica_FE_Express_Solution_Agent_Guide,3247945R11,
Transamerica,fe_express_solution,ALL,42,female,N,10000-24999,select_nonsmoker,41.65,42,0.086,Transamerica_FE_Express_Solution_Agent_Guide,3247945R11,
Transamerica,fe_express_solution,ALL,42,female,Y,10000-24999,select_smoker,64.81,42,0.086,Transamerica_FE_Express_Solution_Agent_Guide,3247945R11,
Transamerica,fe_express_solution,ALL,42,male,N,10000-24999,premier,29.06,42,0.086,Transamerica_FE_Express_Solution_Agent_Guide,3247945R11,
Transamerica,fe_express_solution,ALL,42,male,N,10000-24999,select_nonsmoker,45.16,42,0.086,Transamerica_FE_Express_Solution_Agent_Guide,3247945R11,
Transamerica,fe_express_solution,ALL,42,male,Y,10000-24999,select_smoker,69.11,42,0.086,Transamerica_FE_Express_Solution_Agent_Guide,3247945R11,
Transamerica,fe_express_solution,ALL,43,female,N,10000-24999,premier,26.24,42,0.086,Transamerica_FE_Express_Solution_Agent_Guide,3247945R11,
Transamerica,fe_express_solution,ALL,43,female,N,10000-24999,select_nonsmoker,42.09,42,0.086,Transamerica_FE_Express_Solution_Agent_Guide,3247945R11,
Transamerica,fe_express_solution,ALL,43,female,Y,10000-24999,select_smoker,67.62,42,0.086,Transamerica_FE_Express_Solution_Agent_Guide,3247945R11,
Transamerica,fe_express_solution,ALL,43,male,N,10000-24999,premier,29.74,42,0.086,Transamerica_FE_Express_Solution_Agent_Guide,3247945R11,
Transamerica,fe_express_solution,ALL,43,male,N,10000-24999,select_nonsmoker,45.8,42,0.086,Transamerica_FE_Express_Solution_Agent_Guide,3247945R11,
Transamerica,fe_express_solution,ALL,43,male,Y,10000-24999,select_smoker,72.14,42,0.086,Transamerica_FE_Express_Solution_Agent_Guide,3247945R11,
Transamerica,fe_express_solution,ALL,44,female,N,10000-24999,premier,26.71,42,0.086,Transamerica_FE_Express_Solution_Agent_Guide,3247945R11,
Transamerica,fe_express_solution,ALL,44,female,N,10000-24999,select_nonsmoker,42.53,42,0.086,Transamerica_FE_Express_Solution_Agent_Guide,3247945R11,
Transamerica,fe_express_solution,ALL,44,female,Y,10000-24999,select_smoker,70.44,42,0.086,Transamerica_FE_Express_Solution_Agent_Guide,3247945R11,
Transamerica,fe_express_solution,ALL,44,male,N,10000-24999,premier,30.43,42,0.086,Transamerica_FE_Express_Solution_Agent_Guide,3247945R11,
Transamerica,fe_express_solution,ALL,44,male,N,10000-24999,select_nonsmoker,46.45,42,0.086,Transamerica_FE_Express_Solution_Agent_Guide,3247945R11,
Transamerica,fe_express_solution,ALL,44,male,Y,10000-24999,select_smoker,75.18,42,0.086,Transamerica_FE_Express_Solution_Agent_Guide,3247945R11,
Transamerica,fe_express_solution,ALL,45,female,N,10000-24999,premier,27.17,42,0.086,Transamerica_FE_Express_Solution_Agent_Guide,3247945R11,
Transamerica,fe_express_solution,ALL,45,female,N,10000-24999,select_nonsmoker,42.96,42,0.086,Transamerica_FE_Express_Solution_Agent_Guide,3247945R11,
Transamerica,fe_express_solution,ALL,45,female,Y,10000-24999,select_smoker,73.25,42,0.086,Transamerica_FE_Express_Solution_Agent_Guide,3247945R11,
Transamerica,fe_express_solution,ALL,45,male,N,10000-24999,premier,31.11,42,0.086,Transamerica_FE_Express_Solution_Agent_Guide,3247945R11,
Transamerica,fe_express_solution,ALL,45,male,N,10000-24999,select_nonsmoker,47.1,42,0.086,Transamerica_FE_Express_Solution_Agent_Guide,3247945R11,
Transamerica,fe_express_solution,ALL,45,male,Y,10000-24999,select_smoker,78.22,42,0.086,Transamerica_FE_Express_Solution_Agent_Guide,3247945R11,
Transamerica,fe_express_solution,ALL,46,female,N,10000-24999,premier,27.65,42,0.086,Transamerica_FE_Express_Solution_Agent_Guide,3247945R11,
Transamerica,fe_express_solution,ALL,46,female,N,10000-24999,select_nonsmoker,43.53,42,0.086,Transamerica_FE_Express_Solution_Agent_Guide,3247945R11,
Transamerica,fe_express_solution,ALL,46,female,Y,10000-24999,select_smoker,72.92,42,0.086,Transamerica_FE_Express_Solution_Agent_Guide,3247945R11,
Transamerica,fe_express_solution,ALL,46,male,N,10000-24999,premier,31.94,42,0.086,Transamerica_FE_Express_Solution_Agent_Guide,3247945R11,
Transamerica,fe_express_solution,ALL,46,male,N,10000-24999,select_nonsmoker,47.93,42,0.086,Transamerica_FE_Express_Solution_Agent_Guide,3247945R11,
Transamerica,fe_express_solution,ALL,46,male,Y,10000-24999,select_smoker,78.5,42,0.086,Transamerica_FE_Express_Solution_Agent_Guide,3247945R11,
Transamerica,fe_express_solution,ALL,47,female,N,10000-24999,premier,28.13,42,0.086,Transamerica_FE_Express_Solution_Agent_Guide,3247945R11,
Transamerica,fe_express_solution,ALL,47,female,N,10000-24999,select_nonsmoker,44.11,42,0.086,Transamerica_FE_Express_Solution_Agent_Guide,3247945R11,
Transamerica,fe_express_solution,ALL,47,female,Y,10000-24999,select_smoker,72.59,42,0.086,Transamerica_FE_Express_Solution_Agent_Guide,3247945R11,
Transamerica,fe_express_solution,ALL,47,male,N,10000-24999,premier,32.78,42,0.086,Transamerica_FE_Express_Solution_Agent_Guide,3247945R11,
Transamerica,fe_express_solution,ALL,47,male,N,10000-24999,select_nonsmoker,48.77,42,0.086,Transamerica_FE_Express_Solution_Agent_Guide,3247945R11,
Transamerica,fe_express_solution,ALL,47,male,Y,10000-24999,select_smoker,78.78,42,0.086,Transamerica_FE_Express_Solution_Agent_Guide,3247945R11,
Transamerica,fe_express_solution,ALL,48,female,N,10000-24999,premier,28.6,42,0.086,Transamerica_FE_Express_Solution_Agent_Guide,3247945R11,
Transamerica,fe_express_solution,ALL,48,female,N,10000-24999,select_nonsmoker,44.68,42,0.086,Transamerica_FE_Express_Solution_Agent_Guide,3247945R11,
Transamerica,fe_express_solution,ALL,48,female,Y,10000-24999,select_smoker,72.26,42,0.086,Transamerica_FE_Express_Solution_Agent_Guide,3247945R11,
Transamerica,fe_express_solution,ALL,48,male,N,10000-24999,premier,33.61,42,0.086,Transamerica_FE_Express_Solution_Agent_Guide,3247945R11,
Transamerica,fe_express_solution,ALL,48,male,N,10000-24999,select_nonsmoker,49.6,42,0.086,Transamerica_FE_Express_Solution_Agent_Guide,3247945R11,
Transamerica,fe_express_solution,ALL,48,male,Y,10000-24999,select_smoker,79.07,42,0.086,Transamerica_FE_Express_Solution_Agent_Guide,3247945R11,
Transamerica,fe_express_solution,ALL,49,female,N,10000-24999,premier,29.08,42,0.086,Transamerica_FE_Express_Solution_Agent_Guide,3247945R11,
Transamerica,fe_express_solution,ALL,49,female,N,10000-24999,select_nonsmoker,45.25,42,0.086,Transamerica_FE_Express_Solution_Agent_Guide,3247945R11,
Transamerica,fe_express_solution,ALL,49,female,Y,10000-24999,select_smoker,71.93,42,0.086,Transamerica_FE_Express_Solution_Agent_Guide,3247945R11,
Transamerica,fe_express_solution,ALL,49,male,N,10000-24999,premier,34.44,42,0.086,Transamerica_FE_Express_Solution_Agent_Guide,3247945R11,
Transamerica,fe_express_solution,ALL,49,male,N,10000-24999,select_nonsmoker,50.43,42,0.086,Transamerica_FE_Express_Solution_Agent_Guide,3247945R11,
Transamerica,fe_express_solution,ALL,49,male,Y,10000-24999,select_smoker,79.35,42,0.086,Transamerica_FE_Express_Solution_Agent_Guide,3247945R11,
Transamerica,fe_express_solution,ALL,50,female,N,10000-24999,premier,29.56,42,0.086,Transamerica_FE_Express_Solution_Agent_Guide,3247945R11,
Transamerica,fe_express_solution,ALL,50,female,N,10000-24999,select_nonsmoker,45.82,42,0.086,Transamerica_FE_Express_Solution_Agent_Guide,3247945R11,
Transamerica,fe_express_solution,ALL,50,female,Y,10000-24999,select_smoker,71.6,42,0.086,Transamerica_FE_Express_Solution_Agent_Guide,3247945R11,
Transamerica,fe_express_solution,ALL,50,male,N,10000-24999,premier,35.27,42,0.086,Transamerica_FE_Express_Solution_Agent_Guide,3247945R11,
Transamerica,fe_express_solution,ALL,50,male,N,10000-24999,select_nonsmoker,51.27,42,0.086,Transamerica_FE_Express_Solution_Agent_Guide,3247945R11,
Transamerica,fe_express_solution,ALL,50,male,Y,10000-24999,select_smoker,79.63,42,0.086,Transamerica_FE_Express_Solution_Agent_Guide,3247945R11,
Transamerica,fe_express_solution,ALL,51,female,N,10000-24999,premier,30.45,42,0.086,Transamerica_FE_Express_Solution_Agent_Guide,3247945R11,
Transamerica,fe_express_solution,ALL,51,female,N,10000-24999,select_nonsmoker,46.42,42,0.086,Transamerica_FE_Express_Solution_Agent_Guide,3247945R11,
Transamerica,fe_express_solution,ALL,51,female,Y,10000-24999,select_smoker,73.99,42,0.086,Transamerica_FE_Express_Solution_Agent_Guide,3247945R11,
Transamerica,fe_express_solution,ALL,51,male,N,10000-24999,premier,36.49,42,0.086,Transamerica_FE_Express_Solution_Agent_Guide,3247945R11,
Transamerica,fe_express_solution,ALL,51,male,N,10000-24999,select_nonsmoker,52.54,42,0.086,Transamerica_FE_Express_Solution_Agent_Guide,3247945R11,
Transamerica,fe_express_solution,ALL,51,male,Y,10000-24999,select_smoker,83.48,42,0.086,Transamerica_FE_Express_Solution_Agent_Guide,3247945R11,
Transamerica,fe_express_solution,ALL,52,female,N,10000-24999,premier,31.34,42,0.086,Transamerica_FE_Express_Solution_Agent_Guide,3247945R11,
Transamerica,fe_express_solution,ALL,52,female,N,10000-24999,select_nonsmoker,47.01,42,0.086,Transamerica_FE_Express_Solution_Agent_Guide,3247945R11,
Transamerica,fe_express_solution,ALL,52,female,Y,10000-24999,select_smoker,76.38,42,0.086,Transamerica_FE_Express_Solution_Agent_Guide,3247945R11,
Transamerica,fe_express_solution,ALL,52,male,N,10000-24999,premier,37.72,42,0.086,Transamerica_FE_Express_Solution_Agent_Guide,3247945R11,
Transamerica,fe_express_solution,ALL,52,male,N,10000-24999,select_nonsmoker,53.81,42,0.086,Transamerica_FE_Express_Solution_Agent_Guide,3247945R11,
Transamerica,fe_express_solution,ALL,52,male,Y,10000-24999,select_smoker,87.32,42,0.086,Transamerica_FE_Express_Solution_Agent_Guide,3247945R11,
Transamerica,fe_express_solution,ALL,53,female,N,10000-24999,premier,32.23,42,0.086,Transamerica_FE_Express_Solution_Agent_Guide,3247945R11,
Transamerica,fe_express_solution,ALL,53,female,N,10000-24999,select_nonsmoker,47.61,42,0.086,Transamerica_FE_Express_Solution_Agent_Guide,3247945R11,
Transamerica,fe_express_solution,ALL,53,female,Y,10000-24999,select_smoker,78.78,42,0.086,Transamerica_FE_Express_Solution_Agent_Guide,3247945R11,
Transamerica,fe_express_solution,ALL,53,male,N,10000-24999,premier,38.94,42,0.086,Transamerica_FE_Express_Solution_Agent_Guide,3247945R11,
Transamerica,fe_express_solution,ALL,53,male,N,10000-24999,select_nonsmoker,55.08,42,0.086,Transamerica_FE_Express_Solution_Agent_Guide,3247945R11,
Transamerica,fe_express_solution,ALL,53,male,Y,10000-24999,select_smoker,91.17,42,0.086,Transamerica_FE_Express_Solution_Agent_Guide,3247945R11,
Transamerica,fe_express_solution,ALL,54,female,N,10000-24999,premier,33.12,42,0.086,Transamerica_FE_Express_Solution_Agent_Guide,3247945R11,
Transamerica,fe_express_solution,ALL,54,female,N,10000-24999,select_nonsmoker,48.2,42,0.086,Transamerica_FE_Express_Solution_Agent_Guide,3247945R11,
Transamerica,fe_express_solution,ALL,54,female,Y,10000-24999,select_smoker,81.17,42,0.086,Transamerica_FE_Express_Solution_Agent_Guide,3247945R11,
Transamerica,fe_express_solution,ALL,54,male,N,10000-24999,premier,40.17,42,0.086,Transamerica_FE_Express_Solution_Agent_Guide,3247945R11,
Transamerica,fe_express_solution,ALL,54,male,N,10000-24999,select_nonsmoker,56.35,42,0.086,Transamerica_FE_Express_Solution_Agent_Guide,3247945R11,
Transamerica,fe_express_solution,ALL,54,male,Y,10000-24999,select_smoker,95.02,42,0.086,Transamerica_FE_Express_Solution_Agent_Guide,3247945R11,
Transamerica,fe_express_solution,ALL,55,female,N,10000-24999,premier,34.01,42,0.086,Transamerica_FE_Express_Solution_Agent_Guide,3247945R11,
Transamerica,fe_express_solution,ALL,55,female,N,10000-24999,select_nonsmoker,48.8,42,0.086,Transamerica_FE_Express_Solution_Agent_Guide,3247945R11,
Transamerica,fe_express_solution,ALL,55,female,Y,10000-24999,select_smoker,83.56,42,0.086,Transamerica_FE_Express_Solution_Agent_Guide,3247945R11,
Transamerica,fe_express_solution,ALL,55,male,N,10000-24999,premier,41.39,42,0.086,Transamerica_FE_Express_Solution_Agent_Guide,3247945R11,
Transamerica,fe_express_solution,ALL,55,male,N,10000-24999,select_nonsmoker,57.63,42,0.086,Transamerica_FE_Express_Solution_Agent_Guide,3247945R11,
Transamerica,fe_express_solution,ALL,55,male,Y,10000-24999,select_smoker,98.86,42,0.086,Transamerica_FE_Express_Solution_Agent_Guide,3247945R11,
Transamerica,fe_express_solution,ALL,56,female,N,10000-24999,premier,35.23,42,0.086,Transamerica_FE_Express_Solution_Agent_Guide,3247945R11,
Transamerica,fe_express_solution,ALL,56,female,N,10000-24999,select_nonsmoker,50.08,42,0.086,Transamerica_FE_Express_Solution_Agent_Guide,3247945R11,
Transamerica,fe_express_solution,ALL,56,female,Y,10000-24999,select_smoker,84.46,42,0.086,Transamerica_FE_Express_Solution_Agent_Guide,3247945R11,
Transamerica,fe_express_solution,ALL,56,male,N,10000-24999,premier,43.06,42,0.086,Transamerica_FE_Express_Solution_Agent_Guide,3247945R11,
Transamerica,fe_express_solution,ALL,56,male,N,10000-24999,select_nonsmoker,59.8,42,0.086,Transamerica_FE_Express_Solution_Agent_Guide,3247945R11,
Transamerica,fe_express_solution,ALL,56,male,Y,10000-24999,select_smoker,102.11,42,0.086,Transamerica_FE_Express_Solution_Agent_Guide,3247945R11,
Transamerica,fe_express_solution,ALL,57,female,N,10000-24999,premier,36.45,42,0.086,Transamerica_FE_Express_Solution_Agent_Guide,3247945R11,
Transamerica,fe_express_solution,ALL,57,female,N,10000-24999,select_nonsmoker,51.36,42,0.086,Transamerica_FE_Express_Solution_Agent_Guide,3247945R11,
Transamerica,fe_express_solution,ALL,57,female,Y,10000-24999,select_smoker,85.35,42,0.086,Transamerica_FE_Express_Solution_Agent_Guide,3247945R11,
Transamerica,fe_express_solution,ALL,57,male,N,10000-24999,premier,44.73,42,0.086,Transamerica_FE_Express_Solution_Agent_Guide,3247945R11,
Transamerica,fe_express_solution,ALL,57,male,N,10000-24999,select_nonsmoker,61.98,42,0.086,Transamerica_FE_Express_Solution_Agent_Guide,3247945R11,
Transamerica,fe_express_solution,ALL,57,male,Y,10000-24999,select_smoker,105.37,42,0.086,Transamerica_FE_Express_Solution_Agent_Guide,3247945R11,
Transamerica,fe_express_solution,ALL,58,female,N,10000-24999,premier,37.67,42,0.086,Transamerica_FE_Express_Solution_Agent_Guide,3247945R11,
Transamerica,fe_express_solution,ALL,58,female,N,10000-24999,select_nonsmoker,52.64,42,0.086,Transamerica_FE_Express_Solution_Agent_Guide,3247945R11,
Transamerica,fe_express_solution,ALL,58,female,Y,10000-24999,select_smoker,86.25,42,0.086,Transamerica_FE_Express_Solution_Agent_Guide,3247945R11,
Transamerica,fe_express_solution,ALL,58,male,N,10000-24999,premier,46.4,42,0.086,Transamerica_FE_Express_Solution_Agent_Guide,3247945R11,
Transamerica,fe_express_solution,ALL,58,male,N,10000-24999,select_nonsmoker,64.16,42,0.086,Transamerica_FE_Express_Solution_Agent_Guide,3247945R11,
Transamerica,fe_express_solution,ALL,58,male,Y,10000-24999,select_smoker,108.62,42,0.086,Transamerica_FE_Express_Solution_Agent_Guide,3247945R11,
Transamerica,fe_express_solution,ALL,59,female,N,10000-24999,premier,38.89,42,0.086,Transamerica_FE_Express_Solution_Agent_Guide,3247945R11,
Transamerica,fe_express_solution,ALL,59,female,N,10000-24999,select_nonsmoker,53.93,42,0.086,Transamerica_FE_Express_Solution_Agent_Guide,3247945R11,
Transamerica,fe_express_solution,ALL,59,female,Y,10000-24999,select_smoker,87.14,42,0.086,Transamerica_FE_Express_Solution_Agent_Guide,3247945R11,
Transamerica,fe_express_solution,ALL,59,male,N,10000-24999,premier,48.07,42,0.086,Transamerica_FE_Express_Solution_Agent_Guide,3247945R11,
Transamerica,fe_express_solution,ALL,59,male,N,10000-24999,select_nonsmoker,66.33,42,0.086,Transamerica_FE_Express_Solution_Agent_Guide,3247945R11,
Transamerica,fe_express_solution,ALL,59,male,Y,10000-24999,select_smoker,111.87,42,0.086,Transamerica_FE_Express_Solution_Agent_Guide,3247945R11,
Transamerica,fe_express_solution,ALL,60,female,N,10000-24999,premier,40.11,42,0.086,Transamerica_FE_Express_Solution_Agent_Guide,3247945R11,
Transamerica,fe_express_solution,ALL,60,female,N,10000-24999,select_nonsmoker,55.21,42,0.086,Transamerica_FE_Express_Solution_Agent_Guide,3247945R11,
Transamerica,fe_express_solution,ALL,60,female,Y,10000-24999,select_smoker,88.04,42,0.086,Transamerica_FE_Express_Solution_Agent_Guide,3247945R11,
Transamerica,fe_express_solution,ALL,60,male,N,10000-24999,premier,49.74,42,0.086,Transamerica_FE_Express_Solution_Agent_Guide,3247945R11,
Transamerica,fe_express_solution,ALL,60,male,N,10000-24999,select_nonsmoker,68.51,42,0.086,Transamerica_FE_Express_Solution_Agent_Guide,3247945R11,
Transamerica,fe_express_solution,ALL,60,male,Y,10000-24999,select_smoker,115.12,42,0.086,Transamerica_FE_Express_Solution_Agent_Guide,3247945R11,
Transamerica,fe_express_solution,ALL,61,female,N,10000-24999,premier,41.69,42,0.086,Transamerica_FE_Express_Solution_Agent_Guide,3247945R11,
Transamerica,fe_express_solution,ALL,61,female,N,10000-24999,select_nonsmoker,57.56,42,0.086,Transamerica_FE_Express_Solution_Agent_Guide,3247945R11,
Transamerica,fe_express_solution,ALL,61,female,Y,10000-24999,select_smoker,90.91,42,0.086,Transamerica_FE_Express_Solution_Agent_Guide,3247945R11,
Transamerica,fe_express_solution,ALL,61,male,N,10000-24999,premier,52.31,42,0.086,Transamerica_FE_Express_Solution_Agent_Guide,3247945R11,
Transamerica,fe_express_solution,ALL,61,male,N,10000-24999,select_nonsmoker,72.06,42,0.086,Transamerica_FE_Express_Solution_Agent_Guide,3247945R11,
Transamerica,fe_express_solution,ALL,61,male,Y,10000-24999,select_smoker,120.3,42,0.086,Transamerica_FE_Express_Solution_Agent_Guide,3247945R11,
Transamerica,fe_express_solution,ALL,62,female,N,10000-24999,premier,43.27,42,0.086,Transamerica_FE_Express_Solution_Agent_Guide,3247945R11,
Transamerica,fe_express_solution,ALL,62,female,N,10000-24999,select_nonsmoker,59.91,42,0.086,Transamerica_FE_Express_Solution_Agent_Guide,3247945R11,
Transamerica,fe_express_solution,ALL,62,female,Y,10000-24999,select_smoker,93.79,42,0.086,Transamerica_FE_Express_Solution_Agent_Guide,3247945R11,
Transamerica,fe_express_solution,ALL,62,male,N,10000-24999,premier,54.87,42,0.086,Transamerica_FE_Express_Solution_Agent_Guide,3247945R11,
Transamerica,fe_express_solution,ALL,62,male,N,10000-24999,select_nonsmoker,75.62,42,0.086,Transamerica_FE_Express_Solution_Agent_Guide,3247945R11,
Transamerica,fe_express_solution,ALL,62,male,Y,10000-24999,select_smoker,125.47,42,0.086,Transamerica_FE_Express_Solution_Agent_Guide,3247945R11,
Transamerica,fe_express_solution,ALL,63,female,N,10000-24999,premier,44.85,42,0.086,Transamerica_FE_Express_Solution_Agent_Guide,3247945R11,
Transamerica,fe_express_solution,ALL,63,female,N,10000-24999,select_nonsmoker,62.26,42,0.086,Transamerica_FE_Express_Solution_Agent_Guide,3247945R11,
Transamerica,fe_express_solution,ALL,63,female,Y,10000-24999,select_smoker,96.67,42,0.086,Transamerica_FE_Express_Solution_Agent_Guide,3247945R11,
Transamerica,fe_express_solution,ALL,63,male,N,10000-24999,premier,57.44,42,0.086,Transamerica_FE_Express_Solution_Agent_Guide,3247945R11,
Transamerica,fe_express_solution,ALL,63,male,N,10000-24999,select_nonsmoker,79.17,42,0.086,Transamerica_FE_Express_Solution_Agent_Guide,3247945R11,
Transamerica,fe_express_solution,ALL,63,male,Y,10000-24999,select_smoker,130.65,42,0.086,Transamerica_FE_Express_Solution_Agent_Guide,3247945R11,
Transamerica,fe_express_solution,ALL,64,female,N,10000-24999,premier,46.43,42,0.086,Transamerica_FE_Express_Solution_Agent_Guide,3247945R11,
Transamerica,fe_express_solution,ALL,64,female,N,10000-24999,select_nonsmoker,64.61,42,0.086,Transamerica_FE_Express_Solution_Agent_Guide,3247945R11,
Transamerica,fe_express_solution,ALL,64,female,Y,10000-24999,select_smoker,99.54,42,0.086,Transamerica_FE_Express_Solution_Agent_Guide,3247945R11,
Transamerica,fe_express_solution,ALL,64,male,N,10000-24999,premier,60.0,42,0.086,Transamerica_FE_Express_Solution_Agent_Guide,3247945R11,
Transamerica,fe_express_solution,ALL,64,male,N,10000-24999,select_nonsmoker,82.72,42,0.086,Transamerica_FE_Express_Solution_Agent_Guide,3247945R11,
Transamerica,fe_express_solution,ALL,64,male,Y,10000-24999,select_smoker,135.83,42,0.086,Transamerica_FE_Express_Solution_Agent_Guide,3247945R11,
Transamerica,fe_express_solution,ALL,65,female,N,10000-24999,premier,48.01,42,0.086,Transamerica_FE_Express_Solution_Agent_Guide,3247945R11,
Transamerica,fe_express_solution,ALL,65,female,N,10000-24999,select_nonsmoker,66.96,42,0.086,Transamerica_FE_Express_Solution_Agent_Guide,3247945R11,
Transamerica,fe_express_solution,ALL,65,female,Y,10000-24999,select_smoker,102.42,42,0.086,Transamerica_FE_Express_Solution_Agent_Guide,3247945R11,
Transamerica,fe_express_solution,ALL,65,male,N,10000-24999,premier,62.57,42,0.086,Transamerica_FE_Express_Solution_Agent_Guide,3247945R11,
Transamerica,fe_express_solution,ALL,65,male,N,10000-24999,select_nonsmoker,86.28,42,0.086,Transamerica_FE_Express_Solution_Agent_Guide,3247945R11,
Transamerica,fe_express_solution,ALL,65,male,Y,10000-24999,select_smoker,141.0,42,0.086,Transamerica_FE_Express_Solution_Agent_Guide,3247945R11,
Transamerica,fe_express_solution,ALL,66,female,N,10000-24999,premier,50.68,42,0.086,Transamerica_FE_Express_Solution_Agent_Guide,3247945R11,
Transamerica,fe_express_solution,ALL,66,female,N,10000-24999,select_nonsmoker,70.65,42,0.086,Transamerica_FE_Express_Solution_Agent_Guide,3247945R11,
Transamerica,fe_express_solution,ALL,66,female,Y,10000-24999,select_smoker,105.0,42,0.086,Transamerica_FE_Express_Solution_Agent_Guide,3247945R11,
Transamerica,fe_express_solution,ALL,66,male,N,10000-24999,premier,66.47,42,0.086,Transamerica_FE_Express_Solution_Agent_Guide,3247945R11,
Transamerica,fe_express_solution,ALL,66,male,N,10000-24999,select_nonsmoker,91.67,42,0.086,Transamerica_FE_Express_Solution_Agent_Guide,3247945R11,
Transamerica,fe_express_solution,ALL,66,male,Y,10000-24999,select_smoker,144.88,42,0.086,Transamerica_FE_Express_Solution_Agent_Guide,3247945R11,
Transamerica,fe_express_solution,ALL,67,female,N,10000-24999,premier,53.36,42,0.086,Transamerica_FE_Express_Solution_Agent_Guide,3247945R11,
Transamerica,fe_express_solution,ALL,67,female,N,10000-24999,select_nonsmoker,74.34,42,0.086,Transamerica_FE_Express_Solution_Agent_Guide,3247945R11,
Transamerica,fe_express_solution,ALL,67,female,Y,10000-24999,select_smoker,107.59,42,0.086,Transamerica_FE_Express_Solution_Agent_Guide,3247945R11,
Transamerica,fe_express_solution,ALL,67,male,N,10000-24999,premier,70.38,42,0.086,Transamerica_FE_Express_Solution_Agent_Guide,3247945R11,
Transamerica,fe_express_solution,ALL,67,male,N,10000-24999,select_nonsmoker,97.06,42,0.086,Transamerica_FE_Express_Solution_Agent_Guide,3247945R11,
Transamerica,fe_express_solution,ALL,67,male,Y,10000-24999,select_smoker,148.76,42,0.086,Transamerica_FE_Express_Solution_Agent_Guide,3247945R11,
Transamerica,fe_express_solution,ALL,68,female,N,10000-24999,premier,56.03,42,0.086,Transamerica_FE_Express_Solution_Agent_Guide,3247945R11,
Transamerica,fe_express_solution,ALL,68,female,N,10000-24999,select_nonsmoker,78.03,42,0.086,Transamerica_FE_Express_Solution_Agent_Guide,3247945R11,
Transamerica,fe_express_solution,ALL,68,female,Y,10000-24999,select_smoker,110.18,42,0.086,Transamerica_FE_Express_Solution_Agent_Guide,3247945R11,
Transamerica,fe_express_solution,ALL,68,male,N,10000-24999,premier,74.28,42,0.086,Transamerica_FE_Express_Solution_Agent_Guide,3247945R11,
Transamerica,fe_express_solution,ALL,68,male,N,10000-24999,select_nonsmoker,102.45,42,0.086,Transamerica_FE_Express_Solution_Agent_Guide,3247945R11,
Transamerica,fe_express_solution,ALL,68,male,Y,10000-24999,select_smoker,152.63,42,0.086,Transamerica_FE_Express_Solution_Agent_Guide,3247945R11,
Transamerica,fe_express_solution,ALL,69,female,N,10000-24999,premier,58.71,42,0.086,Transamerica_FE_Express_Solution_Agent_Guide,3247945R11,
Transamerica,fe_express_solution,ALL,69,female,N,10000-24999,select_nonsmoker,81.73,42,0.086,Transamerica_FE_Express_Solution_Agent_Guide,3247945R11,
Transamerica,fe_express_solution,ALL,69,female,Y,10000-24999,select_smoker,112.76,42,0.086,Transamerica_FE_Express_Solution_Agent_Guide,3247945R11,
Transamerica,fe_express_solution,ALL,69,male,N,10000-24999,premier,78.19,42,0.086,Transamerica_FE_Express_Solution_Agent_Guide,3247945R11,
Transamerica,fe_express_solution,ALL,69,male,N,10000-24999,select_nonsmoker,107.84,42,0.086,Transamerica_FE_Express_Solution_Agent_Guide,3247945R11,
Transamerica,fe_express_solution,ALL,69,male,Y,10000-24999,select_smoker,156.51,42,0.086,Transamerica_FE_Express_Solution_Agent_Guide,3247945R11,
Transamerica,fe_express_solution,ALL,70,female,N,10000-24999,premier,61.38,42,0.086,Transamerica_FE_Express_Solution_Agent_Guide,3247945R11,
Transamerica,fe_express_solution,ALL,70,female,N,10000-24999,select_nonsmoker,85.42,42,0.086,Transamerica_FE_Express_Solution_Agent_Guide,3247945R11,
Transamerica,fe_express_solution,ALL,70,female,Y,10000-24999,select_smoker,115.35,42,0.086,Transamerica_FE_Express_Solution_Agent_Guide,3247945R11,
Transamerica,fe_express_solution,ALL,70,male,N,10000-24999,premier,82.09,42,0.086,Transamerica_FE_Express_Solution_Agent_Guide,3247945R11,
Transamerica,fe_express_solution,ALL,70,male,N,10000-24999,select_nonsmoker,113.23,42,0.086,Transamerica_FE_Express_Solution_Agent_Guide,3247945R11,
Transamerica,fe_express_solution,ALL,70,male,Y,10000-24999,select_smoker,160.39,42,0.086,Transamerica_FE_Express_Solution_Agent_Guide,3247945R11,
Transamerica,fe_express_solution,ALL,71,female,N,10000-24999,premier,67.54,42,0.086,Transamerica_FE_Express_Solution_Agent_Guide,3247945R11,
Transamerica,fe_express_solution,ALL,71,female,N,10000-24999,select_nonsmoker,94.68,42,0.086,Transamerica_FE_Express_Solution_Agent_Guide,3247945R11,
Transamerica,fe_express_solution,ALL,71,female,Y,10000-24999,select_smoker,122.14,42,0.086,Transamerica_FE_Express_Solution_Agent_Guide,3247945R11,
Transamerica,fe_express_solution,ALL,71,male,N,10000-24999,premier,90.43,42,0.086,Transamerica_FE_Express_Solution_Agent_Guide,3247945R11,
Transamerica,fe_express_solution,ALL,71,male,N,10000-24999,select_nonsmoker,125.91,42,0.086,Transamerica_FE_Express_Solution_Agent_Guide,3247945R11,
Transamerica,fe_express_solution,ALL,71,male,Y,10000-24999,select_smoker,170.71,42,0.086,Transamerica_FE_Express_Solution_Agent_Guide,3247945R11,
Transamerica,fe_express_solution,ALL,72,female,N,10000-24999,premier,73.7,42,0.086,Transamerica_FE_Express_Solution_Agent_Guide,3247945R11,
Transamerica,fe_express_solution,ALL,72,female,N,10000-24999,select_nonsmoker,103.94,42,0.086,Transamerica_FE_Express_Solution_Agent_Guide,3247945R11,
Transamerica,fe_express_solution,ALL,72,female,Y,10000-24999,select_smoker,128.94,42,0.086,Transamerica_FE_Express_Solution_Agent_Guide,3247945R11,
Transamerica,fe_express_solution,ALL,72,male,N,10000-24999,premier,98.76,42,0.086,Transamerica_FE_Express_Solution_Agent_Guide,3247945R11,
Transamerica,fe_express_solution,ALL,72,male,N,10000-24999,select_nonsmoker,138.58,42,0.086,Transamerica_FE_Express_Solution_Agent_Guide,3247945R11,
Transamerica,fe_express_solution,ALL,72,male,Y,10000-24999,select_smoker,181.02,42,0.086,Transamerica_FE_Express_Solution_Agent_Guide,3247945R11,
Transamerica,fe_express_solution,ALL,73,female,N,10000-24999,premier,79.85,42,0.086,Transamerica_FE_Express_Solution_Agent_Guide,3247945R11,
Transamerica,fe_express_solution,ALL,73,female,N,10000-24999,select_nonsmoker,113.2,42,0.086,Transamerica_FE_Express_Solution_Agent_Guide,3247945R11,
Transamerica,fe_express_solution,ALL,73,female,Y,10000-24999,select_smoker,135.73,42,0.086,Transamerica_FE_Express_Solution_Agent_Guide,3247945R11,
Transamerica,fe_express_solution,ALL,73,male,N,10000-24999,premier,107.09,42,0.086,Transamerica_FE_Express_Solution_Agent_Guide,3247945R11,
Transamerica,fe_express_solution,ALL,73,male,N,10000-24999,select_nonsmoker,151.26,42,0.086,Transamerica_FE_Express_Solution_Agent_Guide,3247945R11,
Transamerica,fe_express_solution,ALL,73,male,Y,10000-24999,select_smoker,191.34,42,0.086,Transamerica_FE_Express_Solution_Agent_Guide,3247945R11,
Transamerica,fe_express_solution,ALL,74,female,N,10000-24999,premier,86.01,42,0.086,Transamerica_FE_Express_Solution_Agent_Guide,3247945R11,
Transamerica,fe_express_solution,ALL,74,female,N,10000-24999,select_nonsmoker,122.46,42,0.086,Transamerica_FE_Express_Solution_Agent_Guide,3247945R11,
Transamerica,fe_express_solution,ALL,74,female,Y,10000-24999,select_smoker,142.53,42,0.086,Transamerica_FE_Express_Solution_Agent_Guide,3247945R11,
Transamerica,fe_express_solution,ALL,74,male,N,10000-24999,premier,115.43,42,0.086,Transamerica_FE_Express_Solution_Agent_Guide,3247945R11,
Transamerica,fe_express_solution,ALL,74,male,N,10000-24999,select_nonsmoker,163.94,42,0.086,Transamerica_FE_Express_Solution_Agent_Guide,3247945R11,
Transamerica,fe_express_solution,ALL,74,male,Y,10000-24999,select_smoker,201.66,42,0.086,Transamerica_FE_Express_Solution_Agent_Guide,3247945R11,
Transamerica,fe_express_solution,ALL,75,female,N,10000-24999,premier,92.17,42,0.086,Transamerica_FE_Express_Solution_Agent_Guide,3247945R11,
Transamerica,fe_express_solution,ALL,75,female,N,10000-24999,select_nonsmoker,131.72,42,0.086,Transamerica_FE_Express_Solution_Agent_Guide,3247945R11,
Transamerica,fe_express_solution,ALL,75,female,Y,10000-24999,select_smoker,149.33,42,0.086,Transamerica_FE_Express_Solution_Agent_Guide,3247945R11,
Transamerica,fe_express_solution,ALL,75,male,N,10000-24999,premier,123.76,42,0.086,Transamerica_FE_Express_Solution_Agent_Guide,3247945R11,
Transamerica,fe_express_solution,ALL,75,male,N,10000-24999,select_nonsmoker,176.61,42,0.086,Transamerica_FE_Express_Solution_Agent_Guide,3247945R11,
Transamerica,fe_express_solution,ALL,75,male,Y,10000-24999,select_smoker,211.98,42,0.086,Transamerica_FE_Express_Solution_Agent_Guide,3247945R11,
Transamerica,fe_express_solution,ALL,76,female,N,10000-24999,premier,98.82,42,0.086,Transamerica_FE_Express_Solution_Agent_Guide,3247945R11,
Transamerica,fe_express_solution,ALL,76,female,N,10000-24999,select_nonsmoker,144.91,42,0.086,Transamerica_FE_Express_Solution_Agent_Guide,3247945R11,
Transamerica,fe_express_solution,ALL,76,female,Y,10000-24999,select_smoker,159.3,42,0.086,Transamerica_FE_Express_Solution_Agent_Guide,3247945R11,
Transamerica,fe_express_solution,ALL,76,male,N,10000-24999,premier,133.66,42,0.086,Transamerica_FE_Express_Solution_Agent_Guide,3247945R11,
Transamerica,fe_express_solution,ALL,76,male,N,10000-24999,select_nonsmoker,191.17,42,0.086,Transamerica_FE_Express_Solution_Agent_Guide,3247945R11,
Transamerica,fe_express_solution,ALL,76,male,Y,10000-24999,select_smoker,229.09,42,0.086,Transamerica_FE_Express_Solution_Agent_Guide,3247945R11,
Transamerica,fe_express_solution,ALL,77,female,N,10000-24999,premier,105.48,42,0.086,Transamerica_FE_Express_Solution_Agent_Guide,3247945R11,
Transamerica,fe_express_solution,ALL,77,female,N,10000-24999,select_nonsmoker,155.07,42,0.086,Transamerica_FE_Express_Solution_Agent_Guide,3247945R11,
Transamerica,fe_express_solution,ALL,77,female,Y,10000-24999,select_smoker,169.28,42,0.086,Transamerica_FE_Express_Solution_Agent_Guide,3247945R11,
Transamerica,fe_express_solution,ALL,77,male,N,10000-24999,premier,143.55,42,0.086,Transamerica_FE_Express_Solution_Agent_Guide,3247945R11,
Transamerica,fe_express_solution,ALL,77,male,N,10000-24999,select_nonsmoker,205.73,42,0.086,Transamerica_FE_Express_Solution_Agent_Guide,3247945R11,
Transamerica,fe_express_solution,ALL,77,male,Y,10000-24999,select_smoker,246.21,42,0.086,Transamerica_FE_Express_Solution_Agent_Guide,3247945R11,
Transamerica,fe_express_solution,ALL,78,female,N,10000-24999,premier,112.14,42,0.086,Transamerica_FE_Express_Solution_Agent_Guide,3247945R11,
Transamerica,fe_express_solution,ALL,78,female,N,10000-24999,select_nonsmoker,165.2,42,0.086,Transamerica_FE_Express_Solution_Agent_Guide,3247945R11,
Transamerica,fe_express_solution,ALL,78,female,Y,10000-24999,select_smoker,179.26,42,0.086,Transamerica_FE_Express_Solution_Agent_Guide,3247945R11,
Transamerica,fe_express_solution,ALL,78,male,N,10000-24999,premier,153.45,42,0.086,Transamerica_FE_Express_Solution_Agent_Guide,3247945R11,
Transamerica,fe_express_solution,ALL,78,male,N,10000-24999,select_nonsmoker,220.29,42,0.086,Transamerica_FE_Express_Solution_Agent_Guide,3247945R11,
Transamerica,fe_express_solution,ALL,78,male,Y,10000-24999,select_smoker,263.32,42,0.086,Transamerica_FE_Express_Solution_Agent_Guide,3247945R11,
Transamerica,fe_express_solution,ALL,79,female,N,10000-24999,premier,118.79,42,0.086,Transamerica_FE_Express_Solution_Agent_Guide,3247945R11,
Transamerica,fe_express_solution,ALL,79,female,N,10000-24999,select_nonsmoker,175.34,42,0.086,Transamerica_FE_Express_Solution_Agent_Guide,3247945R11,
Transamerica,fe_express_solution,ALL,79,female,Y,10000-24999,select_smoker,189.24,42,0.086,Transamerica_FE_Express_Solution_Agent_Guide,3247945R11,
Transamerica,fe_express_solution,ALL,79,male,N,10000-24999,premier,163.34,42,0.086,Transamerica_FE_Express_Solution_Agent_Guide,3247945R11,
Transamerica,fe_express_solution,ALL,79,male,N,10000-24999,select_nonsmoker,234.84,42,0.086,Transamerica_FE_Express_Solution_Agent_Guide,3247945R11,
Transamerica,fe_express_solution,ALL,79,male,Y,10000-24999,select_smoker,280.44,42,0.086,Transamerica_FE_Express_Solution_Agent_Guide,3247945R11,
Transamerica,fe_express_solution,ALL,80,female,N,10000-24999,premier,125.45,42,0.086,Transamerica_FE_Express_Solution_Agent_Guide,3247945R11,
Transamerica,fe_express_solution,ALL,80,female,N,10000-24999,select_nonsmoker,185.47,42,0.086,Transamerica_FE_Express_Solution_Agent_Guide,3247945R11,
Transamerica,fe_express_solution,ALL,80,female,Y,10000-24999,select_smoker,199.22,42,0.086,Transamerica_FE_Express_Solution_Agent_Guide,3247945R11,
Transamerica,fe_express_solution,ALL,80,male,N,10000-24999,premier,173.24,42,0.086,Transamerica_FE_Express_Solution_Agent_Guide,3247945R11,
Transamerica,fe_express_solution,ALL,80,male,N,10000-24999,select_nonsmoker,249.4,42,0.086,Transamerica_FE_Express_Solution_Agent_Guide,3247945R11,
Transamerica,fe_express_solution,ALL,80,male,Y,10000-24999,select_smoker,297.55,42,0.086,Transamerica_FE_Express_Solution_Agent_Guide,3247945R11,
Transamerica,fe_express_solution,ALL,81,female,N,10000-24999,premier,139.74,42,0.086,Transamerica_FE_Express_Solution_Agent_Guide,3247945R11,
Transamerica,fe_express_solution,ALL,81,female,N,10000-24999,select_nonsmoker,206.83,42,0.086,Transamerica_FE_Express_Solution_Agent_Guide,3247945R11,
Transamerica,fe_express_solution,ALL,81,female,Y,10000-24999,select_smoker,219.77,42,0.086,Transamerica_FE_Express_Solution_Agent_Guide,3247945R11,
Transamerica,fe_express_solution,ALL,81,male,N,10000-24999,premier,191.85,42,0.086,Transamerica_FE_Express_Solution_Agent_Guide,3247945R11,
Transamerica,fe_express_solution,ALL,81,male,N,10000-24999,select_nonsmoker,286.48,42,0.086,Transamerica_FE_Express_Solution_Agent_Guide,3247945R11,
Transamerica,fe_express_solution,ALL,81,male,Y,10000-24999,select_smoker,331.53,42,0.086,Transamerica_FE_Express_Solution_Agent_Guide,3247945R11,
Transamerica,fe_express_solution,ALL,82,female,N,10000-24999,premier,154.02,42,0.086,Transamerica_FE_Express_Solution_Agent_Guide,3247945R11,
Transamerica,fe_express_solution,ALL,82,female,N,10000-24999,select_nonsmoker,228.19,42,0.086,Transamerica_FE_Express_Solution_Agent_Guide,3247945R11,
Transamerica,fe_express_solution,ALL,82,female,Y,10000-24999,select_smoker,240.32,42,0.086,Transamerica_FE_Express_Solution_Agent_Guide,3247945R11,
Transamerica,fe_express_solution,ALL,82,male,N,10000-24999,premier,210.46,42,0.086,Transamerica_FE_Express_Solution_Agent_Guide,3247945R11,
Transamerica,fe_express_solution,ALL,82,male,N,10000-24999,select_nonsmoker,323.55,42,0.086,Transamerica_FE_Express_Solution_Agent_Guide,3247945R11,
Transamerica,fe_express_solution,ALL,82,male,Y,10000-24999,select_smoker,365.51,42,0.086,Transamerica_FE_Express_Solution_Agent_Guide,3247945R11,
Transamerica,fe_express_solution,ALL,83,female,N,10000-24999,premier,168.31,42,0.086,Transamerica_FE_Express_Solution_Agent_Guide,3247945R11,
Transamerica,fe_express_solution,ALL,83,female,N,10000-24999,select_nonsmoker,249.55,42,0.086,Transamerica_FE_Express_Solution_Agent_Guide,3247945R11,
Transamerica,fe_express_solution,ALL,83,female,Y,10000-24999,select_smoker,260.87,42,0.086,Transamerica_FE_Express_Solution_Agent_Guide,3247945R11,
Transamerica,fe_express_solution,ALL,83,male,N,10000-24999,premier,229.07,42,0.086,Transamerica_FE_Express_Solution_Agent_Guide,3247945R11,
Transamerica,fe_express_solution,ALL,83,male,N,10000-24999,select_nonsmoker,360.62,42,0.086,Transamerica_FE_Express_Solution_Agent_Guide,3247945R11,
Transamerica,fe_express_solution,ALL,83,male,Y,10000-24999,select_smoker,399.49,42,0.086,Transamerica_FE_Express_Solution_Agent_Guide,3247945R11,
Transamerica,fe_express_solution,ALL,84,female,N,10000-24999,premier,182.59,42,0.086,Transamerica_FE_Express_Solution_Agent_Guide,3247945R11,
Transamerica,fe_express_solution,ALL,84,female,N,10000-24999,select_nonsmoker,267.15,42,0.086,Transamerica_FE_Express_Solution_Agent_Guide,3247945R11,
Transamerica,fe_express_solution,ALL,84,female,Y,10000-24999,select_smoker,281.42,42,0.086,Transamerica_FE_Express_Solution_Agent_Guide,3247945R11,
Transamerica,fe_express_solution,ALL,84,male,N,10000-24999,premier,247.69,42,0.086,Transamerica_FE_Express_Solution_Agent_Guide,3247945R11,
Transamerica,fe_express_solution,ALL,84,male,N,10000-24999,select_nonsmoker,397.69,42,0.086,Transamerica_FE_Express_Solution_Agent_Guide,3247945R11,
Transamerica,fe_express_solution,ALL,84,male,Y,10000-24999,select_smoker,433.48,42,0.086,Transamerica_FE_Express_Solution_Agent_Guide,3247945R11,
Transamerica,fe_express_solution,ALL,85,female,N,10000-24999,premier,196.88,42,0.086,Transamerica_FE_Express_Solution_Agent_Guide,3247945R11,
Transamerica,fe_express_solution,ALL,85,female,N,10000-24999,select_nonsmoker,284.52,42,0.086,Transamerica_FE_Express_Solution_Agent_Guide,3247945R11,
Transamerica,fe_express_solution,ALL,85,female,Y,10000-24999,select_smoker,301.96,42,0.086,Transamerica_FE_Express_Solution_Agent_Guide,3247945R11,
Transamerica,fe_express_solution,ALL,85,male,N,10000-24999,premier,266.3,42,0.086,Transamerica_FE_Express_Solution_Agent_Guide,3247945R11,
Transamerica,fe_express_solution,ALL,85,male,N,10000-24999,select_nonsmoker,434.77,42,0.086,Transamerica_FE_Express_Solution_Agent_Guide,3247945R11,
Transamerica,fe_express_solution,ALL,85,male,Y,10000-24999,select_smoker,467.46,42,0.086,Transamerica_FE_Express_Solution_Agent_Guide,3247945R11,
Transamerica,fe_express_solution,ALL,18,female,N,25000-49999,premier,9.56,42,0.086,Transamerica_FE_Express_Solution_Agent_Guide,3247945R11,
Transamerica,fe_express_solution,ALL,18,female,N,25000-49999,select_nonsmoker,11.13,42,0.086,Transamerica_FE_Express_Solution_Agent_Guide,3247945R11,
Transamerica,fe_express_solution,ALL,18,female,Y,25000-49999,select_smoker,18.98,42,0.086,Transamerica_FE_Express_Solution_Agent_Guide,3247945R11,
Transamerica,fe_express_solution,ALL,18,male,N,25000-49999,premier,10.81,42,0.086,Transamerica_FE_Express_Solution_Agent_Guide,3247945R11,
Transamerica,fe_express_solution,ALL,18,male,N,25000-49999,select_nonsmoker,13.56,42,0.086,Transamerica_FE_Express_Solution_Agent_Guide,3247945R11,
Transamerica,fe_express_solution,ALL,18,male,Y,25000-49999,select_smoker,21.87,42,0.086,Transamerica_FE_Express_Solution_Agent_Guide,3247945R11,
Transamerica,fe_express_solution,ALL,19,female,N,25000-49999,premier,10.27,42,0.086,Transamerica_FE_Express_Solution_Agent_Guide,3247945R11,
Transamerica,fe_express_solution,ALL,19,female,N,25000-49999,select_nonsmoker,11.96,42,0.086,Transamerica_FE_Express_Solution_Agent_Guide,3247945R11,
Transamerica,fe_express_solution,ALL,19,female,Y,25000-49999,select_smoker,20.36,42,0.086,Transamerica_FE_Express_Solution_Agent_Guide,3247945R11,
Transamerica,fe_express_solution,ALL,19,male,N,25000-49999,premier,11.6,42,0.086,Transamerica_FE_Express_Solution_Agent_Guide,3247945R11,
Transamerica,fe_express_solution,ALL,19,male,N,25000-49999,select_nonsmoker,14.53,42,0.086,Transamerica_FE_Express_Solution_Agent_Guide,3247945R11,
Transamerica,fe_express_solution,ALL,19,male,Y,25000-49999,select_smoker,23.34,42,0.086,Transamerica_FE_Express_Solution_Agent_Guide,3247945R11,
Transamerica,fe_express_solution,ALL,20,female,N,25000-49999,premier,10.63,42,0.086,Transamerica_FE_Express_Solution_Agent_Guide,3247945R11,
Transamerica,fe_express_solution,ALL,20,female,N,25000-49999,select_nonsmoker,12.38,42,0.086,Transamerica_FE_Express_Solution_Agent_Guide,3247945R11,
Transamerica,fe_express_solution,ALL,20,female,Y,25000-49999,select_smoker,21.75,42,0.086,Transamerica_FE_Express_Solution_Agent_Guide,3247945R11,
Transamerica,fe_express_solution,ALL,20,male,N,25000-49999,premier,11.99,42,0.086,Transamerica_FE_Express_Solution_Agent_Guide,3247945R11,
Transamerica,fe_express_solution,ALL,20,male,N,25000-49999,select_nonsmoker,15.01,42,0.086,Transamerica_FE_Express_Solution_Agent_Guide,3247945R11,
Transamerica,fe_express_solution,ALL,20,male,Y,25000-49999,select_smoker,24.8,42,0.086,Transamerica_FE_Express_Solution_Agent_Guide,3247945R11,
Transamerica,fe_express_solution,ALL,21,female,N,25000-49999,premier,10.89,42,0.086,Transamerica_FE_Express_Solution_Agent_Guide,3247945R11,
Transamerica,fe_express_solution,ALL,21,female,N,25000-49999,select_nonsmoker,12.74,42,0.086,Transamerica_FE_Express_Solution_Agent_Guide,3247945R11,
Transamerica,fe_express_solution,ALL,21,female,Y,25000-49999,select_smoker,22.4,42,0.086,Transamerica_FE_Express_Solution_Agent_Guide,3247945R11,
Transamerica,fe_express_solution,ALL,21,male,N,25000-49999,premier,12.19,42,0.086,Transamerica_FE_Express_Solution_Agent_Guide,3247945R11,
Transamerica,fe_express_solution,ALL,21,male,N,25000-49999,select_nonsmoker,15.2,42,0.086,Transamerica_FE_Express_Solution_Agent_Guide,3247945R11,
Transamerica,fe_express_solution,ALL,21,male,Y,25000-49999,select_smoker,25.27,42,0.086,Transamerica_FE_Express_Solution_Agent_Guide,3247945R11,
Transamerica,fe_express_solution,ALL,22,female,N,25000-49999,premier,11.15,42,0.086,Transamerica_FE_Express_Solution_Agent_Guide,3247945R11,
Transamerica,fe_express_solution,ALL,22,female,N,25000-49999,select_nonsmoker,13.11,42,0.086,Transamerica_FE_Express_Solution_Agent_Guide,3247945R11,
Transamerica,fe_express_solution,ALL,22,female,Y,25000-49999,select_smoker,23.05,42,0.086,Transamerica_FE_Express_Solution_Agent_Guide,3247945R11,
Transamerica,fe_express_solution,ALL,22,male,N,25000-49999,premier,12.38,42,0.086,Transamerica_FE_Express_Solution_Agent_Guide,3247945R11,
Transamerica,fe_express_solution,ALL,22,male,N,25000-49999,select_nonsmoker,15.39,42,0.086,Transamerica_FE_Express_Solution_Agent_Guide,3247945R11,
Transamerica,fe_express_solution,ALL,22,male,Y,25000-49999,select_smoker,25.75,42,0.086,Transamerica_FE_Express_Solution_Agent_Guide,3247945R11,
Transamerica,fe_express_solution,ALL,23,female,N,25000-49999,premier,11.41,42,0.086,Transamerica_FE_Express_Solution_Agent_Guide,3247945R11,
Transamerica,fe_express_solution,ALL,23,female,N,25000-49999,select_nonsmoker,13.47,42,0.086,Transamerica_FE_Express_Solution_Agent_Guide,3247945R11,
Transamerica,fe_express_solution,ALL,23,female,Y,25000-49999,select_smoker,23.7,42,0.086,Transamerica_FE_Express_Solution_Agent_Guide,3247945R11,
Transamerica,fe_express_solution,ALL,23,male,N,25000-49999,premier,12.58,42,0.086,Transamerica_FE_Express_Solution_Agent_Guide,3247945R11,
Transamerica,fe_express_solution,ALL,23,male,N,25000-49999,select_nonsmoker,15.58,42,0.086,Transamerica_FE_Express_Solution_Agent_Guide,3247945R11,
Transamerica,fe_express_solution,ALL,23,male,Y,25000-49999,select_smoker,26.22,42,0.086,Transamerica_FE_Express_Solution_Agent_Guide,3247945R11,
Transamerica,fe_express_solution,ALL,24,female,N,25000-49999,premier,11.67,42,0.086,Transamerica_FE_Express_Solution_Agent_Guide,3247945R11,
Transamerica,fe_express_solution,ALL,24,female,N,25000-49999,select_nonsmoker,13.84,42,0.086,Transamerica_FE_Express_Solution_Agent_Guide,3247945R11,
Transamerica,fe_express_solution,ALL,24,female,Y,25000-49999,select_smoker,24.35,42,0.086,Transamerica_FE_Express_Solution_Agent_Guide,3247945R11,
Transamerica,fe_express_solution,ALL,24,male,N,25000-49999,premier,12.77,42,0.086,Transamerica_FE_Express_Solution_Agent_Guide,3247945R11,
Transamerica,fe_express_solution,ALL,24,male,N,25000-49999,select_nonsmoker,15.77,42,0.086,Transamerica_FE_Express_Solution_Agent_Guide,3247945R11,
Transamerica,fe_express_solution,ALL,24,male,Y,25000-49999,select_smoker,26.69,42,0.086,Transamerica_FE_Express_Solution_Agent_Guide,3247945R11,
Transamerica,fe_express_solution,ALL,25,female,N,25000-49999,premier,11.93,42,0.086,Transamerica_FE_Express_Solution_Agent_Guide,3247945R11,
Transamerica,fe_express_solution,ALL,25,female,N,25000-49999,select_nonsmoker,14.2,42,0.086,Transamerica_FE_Express_Solution_Agent_Guide,3247945R11,
Transamerica,fe_express_solution,ALL,25,female,Y,25000-49999,select_smoker,25.0,42,0.086,Transamerica_FE_Express_Solution_Agent_Guide,3247945R11,
Transamerica,fe_express_solution,ALL,25,male,N,25000-49999,premier,12.97,42,0.086,Transamerica_FE_Express_Solution_Agent_Guide,3247945R11,
Transamerica,fe_express_solution,ALL,25,male,N,25000-49999,select_nonsmoker,15.96,42,0.086,Transamerica_FE_Express_Solution_Agent_Guide,3247945R11,
Transamerica,fe_express_solution,ALL,25,male,Y,25000-49999,select_smoker,27.16,42,0.086,Transamerica_FE_Express_Solution_Agent_Guide,3247945R11,
Transamerica,fe_express_solution,ALL,26,female,N,25000-49999,premier,12.42,42,0.086,Transamerica_FE_Express_Solution_Agent_Guide,3247945R11,
Transamerica,fe_express_solution,ALL,26,female,N,25000-49999,select_nonsmoker,14.79,42,0.086,Transamerica_FE_Express_Solution_Agent_Guide,3247945R11,
Transamerica,fe_express_solution,ALL,26,female,Y,25000-49999,select_smoker,26.25,42,0.086,Transamerica_FE_Express_Solution_Agent_Guide,3247945R11,
Transamerica,fe_express_solution,ALL,26,male,N,25000-49999,premier,13.45,42,0.086,Transamerica_FE_Express_Solution_Agent_Guide,3247945R11,
Transamerica,fe_express_solution,ALL,26,male,N,25000-49999,select_nonsmoker,16.49,42,0.086,Transamerica_FE_Express_Solution_Agent_Guide,3247945R11,
Transamerica,fe_express_solution,ALL,26,male,Y,25000-49999,select_smoker,28.34,42,0.086,Transamerica_FE_Express_Solution_Agent_Guide,3247945R11,
Transamerica,fe_express_solution,ALL,27,female,N,25000-49999,premier,12.9,42,0.086,Transamerica_FE_Express_Solution_Agent_Guide,3247945R11,
Transamerica,fe_express_solution,ALL,27,female,N,25000-49999,select_nonsmoker,15.38,42,0.086,Transamerica_FE_Express_Solution_Agent_Guide,3247945R11,
Transamerica,fe_express_solution,ALL,27,female,Y,25000-49999,select_smoker,27.5,42,0.086,Transamerica_FE_Express_Solution_Agent_Guide,3247945R11,
Transamerica,fe_express_solution,ALL,27,male,N,25000-49999,premier,13.94,42,0.086,Transamerica_FE_Express_Solution_Agent_Guide,3247945R11,
Transamerica,fe_express_solution,ALL,27,male,N,25000-49999,select_nonsmoker,17.02,42,0.086,Transamerica_FE_Express_Solution_Agent_Guide,3247945R11,
Transamerica,fe_express_solution,ALL,27,male,Y,25000-49999,select_smoker,29.53,42,0.086,Transamerica_FE_Express_Solution_Agent_Guide,3247945R11,
Transamerica,fe_express_solution,ALL,28,female,N,25000-49999,premier,13.38,42,0.086,Transamerica_FE_Express_Solution_Agent_Guide,3247945R11,
Transamerica,fe_express_solution,ALL,28,female,N,25000-49999,select_nonsmoker,15.97,42,0.086,Transamerica_FE_Express_Solution_Agent_Guide,3247945R11,
Transamerica,fe_express_solution,ALL,28,female,Y,25000-49999,select_smoker,28.74,42,0.086,Transamerica_FE_Express_Solution_Agent_Guide,3247945R11,
Transamerica,fe_express_solution,ALL,28,male,N,25000-49999,premier,14.42,42,0.086,Transamerica_FE_Express_Solution_Agent_Guide,3247945R11,
Transamerica,fe_express_solution,ALL,28,male,N,25000-49999,select_nonsmoker,17.55,42,0.086,Transamerica_FE_Express_Solution_Agent_Guide,3247945R11,
Transamerica,fe_express_solution,ALL,28,male,Y,25000-49999,select_smoker,30.72,42,0.086,Transamerica_FE_Express_Solution_Agent_Guide,3247945R11,
Transamerica,fe_express_solution,ALL,29,female,N,25000-49999,premier,13.86,42,0.086,Transamerica_FE_Express_Solution_Agent_Guide,3247945R11,
Transamerica,fe_express_solution,ALL,29,female,N,25000-49999,select_nonsmoker,16.55,42,0.086,Transamerica_FE_Express_Solution_Agent_Guide,3247945R11,
Transamerica,fe_express_solution,ALL,29,female,Y,25000-49999,select_smoker,29.99,42,0.086,Transamerica_FE_Express_Solution_Agent_Guide,3247945R11,
Transamerica,fe_express_solution,ALL,29,male,N,25000-49999,premier,14.9,42,0.086,Transamerica_FE_Express_Solution_Agent_Guide,3247945R11,
Transamerica,fe_express_solution,ALL,29,male,N,25000-49999,select_nonsmoker,18.08,42,0.086,Transamerica_FE_Express_Solution_Agent_Guide,3247945R11,
Transamerica,fe_express_solution,ALL,29,male,Y,25000-49999,select_smoker,31.91,42,0.086,Transamerica_FE_Express_Solution_Agent_Guide,3247945R11,
Transamerica,fe_express_solution,ALL,30,female,N,25000-49999,premier,14.34,42,0.086,Transamerica_FE_Express_Solution_Agent_Guide,3247945R11,
Transamerica,fe_express_solution,ALL,30,female,N,25000-49999,select_nonsmoker,17.14,42,0.086,Transamerica_FE_Express_Solution_Agent_Guide,3247945R11,
Transamerica,fe_express_solution,ALL,30,female,Y,25000-49999,select_smoker,31.24,42,0.086,Transamerica_FE_Express_Solution_Agent_Guide,3247945R11,
Transamerica,fe_express_solution,ALL,30,male,N,25000-49999,premier,15.38,42,0.086,Transamerica_FE_Express_Solution_Agent_Guide,3247945R11,
Transamerica,fe_express_solution,ALL,30,male,N,25000-49999,select_nonsmoker,18.61,42,0.086,Transamerica_FE_Express_Solution_Agent_Guide,3247945R11,
Transamerica,fe_express_solution,ALL,30,male,Y,25000-49999,select_smoker,33.1,42,0.086,Transamerica_FE_Express_Solution_Agent_Guide,3247945R11,
Transamerica,fe_express_solution,ALL,31,female,N,25000-49999,premier,14.71,42,0.086,Transamerica_FE_Express_Solution_Agent_Guide,3247945R11,
Transamerica,fe_express_solution,ALL,31,female,N,25000-49999,select_nonsmoker,17.64,42,0.086,Transamerica_FE_Express_Solution_Agent_Guide,3247945R11,
Transamerica,fe_express_solution,ALL,31,female,Y,25000-49999,select_smoker,32.15,42,0.086,Transamerica_FE_Express_Solution_Agent_Guide,3247945R11,
Transamerica,fe_express_solution,ALL,31,male,N,25000-49999,premier,15.81,42,0.086,Transamerica_FE_Express_Solution_Agent_Guide,3247945R11,
Transamerica,fe_express_solution,ALL,31,male,N,25000-49999,select_nonsmoker,19.21,42,0.086,Transamerica_FE_Express_Solution_Agent_Guide,3247945R11,
Transamerica,fe_express_solution,ALL,31,male,Y,25000-49999,select_smoker,34.33,42,0.086,Transamerica_FE_Express_Solution_Agent_Guide,3247945R11,
Transamerica,fe_express_solution,ALL,32,female,N,25000-49999,premier,15.08,42,0.086,Transamerica_FE_Express_Solution_Agent_Guide,3247945R11,
Transamerica,fe_express_solution,ALL,32,female,N,25000-49999,select_nonsmoker,18.14,42,0.086,Transamerica_FE_Express_Solution_Agent_Guide,3247945R11,
Transamerica,fe_express_solution,ALL,32,female,Y,25000-49999,select_smoker,33.07,42,0.086,Transamerica_FE_Express_Solution_Agent_Guide,3247945R11,
Transamerica,fe_express_solution,ALL,32,male,N,25000-49999,premier,16.24,42,0.086,Transamerica_FE_Express_Solution_Agent_Guide,3247945R11,
Transamerica,fe_express_solution,ALL,32,male,N,25000-49999,select_nonsmoker,19.81,42,0.086,Transamerica_FE_Express_Solution_Agent_Guide,3247945R11,
Transamerica,fe_express_solution,ALL,32,male,Y,25000-49999,select_smoker,35.56,42,0.086,Transamerica_FE_Express_Solution_Agent_Guide,3247945R11,
Transamerica,fe_express_solution,ALL,33,female,N,25000-49999,premier,15.45,42,0.086,Transamerica_FE_Express_Solution_Agent_Guide,3247945R11,
Transamerica,fe_express_solution,ALL,33,female,N,25000-49999,select_nonsmoker,18.64,42,0.086,Transamerica_FE_Express_Solution_Agent_Guide,3247945R11,
Transamerica,fe_express_solution,ALL,33,female,Y,25000-49999,select_smoker,33.98,42,0.086,Transamerica_FE_Express_Solution_Agent_Guide,3247945R11,
Transamerica,fe_express_solution,ALL,33,male,N,25000-49999,premier,16.68,42,0.086,Transamerica_FE_Express_Solution_Agent_Guide,3247945R11,
Transamerica,fe_express_solution,ALL,33,male,N,25000-49999,select_nonsmoker,20.41,42,0.086,Transamerica_FE_Express_Solution_Agent_Guide,3247945R11,
Transamerica,fe_express_solution,ALL,33,male,Y,25000-49999,select_smoker,36.79,42,0.086,Transamerica_FE_Express_Solution_Agent_Guide,3247945R11,
Transamerica,fe_express_solution,ALL,34,female,N,25000-49999,premier,15.82,42,0.086,Transamerica_FE_Express_Solution_Agent_Guide,3247945R11,
Transamerica,fe_express_solution,ALL,34,female,N,25000-49999,select_nonsmoker,19.13,42,0.086,Transamerica_FE_Express_Solution_Agent_Guide,3247945R11,
Transamerica,fe_express_solution,ALL,34,female,Y,25000-49999,select_smoker,34.9,42,0.086,Transamerica_FE_Express_Solution_Agent_Guide,3247945R11,
Transamerica,fe_express_solution,ALL,34,male,N,25000-49999,premier,17.11,42,0.086,Transamerica_FE_Express_Solution_Agent_Guide,3247945R11,
Transamerica,fe_express_solution,ALL,34,male,N,25000-49999,select_nonsmoker,21.01,42,0.086,Transamerica_FE_Express_Solution_Agent_Guide,3247945R11,
Transamerica,fe_express_solution,ALL,34,male,Y,25000-49999,select_smoker,38.02,42,0.086,Transamerica_FE_Express_Solution_Agent_Guide,3247945R11,
Transamerica,fe_express_solution,ALL,35,female,N,25000-49999,premier,16.19,42,0.086,Transamerica_FE_Express_Solution_Agent_Guide,3247945R11,
Transamerica,fe_express_solution,ALL,35,female,N,25000-49999,select_nonsmoker,19.63,42,0.086,Transamerica_FE_Express_Solution_Agent_Guide,3247945R11,
Transamerica,fe_express_solution,ALL,35,female,Y,25000-49999,select_smoker,35.81,42,0.086,Transamerica_FE_Express_Solution_Agent_Guide,3247945R11,
Transamerica,fe_express_solution,ALL,35,male,N,25000-49999,premier,17.54,42,0.086,Transamerica_FE_Express_Solution_Agent_Guide,3247945R11,
Transamerica,fe_express_solution,ALL,35,male,N,25000-49999,select_nonsmoker,21.61,42,0.086,Transamerica_FE_Express_Solution_Agent_Guide,3247945R11,
Transamerica,fe_express_solution,ALL,35,male,Y,25000-49999,select_smoker,39.25,42,0.086,Transamerica_FE_Express_Solution_Agent_Guide,3247945R11,
Transamerica,fe_express_solution,ALL,36,female,N,25000-49999,premier,16.6,42,0.086,Transamerica_FE_Express_Solution_Agent_Guide,3247945R11,
Transamerica,fe_express_solution,ALL,36,female,N,25000-49999,select_nonsmoker,20.27,42,0.086,Transamerica_FE_Express_Solution_Agent_Guide,3247945R11,
Transamerica,fe_express_solution,ALL,36,female,Y,25000-49999,select_smoker,36.92,42,0.086,Transamerica_FE_Express_Solution_Agent_Guide,3247945R11,
Transamerica,fe_express_solution,ALL,36,male,N,25000-49999,premier,17.98,42,0.086,Transamerica_FE_Express_Solution_Agent_Guide,3247945R11,
Transamerica,fe_express_solution,ALL,36,male,N,25000-49999,select_nonsmoker,22.3,42,0.086,Transamerica_FE_Express_Solution_Agent_Guide,3247945R11,
Transamerica,fe_express_solution,ALL,36,male,Y,25000-49999,select_smoker,40.41,42,0.086,Transamerica_FE_Express_Solution_Agent_Guide,3247945R11,
Transamerica,fe_express_solution,ALL,37,female,N,25000-49999,premier,17.01,42,0.086,Transamerica_FE_Express_Solution_Agent_Guide,3247945R11,
Transamerica,fe_express_solution,ALL,37,female,N,25000-49999,select_nonsmoker,20.91,42,0.086,Transamerica_FE_Express_Solution_Agent_Guide,3247945R11,
Transamerica,fe_express_solution,ALL,37,female,Y,25000-49999,select_smoker,38.03,42,0.086,Transamerica_FE_Express_Solution_Agent_Guide,3247945R11,
Transamerica,fe_express_solution,ALL,37,male,N,25000-49999,premier,18.43,42,0.086,Transamerica_FE_Express_Solution_Agent_Guide,3247945R11,
Transamerica,fe_express_solution,ALL,37,male,N,25000-49999,select_nonsmoker,22.99,42,0.086,Transamerica_FE_Express_Solution_Agent_Guide,3247945R11,
Transamerica,fe_express_solution,ALL,37,male,Y,25000-49999,select_smoker,41.56,42,0.086,Transamerica_FE_Express_Solution_Agent_Guide,3247945R11,
Transamerica,fe_express_solution,ALL,38,female,N,25000-49999,premier,17.41,42,0.086,Transamerica_FE_Express_Solution_Agent_Guide,3247945R11,
Transamerica,fe_express_solution,ALL,38,female,N,25000-49999,select_nonsmoker,21.56,42,0.086,Transamerica_FE_Express_Solution_Agent_Guide,3247945R11,
Transamerica,fe_express_solution,ALL,38,female,Y,25000-49999,select_smoker,39.14,42,0.086,Transamerica_FE_Express_Solution_Agent_Guide,3247945R11,
Transamerica,fe_express_solution,ALL,38,male,N,25000-49999,premier,18.88,42,0.086,Transamerica_FE_Express_Solution_Agent_Guide,3247945R11,
Transamerica,fe_express_solution,ALL,38,male,N,25000-49999,select_nonsmoker,23.69,42,0.086,Transamerica_FE_Express_Solution_Agent_Guide,3247945R11,
Transamerica,fe_express_solution,ALL,38,male,Y,25000-49999,select_smoker,42.72,42,0.086,Transamerica_FE_Express_Solution_Agent_Guide,3247945R11,
Transamerica,fe_express_solution,ALL,39,female,N,25000-49999,premier,17.82,42,0.086,Transamerica_FE_Express_Solution_Agent_Guide,3247945R11,
Transamerica,fe_express_solution,ALL,39,female,N,25000-49999,select_nonsmoker,22.2,42,0.086,Transamerica_FE_Express_Solution_Agent_Guide,3247945R11,
Transamerica,fe_express_solution,ALL,39,female,Y,25000-49999,select_smoker,40.25,42,0.086,Transamerica_FE_Express_Solution_Agent_Guide,3247945R11,
Transamerica,fe_express_solution,ALL,39,male,N,25000-49999,premier,19.32,42,0.086,Transamerica_FE_Express_Solution_Agent_Guide,3247945R11,
Transamerica,fe_express_solution,ALL,39,male,N,25000-49999,select_nonsmoker,24.38,42,0.086,Transamerica_FE_Express_Solution_Agent_Guide,3247945R11,
Transamerica,fe_express_solution,ALL,39,male,Y,25000-49999,select_smoker,43.87,42,0.086,Transamerica_FE_Express_Solution_Agent_Guide,3247945R11,
Transamerica,fe_express_solution,ALL,40,female,N,25000-49999,premier,23.23,42,0.086,Transamerica_FE_Express_Solution_Agent_Guide,3247945R11,
Transamerica,fe_express_solution,ALL,40,female,N,25000-49999,select_nonsmoker,35.48,42,0.086,Transamerica_FE_Express_Solution_Agent_Guide,3247945R11,
Transamerica,fe_express_solution,ALL,40,female,Y,25000-49999,select_smoker,41.36,42,0.086,Transamerica_FE_Express_Solution_Agent_Guide,3247945R11,
Transamerica,fe_express_solution,ALL,40,male,N,25000-49999,premier,26.08,42,0.086,Transamerica_FE_Express_Solution_Agent_Guide,3247945R11,
Transamerica,fe_express_solution,ALL,40,male,N,25000-49999,select_nonsmoker,38.56,42,0.086,Transamerica_FE_Express_Solution_Agent_Guide,3247945R11,
Transamerica,fe_express_solution,ALL,40,male,Y,25000-49999,select_smoker,45.03,42,0.086,Transamerica_FE_Express_Solution_Agent_Guide,3247945R11,
Transamerica,fe_express_solution,ALL,41,female,N,25000-49999,premier,23.69,42,0.086,Transamerica_FE_Express_Solution_Agent_Guide,3247945R11,
Transamerica,fe_express_solution,ALL,41,female,N,25000-49999,select_nonsmoker,35.92,42,0.086,Transamerica_FE_Express_Solution_Agent_Guide,3247945R11,
Transamerica,fe_express_solution,ALL,41,female,Y,25000-49999,select_smoker,44.01,42,0.086,Transamerica_FE_Express_Solution_Agent_Guide,3247945R11,
Transamerica,fe_express_solution,ALL,41,male,N,25000-49999,premier,26.76,42,0.086,Transamerica_FE_Express_Solution_Agent_Guide,3247945R11,
Transamerica,fe_express_solution,ALL,41,male,N,25000-49999,select_nonsmoker,39.21,42,0.086,Transamerica_FE_Express_Solution_Agent_Guide,3247945R11,
Transamerica,fe_express_solution,ALL,41,male,Y,25000-49999,select_smoker,47.89,42,0.086,Transamerica_FE_Express_Solution_Agent_Guide,3247945R11,
Transamerica,fe_express_solution,ALL,42,female,N,25000-49999,premier,24.16,42,0.086,Transamerica_FE_Express_Solution_Agent_Guide,3247945R11,
Transamerica,fe_express_solution,ALL,42,female,N,25000-49999,select_nonsmoker,36.36,42,0.086,Transamerica_FE_Express_Solution_Agent_Guide,3247945R11,
Transamerica,fe_express_solution,ALL,42,female,Y,25000-49999,select_smoker,46.66,42,0.086,Transamerica_FE_Express_Solution_Agent_Guide,3247945R11,
Transamerica,fe_express_solution,ALL,42,male,N,25000-49999,premier,27.45,42,0.086,Transamerica_FE_Express_Solution_Agent_Guide,3247945R11,
Transamerica,fe_express_solution,ALL,42,male,N,25000-49999,select_nonsmoker,39.86,42,0.086,Transamerica_FE_Express_Solution_Agent_Guide,3247945R11,
Transamerica,fe_express_solution,ALL,42,male,Y,25000-49999,select_smoker,50.75,42,0.086,Transamerica_FE_Express_Solution_Agent_Guide,3247945R11,
Transamerica,fe_express_solution,ALL,43,female,N,25000-49999,premier,24.63,42,0.086,Transamerica_FE_Express_Solution_Agent_Guide,3247945R11,
Transamerica,fe_express_solution,ALL,43,female,N,25000-49999,select_nonsmoker,36.79,42,0.086,Transamerica_FE_Express_Solution_Agent_Guide,3247945R11,
Transamerica,fe_express_solution,ALL,43,female,Y,25000-49999,select_smoker,49.32,42,0.086,Transamerica_FE_Express_Solution_Agent_Guide,3247945R11,
Transamerica,fe_express_solution,ALL,43,male,N,25000-49999,premier,28.13,42,0.086,Transamerica_FE_Express_Solution_Agent_Guide,3247945R11,
Transamerica,fe_express_solution,ALL,43,male,N,25000-49999,select_nonsmoker,40.51,42,0.086,Transamerica_FE_Express_Solution_Agent_Guide,3247945R11,
Transamerica,fe_express_solution,ALL,43,male,Y,25000-49999,select_smoker,53.61,42,0.086,Transamerica_FE_Express_Solution_Agent_Guide,3247945R11,
Transamerica,fe_express_solution,ALL,44,female,N,25000-49999,premier,25.1,42,0.086,Transamerica_FE_Express_Solution_Agent_Guide,3247945R11,
Transamerica,fe_express_solution,ALL,44,female,N,25000-49999,select_nonsmoker,37.23,42,0.086,Transamerica_FE_Express_Solution_Agent_Guide,3247945R11,
Transamerica,fe_express_solution,ALL,44,female,Y,25000-49999,select_smoker,51.97,42,0.086,Transamerica_FE_Express_Solution_Agent_Guide,3247945R11,
Transamerica,fe_express_solution,ALL,44,male,N,25000-49999,premier,28.82,42,0.086,Transamerica_FE_Express_Solution_Agent_Guide,3247945R11,
Transamerica,fe_express_solution,ALL,44,male,N,25000-49999,select_nonsmoker,41.16,42,0.086,Transamerica_FE_Express_Solution_Agent_Guide,3247945R11,
Transamerica,fe_express_solution,ALL,44,male,Y,25000-49999,select_smoker,56.47,42,0.086,Transamerica_FE_Express_Solution_Agent_Guide,3247945R11,
Transamerica,fe_express_solution,ALL,45,female,N,25000-49999,premier,25.56,42,0.086,Transamerica_FE_Express_Solution_Agent_Guide,3247945R11,
Transamerica,fe_express_solution,ALL,45,female,N,25000-49999,select_nonsmoker,37.67,42,0.086,Transamerica_FE_Express_Solution_Agent_Guide,3247945R11,
Transamerica,fe_express_solution,ALL,45,female,Y,25000-49999,select_smoker,54.62,42,0.086,Transamerica_FE_Express_Solution_Agent_Guide,3247945R11,
Transamerica,fe_express_solution,ALL,45,male,N,25000-49999,premier,29.51,42,0.086,Transamerica_FE_Express_Solution_Agent_Guide,3247945R11,
Transamerica,fe_express_solution,ALL,45,male,N,25000-49999,select_nonsmoker,41.81,42,0.086,Transamerica_FE_Express_Solution_Agent_Guide,3247945R11,
Transamerica,fe_express_solution,ALL,45,male,Y,25000-49999,select_smoker,59.34,42,0.086,Transamerica_FE_Express_Solution_Agent_Guide,3247945R11,
Transamerica,fe_express_solution,ALL,46,female,N,25000-49999,premier,26.04,42,0.086,Transamerica_FE_Express_Solution_Agent_Guide,3247945R11,
Transamerica,fe_express_solution,ALL,46,female,N,25000-49999,select_nonsmoker,38.24,42,0.086,Transamerica_FE_Express_Solution_Agent_Guide,3247945R11,
Transamerica,fe_express_solution,ALL,46,female,Y,25000-49999,select_smoker,55.5,42,0.086,Transamerica_FE_Express_Solution_Agent_Guide,3247945R11,
Transamerica,fe_express_solution,ALL,46,male,N,25000-49999,premier,30.34,42,0.086,Transamerica_FE_Express_Solution_Agent_Guide,3247945R11,
Transamerica,fe_express_solution,ALL,46,male,N,25000-49999,select_nonsmoker,42.64,42,0.086,Transamerica_FE_Express_Solution_Agent_Guide,3247945R11,
Transamerica,fe_express_solution,ALL,46,male,Y,25000-49999,select_smoker,60.82,42,0.086,Transamerica_FE_Express_Solution_Agent_Guide,3247945R11,
Transamerica,fe_express_solution,ALL,47,female,N,25000-49999,premier,26.52,42,0.086,Transamerica_FE_Express_Solution_Agent_Guide,3247945R11,
Transamerica,fe_express_solution,ALL,47,female,N,25000-49999,select_nonsmoker,38.81,42,0.086,Transamerica_FE_Express_Solution_Agent_Guide,3247945R11,
Transamerica,fe_express_solution,ALL,47,female,Y,25000-49999,select_smoker,56.38,42,0.086,Transamerica_FE_Express_Solution_Agent_Guide,3247945R11,
Transamerica,fe_express_solution,ALL,47,male,N,25000-49999,premier,31.17,42,0.086,Transamerica_FE_Express_Solution_Agent_Guide,3247945R11,
Transamerica,fe_express_solution,ALL,47,male,N,25000-49999,select_nonsmoker,43.47,42,0.086,Transamerica_FE_Express_Solution_Agent_Guide,3247945R11,
Transamerica,fe_express_solution,ALL,47,male,Y,25000-49999,select_smoker,62.29,42,0.086,Transamerica_FE_Express_Solution_Agent_Guide,3247945R11,
Transamerica,fe_express_solution,ALL,48,female,N,25000-49999,premier,26.99,42,0.086,Transamerica_FE_Express_Solution_Agent_Guide,3247945R11,
Transamerica,fe_express_solution,ALL,48,female,N,25000-49999,select_nonsmoker,39.39,42,0.086,Transamerica_FE_Express_Solution_Agent_Guide,3247945R11,
Transamerica,fe_express_solution,ALL,48,female,Y,25000-49999,select_smoker,57.26,42,0.086,Transamerica_FE_Express_Solution_Agent_Guide,3247945R11,
Transamerica,fe_express_solution,ALL,48,male,N,25000-49999,premier,32.0,42,0.086,Transamerica_FE_Express_Solution_Agent_Guide,3247945R11,
Transamerica,fe_express_solution,ALL,48,male,N,25000-49999,select_nonsmoker,44.31,42,0.086,Transamerica_FE_Express_Solution_Agent_Guide,3247945R11,
Transamerica,fe_express_solution,ALL,48,male,Y,25000-49999,select_smoker,63.77,42,0.086,Transamerica_FE_Express_Solution_Agent_Guide,3247945R11,
Transamerica,fe_express_solution,ALL,49,female,N,25000-49999,premier,27.47,42,0.086,Transamerica_FE_Express_Solution_Agent_Guide,3247945R11,
Transamerica,fe_express_solution,ALL,49,female,N,25000-49999,select_nonsmoker,39.96,42,0.086,Transamerica_FE_Express_Solution_Agent_Guide,3247945R11,
Transamerica,fe_express_solution,ALL,49,female,Y,25000-49999,select_smoker,58.13,42,0.086,Transamerica_FE_Express_Solution_Agent_Guide,3247945R11,
Transamerica,fe_express_solution,ALL,49,male,N,25000-49999,premier,32.83,42,0.086,Transamerica_FE_Express_Solution_Agent_Guide,3247945R11,
Transamerica,fe_express_solution,ALL,49,male,N,25000-49999,select_nonsmoker,45.14,42,0.086,Transamerica_FE_Express_Solution_Agent_Guide,3247945R11,
Transamerica,fe_express_solution,ALL,49,male,Y,25000-49999,select_smoker,65.25,42,0.086,Transamerica_FE_Express_Solution_Agent_Guide,3247945R11,
Transamerica,fe_express_solution,ALL,50,female,N,25000-49999,premier,27.95,42,0.086,Transamerica_FE_Express_Solution_Agent_Guide,3247945R11,
Transamerica,fe_express_solution,ALL,50,female,N,25000-49999,select_nonsmoker,40.53,42,0.086,Transamerica_FE_Express_Solution_Agent_Guide,3247945R11,
Transamerica,fe_express_solution,ALL,50,female,Y,25000-49999,select_smoker,59.01,42,0.086,Transamerica_FE_Express_Solution_Agent_Guide,3247945R11,
Transamerica,fe_express_solution,ALL,50,male,N,25000-49999,premier,33.66,42,0.086,Transamerica_FE_Express_Solution_Agent_Guide,3247945R11,
Transamerica,fe_express_solution,ALL,50,male,N,25000-49999,select_nonsmoker,45.97,42,0.086,Transamerica_FE_Express_Solution_Agent_Guide,3247945R11,
Transamerica,fe_express_solution,ALL,50,male,Y,25000-49999,select_smoker,66.73,42,0.086,Transamerica_FE_Express_Solution_Agent_Guide,3247945R11,
Transamerica,fe_express_solution,ALL,51,female,N,25000-49999,premier,28.84,42,0.086,Transamerica_FE_Express_Solution_Agent_Guide,3247945R11,
Transamerica,fe_express_solution,ALL,51,female,N,25000-49999,select_nonsmoker,41.12,42,0.086,Transamerica_FE_Express_Solution_Agent_Guide,3247945R11,
Transamerica,fe_express_solution,ALL,51,female,Y,25000-49999,select_smoker,61.32,42,0.086,Transamerica_FE_Express_Solution_Agent_Guide,3247945R11,
Transamerica,fe_express_solution,ALL,51,male,N,25000-49999,premier,34.88,42,0.086,Transamerica_FE_Express_Solution_Agent_Guide,3247945R11,
Transamerica,fe_express_solution,ALL,51,male,N,25000-49999,select_nonsmoker,47.24,42,0.086,Transamerica_FE_Express_Solution_Agent_Guide,3247945R11,
Transamerica,fe_express_solution,ALL,51,male,Y,25000-49999,select_smoker,70.43,42,0.086,Transamerica_FE_Express_Solution_Agent_Guide,3247945R11,
Transamerica,fe_express_solution,ALL,52,female,N,25000-49999,premier,29.73,42,0.086,Transamerica_FE_Express_Solution_Agent_Guide,3247945R11,
Transamerica,fe_express_solution,ALL,52,female,N,25000-49999,select_nonsmoker,41.72,42,0.086,Transamerica_FE_Express_Solution_Agent_Guide,3247945R11,
Transamerica,fe_express_solution,ALL,52,female,Y,25000-49999,select_smoker,63.63,42,0.086,Transamerica_FE_Express_Solution_Agent_Guide,3247945R11,
Transamerica,fe_express_solution,ALL,52,male,N,25000-49999,premier,36.11,42,0.086,Transamerica_FE_Express_Solution_Agent_Guide,3247945R11,
Transamerica,fe_express_solution,ALL,52,male,N,25000-49999,select_nonsmoker,48.52,42,0.086,Transamerica_FE_Express_Solution_Agent_Guide,3247945R11,
Transamerica,fe_express_solution,ALL,52,male,Y,25000-49999,select_smoker,74.12,42,0.086,Transamerica_FE_Express_Solution_Agent_Guide,3247945R11,
Transamerica,fe_express_solution,ALL,53,female,N,25000-49999,premier,30.62,42,0.086,Transamerica_FE_Express_Solution_Agent_Guide,3247945R11,
Transamerica,fe_express_solution,ALL,53,female,N,25000-49999,select_nonsmoker,42.32,42,0.086,Transamerica_FE_Express_Solution_Agent_Guide,3247945R11,
Transamerica,fe_express_solution,ALL,53,female,Y,25000-49999,select_smoker,65.94,42,0.086,Transamerica_FE_Express_Solution_Agent_Guide,3247945R11,
Transamerica,fe_express_solution,ALL,53,male,N,25000-49999,premier,37.33,42,0.086,Transamerica_FE_Express_Solution_Agent_Guide,3247945R11,
Transamerica,fe_express_solution,ALL,53,male,N,25000-49999,select_nonsmoker,49.79,42,0.086,Transamerica_FE_Express_Solution_Agent_Guide,3247945R11,
Transamerica,fe_express_solution,ALL,53,male,Y,25000-49999,select_smoker,77.82,42,0.086,Transamerica_FE_Express_Solution_Agent_Guide,3247945R11,
Transamerica,fe_express_solution,ALL,54,female,N,25000-49999,premier,31.51,42,0.086,Transamerica_FE_Express_Solution_Agent_Guide,3247945R11,
Transamerica,fe_express_solution,ALL,54,female,N,25000-49999,select_nonsmoker,42.91,42,0.086,Transamerica_FE_Express_Solution_Agent_Guide,3247945R11,
Transamerica,fe_express_solution,ALL,54,female,Y,25000-49999,select_smoker,68.24,42,0.086,Transamerica_FE_Express_Solution_Agent_Guide,3247945R11,
Transamerica,fe_express_solution,ALL,54,male,N,25000-49999,premier,38.56,42,0.086,Transamerica_FE_Express_Solution_Agent_Guide,3247945R11,
Transamerica,fe_express_solution,ALL,54,male,N,25000-49999,select_nonsmoker,51.06,42,0.086,Transamerica_FE_Express_Solution_Agent_Guide,3247945R11,
Transamerica,fe_express_solution,ALL,54,male,Y,25000-49999,select_smoker,81.51,42,0.086,Transamerica_FE_Express_Solution_Agent_Guide,3247945R11,
Transamerica,fe_express_solution,ALL,55,female,N,25000-49999,premier,32.4,42,0.086,Transamerica_FE_Express_Solution_Agent_Guide,3247945R11,
Transamerica,fe_express_solution,ALL,55,female,N,25000-49999,select_nonsmoker,43.51,42,0.086,Transamerica_FE_Express_Solution_Agent_Guide,3247945R11,
Transamerica,fe_express_solution,ALL,55,female,Y,25000-49999,select_smoker,70.55,42,0.086,Transamerica_FE_Express_Solution_Agent_Guide,3247945R11,
Transamerica,fe_express_solution,ALL,55,male,N,25000-49999,premier,39.79,42,0.086,Transamerica_FE_Express_Solution_Agent_Guide,3247945R11,
Transamerica,fe_express_solution,ALL,55,male,N,25000-49999,select_nonsmoker,52.33,42,0.086,Transamerica_FE_Express_Solution_Agent_Guide,3247945R11,
Transamerica,fe_express_solution,ALL,55,male,Y,25000-49999,select_smoker,85.21,42,0.086,Transamerica_FE_Express_Solution_Agent_Guide,3247945R11,
Transamerica,fe_express_solution,ALL,56,female,N,25000-49999,premier,33.62,42,0.086,Transamerica_FE_Express_Solution_Agent_Guide,3247945R11,
Transamerica,fe_express_solution,ALL,56,female,N,25000-49999,select_nonsmoker,44.79,42,0.086,Transamerica_FE_Express_Solution_Agent_Guide,3247945R11,
Transamerica,fe_express_solution,ALL,56,female,Y,25000-49999,select_smoker,71.92,42,0.086,Transamerica_FE_Express_Solution_Agent_Guide,3247945R11,
Transamerica,fe_express_solution,ALL,56,male,N,25000-49999,premier,41.45,42,0.086,Transamerica_FE_Express_Solution_Agent_Guide,3247945R11,
Transamerica,fe_express_solution,ALL,56,male,N,25000-49999,select_nonsmoker,54.51,42,0.086,Transamerica_FE_Express_Solution_Agent_Guide,3247945R11,
Transamerica,fe_express_solution,ALL,56,male,Y,25000-49999,select_smoker,88.86,42,0.086,Transamerica_FE_Express_Solution_Agent_Guide,3247945R11,
Transamerica,fe_express_solution,ALL,57,female,N,25000-49999,premier,34.84,42,0.086,Transamerica_FE_Express_Solution_Agent_Guide,3247945R11,
Transamerica,fe_express_solution,ALL,57,female,N,25000-49999,select_nonsmoker,46.07,42,0.086,Transamerica_FE_Express_Solution_Agent_Guide,3247945R11,
Transamerica,fe_express_solution,ALL,57,female,Y,25000-49999,select_smoker,73.28,42,0.086,Transamerica_FE_Express_Solution_Agent_Guide,3247945R11,
Transamerica,fe_express_solution,ALL,57,male,N,25000-49999,premier,43.12,42,0.086,Transamerica_FE_Express_Solution_Agent_Guide,3247945R11,
Transamerica,fe_express_solution,ALL,57,male,N,25000-49999,select_nonsmoker,56.69,42,0.086,Transamerica_FE_Express_Solution_Agent_Guide,3247945R11,
Transamerica,fe_express_solution,ALL,57,male,Y,25000-49999,select_smoker,92.51,42,0.086,Transamerica_FE_Express_Solution_Agent_Guide,3247945R11,
Transamerica,fe_express_solution,ALL,58,female,N,25000-49999,premier,36.06,42,0.086,Transamerica_FE_Express_Solution_Agent_Guide,3247945R11,
Transamerica,fe_express_solution,ALL,58,female,N,25000-49999,select_nonsmoker,47.35,42,0.086,Transamerica_FE_Express_Solution_Agent_Guide,3247945R11,
Transamerica,fe_express_solution,ALL,58,female,Y,25000-49999,select_smoker,74.64,42,0.086,Transamerica_FE_Express_Solution_Agent_Guide,3247945R11,
Transamerica,fe_express_solution,ALL,58,male,N,25000-49999,premier,44.79,42,0.086,Transamerica_FE_Express_Solution_Agent_Guide,3247945R11,
Transamerica,fe_express_solution,ALL,58,male,N,25000-49999,select_nonsmoker,58.86,42,0.086,Transamerica_FE_Express_Solution_Agent_Guide,3247945R11,
Transamerica,fe_express_solution,ALL,58,male,Y,25000-49999,select_smoker,96.16,42,0.086,Transamerica_FE_Express_Solution_Agent_Guide,3247945R11,
Transamerica,fe_express_solution,ALL,59,female,N,25000-49999,premier,37.29,42,0.086,Transamerica_FE_Express_Solution_Agent_Guide,3247945R11,
Transamerica,fe_express_solution,ALL,59,female,N,25000-49999,select_nonsmoker,48.63,42,0.086,Transamerica_FE_Express_Solution_Agent_Guide,3247945R11,
Transamerica,fe_express_solution,ALL,59,female,Y,25000-49999,select_smoker,76.01,42,0.086,Transamerica_FE_Express_Solution_Agent_Guide,3247945R11,
Transamerica,fe_express_solution,ALL,59,male,N,25000-49999,premier,46.46,42,0.086,Transamerica_FE_Express_Solution_Agent_Guide,3247945R11,
Transamerica,fe_express_solution,ALL,59,male,N,25000-49999,select_nonsmoker,61.04,42,0.086,Transamerica_FE_Express_Solution_Agent_Guide,3247945R11,
Transamerica,fe_express_solution,ALL,59,male,Y,25000-49999,select_smoker,99.81,42,0.086,Transamerica_FE_Express_Solution_Agent_Guide,3247945R11,
Transamerica,fe_express_solution,ALL,60,female,N,25000-49999,premier,38.51,42,0.086,Transamerica_FE_Express_Solution_Agent_Guide,3247945R11,
Transamerica,fe_express_solution,ALL,60,female,N,25000-49999,select_nonsmoker,49.91,42,0.086,Transamerica_FE_Express_Solution_Agent_Guide,3247945R11,
Transamerica,fe_express_solution,ALL,60,female,Y,25000-49999,select_smoker,77.37,42,0.086,Transamerica_FE_Express_Solution_Agent_Guide,3247945R11,
Transamerica,fe_express_solution,ALL,60,male,N,25000-49999,premier,48.13,42,0.086,Transamerica_FE_Express_Solution_Agent_Guide,3247945R11,
Transamerica,fe_express_solution,ALL,60,male,N,25000-49999,select_nonsmoker,63.22,42,0.086,Transamerica_FE_Express_Solution_Agent_Guide,3247945R11,
Transamerica,fe_express_solution,ALL,60,male,Y,25000-49999,select_smoker,103.47,42,0.086,Transamerica_FE_Express_Solution_Agent_Guide,3247945R11,
Transamerica,fe_express_solution,ALL,61,female,N,25000-49999,premier,39.43,42,0.086,Transamerica_FE_Express_Solution_Agent_Guide,3247945R11,
Transamerica,fe_express_solution,ALL,61,female,N,25000-49999,select_nonsmoker,52.26,42,0.086,Transamerica_FE_Express_Solution_Agent_Guide,3247945R11,
Transamerica,fe_express_solution,ALL,61,female,Y,25000-49999,select_smoker,80.16,42,0.086,Transamerica_FE_Express_Solution_Agent_Guide,3247945R11,
Transamerica,fe_express_solution,ALL,61,male,N,25000-49999,premier,50.05,42,0.086,Transamerica_FE_Express_Solution_Agent_Guide,3247945R11,
Transamerica,fe_express_solution,ALL,61,male,N,25000-49999,select_nonsmoker,66.77,42,0.086,Transamerica_FE_Express_Solution_Agent_Guide,3247945R11,
Transamerica,fe_express_solution,ALL,61,male,Y,25000-49999,select_smoker,108.47,42,0.086,Transamerica_FE_Express_Solution_Agent_Guide,3247945R11,
Transamerica,fe_express_solution,ALL,62,female,N,25000-49999,premier,40.36,42,0.086,Transamerica_FE_Express_Solution_Agent_Guide,3247945R11,
Transamerica,fe_express_solution,ALL,62,female,N,25000-49999,select_nonsmoker,54.62,42,0.086,Transamerica_FE_Express_Solution_Agent_Guide,3247945R11,
Transamerica,fe_express_solution,ALL,62,female,Y,25000-49999,select_smoker,82.94,42,0.086,Transamerica_FE_Express_Solution_Agent_Guide,3247945R11,
Transamerica,fe_express_solution,ALL,62,male,N,25000-49999,premier,51.96,42,0.086,Transamerica_FE_Express_Solution_Agent_Guide,3247945R11,
Transamerica,fe_express_solution,ALL,62,male,N,25000-49999,select_nonsmoker,70.32,42,0.086,Transamerica_FE_Express_Solution_Agent_Guide,3247945R11,
Transamerica,fe_express_solution,ALL,62,male,Y,25000-49999,select_smoker,113.47,42,0.086,Transamerica_FE_Express_Solution_Agent_Guide,3247945R11,
Transamerica,fe_express_solution,ALL,63,female,N,25000-49999,premier,41.29,42,0.086,Transamerica_FE_Express_Solution_Agent_Guide,3247945R11,
Transamerica,fe_express_solution,ALL,63,female,N,25000-49999,select_nonsmoker,56.97,42,0.086,Transamerica_FE_Express_Solution_Agent_Guide,3247945R11,
Transamerica,fe_express_solution,ALL,63,female,Y,25000-49999,select_smoker,85.73,42,0.086,Transamerica_FE_Express_Solution_Agent_Guide,3247945R11,
Transamerica,fe_express_solution,ALL,63,male,N,25000-49999,premier,53.88,42,0.086,Transamerica_FE_Express_Solution_Agent_Guide,3247945R11,
Transamerica,fe_express_solution,ALL,63,male,N,25000-49999,select_nonsmoker,73.88,42,0.086,Transamerica_FE_Express_Solution_Agent_Guide,3247945R11,
Transamerica,fe_express_solution,ALL,63,male,Y,25000-49999,select_smoker,118.47,42,0.086,Transamerica_FE_Express_Solution_Agent_Guide,3247945R11,
Transamerica,fe_express_solution,ALL,64,female,N,25000-49999,premier,42.22,42,0.086,Transamerica_FE_Express_Solution_Agent_Guide,3247945R11,
Transamerica,fe_express_solution,ALL,64,female,N,25000-49999,select_nonsmoker,59.32,42,0.086,Transamerica_FE_Express_Solution_Agent_Guide,3247945R11,
Transamerica,fe_express_solution,ALL,64,female,Y,25000-49999,select_smoker,88.51,42,0.086,Transamerica_FE_Express_Solution_Agent_Guide,3247945R11,
Transamerica,fe_express_solution,ALL,64,male,N,25000-49999,premier,55.79,42,0.086,Transamerica_FE_Express_Solution_Agent_Guide,3247945R11,
Transamerica,fe_express_solution,ALL,64,male,N,25000-49999,select_nonsmoker,77.43,42,0.086,Transamerica_FE_Express_Solution_Agent_Guide,3247945R11,
Transamerica,fe_express_solution,ALL,64,male,Y,25000-49999,select_smoker,123.47,42,0.086,Transamerica_FE_Express_Solution_Agent_Guide,3247945R11,
Transamerica,fe_express_solution,ALL,65,female,N,25000-49999,premier,43.15,42,0.086,Transamerica_FE_Express_Solution_Agent_Guide,3247945R11,
Transamerica,fe_express_solution,ALL,65,female,N,25000-49999,select_nonsmoker,61.67,42,0.086,Transamerica_FE_Express_Solution_Agent_Guide,3247945R11,
Transamerica,fe_express_solution,ALL,65,female,Y,25000-49999,select_smoker,91.3,42,0.086,Transamerica_FE_Express_Solution_Agent_Guide,3247945R11,
Transamerica,fe_express_solution,ALL,65,male,N,25000-49999,premier,57.7,42,0.086,Transamerica_FE_Express_Solution_Agent_Guide,3247945R11,
Transamerica,fe_express_solution,ALL,65,male,N,25000-49999,select_nonsmoker,80.98,42,0.086,Transamerica_FE_Express_Solution_Agent_Guide,3247945R11,
Transamerica,fe_express_solution,ALL,65,male,Y,25000-49999,select_smoker,128.47,42,0.086,Transamerica_FE_Express_Solution_Agent_Guide,3247945R11,
Transamerica,fe_express_solution,ALL,66,female,N,25000-49999,premier,46.47,42,0.086,Transamerica_FE_Express_Solution_Agent_Guide,3247945R11,
Transamerica,fe_express_solution,ALL,66,female,N,25000-49999,select_nonsmoker,65.36,42,0.086,Transamerica_FE_Express_Solution_Agent_Guide,3247945R11,
Transamerica,fe_express_solution,ALL,66,female,Y,25000-49999,select_smoker,94.07,42,0.086,Transamerica_FE_Express_Solution_Agent_Guide,3247945R11,
Transamerica,fe_express_solution,ALL,66,male,N,25000-49999,premier,62.26,42,0.086,Transamerica_FE_Express_Solution_Agent_Guide,3247945R11,
Transamerica,fe_express_solution,ALL,66,male,N,25000-49999,select_nonsmoker,86.37,42,0.086,Transamerica_FE_Express_Solution_Agent_Guide,3247945R11,
Transamerica,fe_express_solution,ALL,66,male,Y,25000-49999,select_smoker,132.51,42,0.086,Transamerica_FE_Express_Solution_Agent_Guide,3247945R11,
Transamerica,fe_express_solution,ALL,67,female,N,25000-49999,premier,49.8,42,0.086,Transamerica_FE_Express_Solution_Agent_Guide,3247945R11,
Transamerica,fe_express_solution,ALL,67,female,N,25000-49999,select_nonsmoker,69.05,42,0.086,Transamerica_FE_Express_Solution_Agent_Guide,3247945R11,
Transamerica,fe_express_solution,ALL,67,female,Y,25000-49999,select_smoker,96.84,42,0.086,Transamerica_FE_Express_Solution_Agent_Guide,3247945R11,
Transamerica,fe_express_solution,ALL,67,male,N,25000-49999,premier,66.82,42,0.086,Transamerica_FE_Express_Solution_Agent_Guide,3247945R11,
Transamerica,fe_express_solution,ALL,67,male,N,25000-49999,select_nonsmoker,91.76,42,0.086,Transamerica_FE_Express_Solution_Agent_Guide,3247945R11,
Transamerica,fe_express_solution,ALL,67,male,Y,25000-49999,select_smoker,136.55,42,0.086,Transamerica_FE_Express_Solution_Agent_Guide,3247945R11,
Transamerica,fe_express_solution,ALL,68,female,N,25000-49999,premier,53.12,42,0.086,Transamerica_FE_Express_Solution_Agent_Guide,3247945R11,
Transamerica,fe_express_solution,ALL,68,female,N,25000-49999,select_nonsmoker,72.74,42,0.086,Transamerica_FE_Express_Solution_Agent_Guide,3247945R11,
Transamerica,fe_express_solution,ALL,68,female,Y,25000-49999,select_smoker,99.62,42,0.086,Transamerica_FE_Express_Solution_Agent_Guide,3247945R11,
Transamerica,fe_express_solution,ALL,68,male,N,25000-49999,premier,71.37,42,0.086,Transamerica_FE_Express_Solution_Agent_Guide,3247945R11,
Transamerica,fe_express_solution,ALL,68,male,N,25000-49999,select_nonsmoker,97.15,42,0.086,Transamerica_FE_Express_Solution_Agent_Guide,3247945R11,
Transamerica,fe_express_solution,ALL,68,male,Y,25000-49999,select_smoker,140.59,42,0.086,Transamerica_FE_Express_Solution_Agent_Guide,3247945R11,
Transamerica,fe_express_solution,ALL,69,female,N,25000-49999,premier,56.45,42,0.086,Transamerica_FE_Express_Solution_Agent_Guide,3247945R11,
Transamerica,fe_express_solution,ALL,69,female,N,25000-49999,select_nonsmoker,76.43,42,0.086,Transamerica_FE_Express_Solution_Agent_Guide,3247945R11,
Transamerica,fe_express_solution,ALL,69,female,Y,25000-49999,select_smoker,102.39,42,0.086,Transamerica_FE_Express_Solution_Agent_Guide,3247945R11,
Transamerica,fe_express_solution,ALL,69,male,N,25000-49999,premier,75.93,42,0.086,Transamerica_FE_Express_Solution_Agent_Guide,3247945R11,
Transamerica,fe_express_solution,ALL,69,male,N,25000-49999,select_nonsmoker,102.55,42,0.086,Transamerica_FE_Express_Solution_Agent_Guide,3247945R11,
Transamerica,fe_express_solution,ALL,69,male,Y,25000-49999,select_smoker,144.63,42,0.086,Transamerica_FE_Express_Solution_Agent_Guide,3247945R11,
Transamerica,fe_express_solution,ALL,70,female,N,25000-49999,premier,59.77,42,0.086,Transamerica_FE_Express_Solution_Agent_Guide,3247945R11,
Transamerica,fe_express_solution,ALL,70,female,N,25000-49999,select_nonsmoker,80.12,42,0.086,Transamerica_FE_Express_Solution_Agent_Guide,3247945R11,
Transamerica,fe_express_solution,ALL,70,female,Y,25000-49999,select_smoker,105.16,42,0.086,Transamerica_FE_Express_Solution_Agent_Guide,3247945R11,
Transamerica,fe_express_solution,ALL,70,male,N,25000-49999,premier,80.48,42,0.086,Transamerica_FE_Express_Solution_Agent_Guide,3247945R11,
Transamerica,fe_express_solution,ALL,70,male,N,25000-49999,select_nonsmoker,107.94,42,0.086,Transamerica_FE_Express_Solution_Agent_Guide,3247945R11,
Transamerica,fe_express_solution,ALL,70,male,Y,25000-49999,select_smoker,148.67,42,0.086,Transamerica_FE_Express_Solution_Agent_Guide,3247945R11,
Transamerica,fe_express_solution,ALL,71,female,N,25000-49999,premier,65.9,42,0.086,Transamerica_FE_Express_Solution_Agent_Guide,3247945R11,
Transamerica,fe_express_solution,ALL,71,female,N,25000-49999,select_nonsmoker,89.28,42,0.086,Transamerica_FE_Express_Solution_Agent_Guide,3247945R11,
Transamerica,fe_express_solution,ALL,71,female,Y,25000-49999,select_smoker,111.76,42,0.086,Transamerica_FE_Express_Solution_Agent_Guide,3247945R11,
Transamerica,fe_express_solution,ALL,71,male,N,25000-49999,premier,88.78,42,0.086,Transamerica_FE_Express_Solution_Agent_Guide,3247945R11,
Transamerica,fe_express_solution,ALL,71,male,N,25000-49999,select_nonsmoker,120.51,42,0.086,Transamerica_FE_Express_Solution_Agent_Guide,3247945R11,
Transamerica,fe_express_solution,ALL,71,male,Y,25000-49999,select_smoker,158.67,42,0.086,Transamerica_FE_Express_Solution_Agent_Guide,3247945R11,
Transamerica,fe_express_solution,ALL,72,female,N,25000-49999,premier,72.02,42,0.086,Transamerica_FE_Express_Solution_Agent_Guide,3247945R11,
Transamerica,fe_express_solution,ALL,72,female,N,25000-49999,select_nonsmoker,98.43,42,0.086,Transamerica_FE_Express_Solution_Agent_Guide,3247945R11,
Transamerica,fe_express_solution,ALL,72,female,Y,25000-49999,select_smoker,118.35,42,0.086,Transamerica_FE_Express_Solution_Agent_Guide,3247945R11,
Transamerica,fe_express_solution,ALL,72,male,N,25000-49999,premier,97.09,42,0.086,Transamerica_FE_Express_Solution_Agent_Guide,3247945R11,
Transamerica,fe_express_solution,ALL,72,male,N,25000-49999,select_nonsmoker,133.08,42,0.086,Transamerica_FE_Express_Solution_Agent_Guide,3247945R11,
Transamerica,fe_express_solution,ALL,72,male,Y,25000-49999,select_smoker,168.66,42,0.086,Transamerica_FE_Express_Solution_Agent_Guide,3247945R11,
Transamerica,fe_express_solution,ALL,73,female,N,25000-49999,premier,78.15,42,0.086,Transamerica_FE_Express_Solution_Agent_Guide,3247945R11,
Transamerica,fe_express_solution,ALL,73,female,N,25000-49999,select_nonsmoker,107.58,42,0.086,Transamerica_FE_Express_Solution_Agent_Guide,3247945R11,
Transamerica,fe_express_solution,ALL,73,female,Y,25000-49999,select_smoker,124.94,42,0.086,Transamerica_FE_Express_Solution_Agent_Guide,3247945R11,
Transamerica,fe_express_solution,ALL,73,male,N,25000-49999,premier,105.39,42,0.086,Transamerica_FE_Express_Solution_Agent_Guide,3247945R11,
Transamerica,fe_express_solution,ALL,73,male,N,25000-49999,select_nonsmoker,145.65,42,0.086,Transamerica_FE_Express_Solution_Agent_Guide,3247945R11,
Transamerica,fe_express_solution,ALL,73,male,Y,25000-49999,select_smoker,178.65,42,0.086,Transamerica_FE_Express_Solution_Agent_Guide,3247945R11,
Transamerica,fe_express_solution,ALL,74,female,N,25000-49999,premier,84.27,42,0.086,Transamerica_FE_Express_Solution_Agent_Guide,3247945R11,
Transamerica,fe_express_solution,ALL,74,female,N,25000-49999,select_nonsmoker,116.74,42,0.086,Transamerica_FE_Express_Solution_Agent_Guide,3247945R11,
Transamerica,fe_express_solution,ALL,74,female,Y,25000-49999,select_smoker,131.53,42,0.086,Transamerica_FE_Express_Solution_Agent_Guide,3247945R11,
Transamerica,fe_express_solution,ALL,74,male,N,25000-49999,premier,113.69,42,0.086,Transamerica_FE_Express_Solution_Agent_Guide,3247945R11,
Transamerica,fe_express_solution,ALL,74,male,N,25000-49999,select_nonsmoker,158.22,42,0.086,Transamerica_FE_Express_Solution_Agent_Guide,3247945R11,
Transamerica,fe_express_solution,ALL,74,male,Y,25000-49999,select_smoker,188.64,42,0.086,Transamerica_FE_Express_Solution_Agent_Guide,3247945R11,
Transamerica,fe_express_solution,ALL,75,female,N,25000-49999,premier,90.4,42,0.086,Transamerica_FE_Express_Solution_Agent_Guide,3247945R11,
Transamerica,fe_express_solution,ALL,75,female,N,25000-49999,select_nonsmoker,125.89,42,0.086,Transamerica_FE_Express_Solution_Agent_Guide,3247945R11,
Transamerica,fe_express_solution,ALL,75,female,Y,25000-49999,select_smoker,138.12,42,0.086,Transamerica_FE_Express_Solution_Agent_Guide,3247945R11,
Transamerica,fe_express_solution,ALL,75,male,N,25000-49999,premier,121.99,42,0.086,Transamerica_FE_Express_Solution_Agent_Guide,3247945R11,
Transamerica,fe_express_solution,ALL,75,male,N,25000-49999,select_nonsmoker,170.79,42,0.086,Transamerica_FE_Express_Solution_Agent_Guide,3247945R11,
Transamerica,fe_express_solution,ALL,75,male,Y,25000-49999,select_smoker,198.64,42,0.086,Transamerica_FE_Express_Solution_Agent_Guide,3247945R11,
Transamerica,fe_express_solution,ALL,76,female,N,25000-49999,premier,98.82,42,0.086,Transamerica_FE_Express_Solution_Agent_Guide,3247945R11,
Transamerica,fe_express_solution,ALL,76,female,N,25000-49999,select_nonsmoker,144.91,42,0.086,Transamerica_FE_Express_Solution_Agent_Guide,3247945R11,
Transamerica,fe_express_solution,ALL,76,female,Y,25000-49999,select_smoker,159.3,42,0.086,Transamerica_FE_Express_Solution_Agent_Guide,3247945R11,
Transamerica,fe_express_solution,ALL,76,male,N,25000-49999,premier,133.66,42,0.086,Transamerica_FE_Express_Solution_Agent_Guide,3247945R11,
Transamerica,fe_express_solution,ALL,76,male,N,25000-49999,select_nonsmoker,191.17,42,0.086,Transamerica_FE_Express_Solution_Agent_Guide,3247945R11,
Transamerica,fe_express_solution,ALL,76,male,Y,25000-49999,select_smoker,229.09,42,0.086,Transamerica_FE_Express_Solution_Agent_Guide,3247945R11,
Transamerica,fe_express_solution,ALL,77,female,N,25000-49999,premier,105.48,42,0.086,Transamerica_FE_Express_Solution_Agent_Guide,3247945R11,
Transamerica,fe_express_solution,ALL,77,female,N,25000-49999,select_nonsmoker,155.07,42,0.086,Transamerica_FE_Express_Solution_Agent_Guide,3247945R11,
Transamerica,fe_express_solution,ALL,77,female,Y,25000-49999,select_smoker,169.28,42,0.086,Transamerica_FE_Express_Solution_Agent_Guide,3247945R11,
Transamerica,fe_express_solution,ALL,77,male,N,25000-49999,premier,143.55,42,0.086,Transamerica_FE_Express_Solution_Agent_Guide,3247945R11,
Transamerica,fe_express_solution,ALL,77,male,N,25000-49999,select_nonsmoker,205.73,42,0.086,Transamerica_FE_Express_Solution_Agent_Guide,3247945R11,
Transamerica,fe_express_solution,ALL,77,male,Y,25000-49999,select_smoker,246.21,42,0.086,Transamerica_FE_Express_Solution_Agent_Guide,3247945R11,
Transamerica,fe_express_solution,ALL,78,female,N,25000-49999,premier,112.14,42,0.086,Transamerica_FE_Express_Solution_Agent_Guide,3247945R11,
Transamerica,fe_express_solution,ALL,78,female,N,25000-49999,select_nonsmoker,165.2,42,0.086,Transamerica_FE_Express_Solution_Agent_Guide,3247945R11,
Transamerica,fe_express_solution,ALL,78,female,Y,25000-49999,select_smoker,179.26,42,0.086,Transamerica_FE_Express_Solution_Agent_Guide,3247945R11,
Transamerica,fe_express_solution,ALL,78,male,N,25000-49999,premier,153.45,42,0.086,Transamerica_FE_Express_Solution_Agent_Guide,3247945R11,
Transamerica,fe_express_solution,ALL,78,male,N,25000-49999,select_nonsmoker,220.29,42,0.086,Transamerica_FE_Express_Solution_Agent_Guide,3247945R11,
Transamerica,fe_express_solution,ALL,78,male,Y,25000-49999,select_smoker,263.32,42,0.086,Transamerica_FE_Express_Solution_Agent_Guide,3247945R11,
Transamerica,fe_express_solution,ALL,79,female,N,25000-49999,premier,118.79,42,0.086,Transamerica_FE_Express_Solution_Agent_Guide,3247945R11,
Transamerica,fe_express_solution,ALL,79,female,N,25000-49999,select_nonsmoker,175.34,42,0.086,Transamerica_FE_Express_Solution_Agent_Guide,3247945R11,
Transamerica,fe_express_solution,ALL,79,female,Y,25000-49999,select_smoker,189.24,42,0.086,Transamerica_FE_Express_Solution_Agent_Guide,3247945R11,
Transamerica,fe_express_solution,ALL,79,male,N,25000-49999,premier,163.34,42,0.086,Transamerica_FE_Express_Solution_Agent_Guide,3247945R11,
Transamerica,fe_express_solution,ALL,79,male,N,25000-49999,select_nonsmoker,234.84,42,0.086,Transamerica_FE_Express_Solution_Agent_Guide,3247945R11,
Transamerica,fe_express_solution,ALL,79,male,Y,25000-49999,select_smoker,280.44,42,0.086,Transamerica_FE_Express_Solution_Agent_Guide,3247945R11,
Transamerica,fe_express_solution,ALL,80,female,N,25000-49999,premier,125.45,42,0.086,Transamerica_FE_Express_Solution_Agent_Guide,3247945R11,
Transamerica,fe_express_solution,ALL,80,female,N,25000-49999,select_nonsmoker,185.47,42,0.086,Transamerica_FE_Express_Solution_Agent_Guide,3247945R11,
Transamerica,fe_express_solution,ALL,80,female,Y,25000-49999,select_smoker,199.22,42,0.086,Transamerica_FE_Express_Solution_Agent_Guide,3247945R11,
Transamerica,fe_express_solution,ALL,80,male,N,25000-49999,premier,173.24,42,0.086,Transamerica_FE_Express_Solution_Agent_Guide,3247945R11,
Transamerica,fe_express_solution,ALL,80,male,N,25000-49999,select_nonsmoker,249.4,42,0.086,Transamerica_FE_Express_Solution_Agent_Guide,3247945R11,
Transamerica,fe_express_solution,ALL,80,male,Y,25000-49999,select_smoker,297.55,42,0.086,Transamerica_FE_Express_Solution_Agent_Guide,3247945R11,
Transamerica,fe_express_solution,ALL,81,female,N,25000-49999,premier,139.74,42,0.086,Transamerica_FE_Express_Solution_Agent_Guide,3247945R11,
Transamerica,fe_express_solution,ALL,81,female,N,25000-49999,select_nonsmoker,206.83,42,0.086,Transamerica_FE_Express_Solution_Agent_Guide,3247945R11,
Transamerica,fe_express_solution,ALL,81,female,Y,25000-49999,select_smoker,219.77,42,0.086,Transamerica_FE_Express_Solution_Agent_Guide,3247945R11,
Transamerica,fe_express_solution,ALL,81,male,N,25000-49999,premier,191.85,42,0.086,Transamerica_FE_Express_Solution_Agent_Guide,3247945R11,
Transamerica,fe_express_solution,ALL,81,male,N,25000-49999,select_nonsmoker,286.48,42,0.086,Transamerica_FE_Express_Solution_Agent_Guide,3247945R11,
Transamerica,fe_express_solution,ALL,81,male,Y,25000-49999,select_smoker,331.53,42,0.086,Transamerica_FE_Express_Solution_Agent_Guide,3247945R11,
Transamerica,fe_express_solution,ALL,82,female,N,25000-49999,premier,154.02,42,0.086,Transamerica_FE_Express_Solution_Agent_Guide,3247945R11,
Transamerica,fe_express_solution,ALL,82,female,N,25000-49999,select_nonsmoker,228.19,42,0.086,Transamerica_FE_Express_Solution_Agent_Guide,3247945R11,
Transamerica,fe_express_solution,ALL,82,female,Y,25000-49999,select_smoker,240.32,42,0.086,Transamerica_FE_Express_Solution_Agent_Guide,3247945R11,
Transamerica,fe_express_solution,ALL,82,male,N,25000-49999,premier,210.46,42,0.086,Transamerica_FE_Express_Solution_Agent_Guide,3247945R11,
Transamerica,fe_express_solution,ALL,82,male,N,25000-49999,select_nonsmoker,323.55,42,0.086,Transamerica_FE_Express_Solution_Agent_Guide,3247945R11,
Transamerica,fe_express_solution,ALL,82,male,Y,25000-49999,select_smoker,365.51,42,0.086,Transamerica_FE_Express_Solution_Agent_Guide,3247945R11,
Transamerica,fe_express_solution,ALL,83,female,N,25000-49999,premier,168.31,42,0.086,Transamerica_FE_Express_Solution_Agent_Guide,3247945R11,
Transamerica,fe_express_solution,ALL,83,female,N,25000-49999,select_nonsmoker,249.55,42,0.086,Transamerica_FE_Express_Solution_Agent_Guide,3247945R11,
Transamerica,fe_express_solution,ALL,83,female,Y,25000-49999,select_smoker,260.87,42,0.086,Transamerica_FE_Express_Solution_Agent_Guide,3247945R11,
Transamerica,fe_express_solution,ALL,83,male,N,25000-49999,premier,229.07,42,0.086,Transamerica_FE_Express_Solution_Agent_Guide,3247945R11,
Transamerica,fe_express_solution,ALL,83,male,N,25000-49999,select_nonsmoker,360.62,42,0.086,Transamerica_FE_Express_Solution_Agent_Guide,3247945R11,
Transamerica,fe_express_solution,ALL,83,male,Y,25000-49999,select_smoker,399.49,42,0.086,Transamerica_FE_Express_Solution_Agent_Guide,3247945R11,
Transamerica,fe_express_solution,ALL,84,female,N,25000-49999,premier,182.59,42,0.086,Transamerica_FE_Express_Solution_Agent_Guide,3247945R11,
Transamerica,fe_express_solution,ALL,84,female,N,25000-49999,select_nonsmoker,267.15,42,0.086,Transamerica_FE_Express_Solution_Agent_Guide,3247945R11,
Transamerica,fe_express_solution,ALL,84,female,Y,25000-49999,select_smoker,281.42,42,0.086,Transamerica_FE_Express_Solution_Agent_Guide,3247945R11,
Transamerica,fe_express_solution,ALL,84,male,N,25000-49999,premier,247.69,42,0.086,Transamerica_FE_Express_Solution_Agent_Guide,3247945R11,
Transamerica,fe_express_solution,ALL,84,male,N,25000-49999,select_nonsmoker,397.69,42,0.086,Transamerica_FE_Express_Solution_Agent_Guide,3247945R11,
Transamerica,fe_express_solution,ALL,84,male,Y,25000-49999,select_smoker,433.48,42,0.086,Transamerica_FE_Express_Solution_Agent_Guide,3247945R11,
Transamerica,fe_express_solution,ALL,85,female,N,25000-49999,premier,196.88,42,0.086,Transamerica_FE_Express_Solution_Agent_Guide,3247945R11,
Transamerica,fe_express_solution,ALL,85,female,N,25000-49999,select_nonsmoker,284.52,42,0.086,Transamerica_FE_Express_Solution_Agent_Guide,3247945R11,
Transamerica,fe_express_solution,ALL,85,female,Y,25000-49999,select_smoker,301.96,42,0.086,Transamerica_FE_Express_Solution_Agent_Guide,3247945R11,
Transamerica,fe_express_solution,ALL,85,male,N,25000-49999,premier,266.3,42,0.086,Transamerica_FE_Express_Solution_Agent_Guide,3247945R11,
Transamerica,fe_express_solution,ALL,85,male,N,25000-49999,select_nonsmoker,434.77,42,0.086,Transamerica_FE_Express_Solution_Agent_Guide,3247945R11,
Transamerica,fe_express_solution,ALL,85,male,Y,25000-49999,select_smoker,467.46,42,0.086,Transamerica_FE_Express_Solution_Agent_Guide,3247945R11,
Transamerica,fe_express_solution,ALL,18,female,N,50000-100000,premier,9.56,42,0.086,Transamerica_FE_Express_Solution_Agent_Guide,3247945R11,
Transamerica,fe_express_solution,ALL,18,female,N,50000-100000,select_nonsmoker,11.13,42,0.086,Transamerica_FE_Express_Solution_Agent_Guide,3247945R11,
Transamerica,fe_express_solution,ALL,18,female,Y,50000-100000,select_smoker,18.98,42,0.086,Transamerica_FE_Express_Solution_Agent_Guide,3247945R11,
Transamerica,fe_express_solution,ALL,18,male,N,50000-100000,premier,10.81,42,0.086,Transamerica_FE_Express_Solution_Agent_Guide,3247945R11,
Transamerica,fe_express_solution,ALL,18,male,N,50000-100000,select_nonsmoker,13.56,42,0.086,Transamerica_FE_Express_Solution_Agent_Guide,3247945R11,
Transamerica,fe_express_solution,ALL,18,male,Y,50000-100000,select_smoker,21.87,42,0.086,Transamerica_FE_Express_Solution_Agent_Guide,3247945R11,
Transamerica,fe_express_solution,ALL,19,female,N,50000-100000,premier,10.27,42,0.086,Transamerica_FE_Express_Solution_Agent_Guide,3247945R11,
Transamerica,fe_express_solution,ALL,19,female,N,50000-100000,select_nonsmoker,11.96,42,0.086,Transamerica_FE_Express_Solution_Agent_Guide,3247945R11,
Transamerica,fe_express_solution,ALL,19,female,Y,50000-100000,select_smoker,20.36,42,0.086,Transamerica_FE_Express_Solution_Agent_Guide,3247945R11,
Transamerica,fe_express_solution,ALL,19,male,N,50000-100000,premier,11.6,42,0.086,Transamerica_FE_Express_Solution_Agent_Guide,3247945R11,
Transamerica,fe_express_solution,ALL,19,male,N,50000-100000,select_nonsmoker,14.53,42,0.086,Transamerica_FE_Express_Solution_Agent_Guide,3247945R11,
Transamerica,fe_express_solution,ALL,19,male,Y,50000-100000,select_smoker,23.34,42,0.086,Transamerica_FE_Express_Solution_Agent_Guide,3247945R11,
Transamerica,fe_express_solution,ALL,20,female,N,50000-100000,premier,10.63,42,0.086,Transamerica_FE_Express_Solution_Agent_Guide,3247945R11,
Transamerica,fe_express_solution,ALL,20,female,N,50000-100000,select_nonsmoker,12.38,42,0.086,Transamerica_FE_Express_Solution_Agent_Guide,3247945R11,
Transamerica,fe_express_solution,ALL,20,female,Y,50000-100000,select_smoker,21.75,42,0.086,Transamerica_FE_Express_Solution_Agent_Guide,3247945R11,
Transamerica,fe_express_solution,ALL,20,male,N,50000-100000,premier,11.99,42,0.086,Transamerica_FE_Express_Solution_Agent_Guide,3247945R11,
Transamerica,fe_express_solution,ALL,20,male,N,50000-100000,select_nonsmoker,15.01,42,0.086,Transamerica_FE_Express_Solution_Agent_Guide,3247945R11,
Transamerica,fe_express_solution,ALL,20,male,Y,50000-100000,select_smoker,24.8,42,0.086,Transamerica_FE_Express_Solution_Agent_Guide,3247945R11,
Transamerica,fe_express_solution,ALL,21,female,N,50000-100000,premier,10.89,42,0.086,Transamerica_FE_Express_Solution_Agent_Guide,3247945R11,
Transamerica,fe_express_solution,ALL,21,female,N,50000-100000,select_nonsmoker,12.74,42,0.086,Transamerica_FE_Express_Solution_Agent_Guide,3247945R11,
Transamerica,fe_express_solution,ALL,21,female,Y,50000-100000,select_smoker,22.4,42,0.086,Transamerica_FE_Express_Solution_Agent_Guide,3247945R11,
Transamerica,fe_express_solution,ALL,21,male,N,50000-100000,premier,12.19,42,0.086,Transamerica_FE_Express_Solution_Agent_Guide,3247945R11,
Transamerica,fe_express_solution,ALL,21,male,N,50000-100000,select_nonsmoker,15.2,42,0.086,Transamerica_FE_Express_Solution_Agent_Guide,3247945R11,
Transamerica,fe_express_solution,ALL,21,male,Y,50000-100000,select_smoker,25.27,42,0.086,Transamerica_FE_Express_Solution_Agent_Guide,3247945R11,
Transamerica,fe_express_solution,ALL,22,female,N,50000-100000,premier,11.15,42,0.086,Transamerica_FE_Express_Solution_Agent_Guide,3247945R11,
Transamerica,fe_express_solution,ALL,22,female,N,50000-100000,select_nonsmoker,13.11,42,0.086,Transamerica_FE_Express_Solution_Agent_Guide,3247945R11,
Transamerica,fe_express_solution,ALL,22,female,Y,50000-100000,select_smoker,23.05,42,0.086,Transamerica_FE_Express_Solution_Agent_Guide,3247945R11,
Transamerica,fe_express_solution,ALL,22,male,N,50000-100000,premier,12.38,42,0.086,Transamerica_FE_Express_Solution_Agent_Guide,3247945R11,
Transamerica,fe_express_solution,ALL,22,male,N,50000-100000,select_nonsmoker,15.39,42,0.086,Transamerica_FE_Express_Solution_Agent_Guide,3247945R11,
Transamerica,fe_express_solution,ALL,22,male,Y,50000-100000,select_smoker,25.75,42,0.086,Transamerica_FE_Express_Solution_Agent_Guide,3247945R11,
Transamerica,fe_express_solution,ALL,23,female,N,50000-100000,premier,11.41,42,0.086,Transamerica_FE_Express_Solution_Agent_Guide,3247945R11,
Transamerica,fe_express_solution,ALL,23,female,N,50000-100000,select_nonsmoker,13.47,42,0.086,Transamerica_FE_Express_Solution_Agent_Guide,3247945R11,
Transamerica,fe_express_solution,ALL,23,female,Y,50000-100000,select_smoker,23.7,42,0.086,Transamerica_FE_Express_Solution_Agent_Guide,3247945R11,
Transamerica,fe_express_solution,ALL,23,male,N,50000-100000,premier,12.58,42,0.086,Transamerica_FE_Express_Solution_Agent_Guide,3247945R11,
Transamerica,fe_express_solution,ALL,23,male,N,50000-100000,select_nonsmoker,15.58,42,0.086,Transamerica_FE_Express_Solution_Agent_Guide,3247945R11,
Transamerica,fe_express_solution,ALL,23,male,Y,50000-100000,select_smoker,26.22,42,0.086,Transamerica_FE_Express_Solution_Agent_Guide,3247945R11,
Transamerica,fe_express_solution,ALL,24,female,N,50000-100000,premier,11.67,42,0.086,Transamerica_FE_Express_Solution_Agent_Guide,3247945R11,
Transamerica,fe_express_solution,ALL,24,female,N,50000-100000,select_nonsmoker,13.84,42,0.086,Transamerica_FE_Express_Solution_Agent_Guide,3247945R11,
Transamerica,fe_express_solution,ALL,24,female,Y,50000-100000,select_smoker,24.35,42,0.086,Transamerica_FE_Express_Solution_Agent_Guide,3247945R11,
Transamerica,fe_express_solution,ALL,24,male,N,50000-100000,premier,12.77,42,0.086,Transamerica_FE_Express_Solution_Agent_Guide,3247945R11,
Transamerica,fe_express_solution,ALL,24,male,N,50000-100000,select_nonsmoker,15.77,42,0.086,Transamerica_FE_Express_Solution_Agent_Guide,3247945R11,
Transamerica,fe_express_solution,ALL,24,male,Y,50000-100000,select_smoker,26.69,42,0.086,Transamerica_FE_Express_Solution_Agent_Guide,3247945R11,
Transamerica,fe_express_solution,ALL,25,female,N,50000-100000,premier,11.93,42,0.086,Transamerica_FE_Express_Solution_Agent_Guide,3247945R11,
Transamerica,fe_express_solution,ALL,25,female,N,50000-100000,select_nonsmoker,14.2,42,0.086,Transamerica_FE_Express_Solution_Agent_Guide,3247945R11,
Transamerica,fe_express_solution,ALL,25,female,Y,50000-100000,select_smoker,25.0,42,0.086,Transamerica_FE_Express_Solution_Agent_Guide,3247945R11,
Transamerica,fe_express_solution,ALL,25,male,N,50000-100000,premier,12.97,42,0.086,Transamerica_FE_Express_Solution_Agent_Guide,3247945R11,
Transamerica,fe_express_solution,ALL,25,male,N,50000-100000,select_nonsmoker,15.96,42,0.086,Transamerica_FE_Express_Solution_Agent_Guide,3247945R11,
Transamerica,fe_express_solution,ALL,25,male,Y,50000-100000,select_smoker,27.16,42,0.086,Transamerica_FE_Express_Solution_Agent_Guide,3247945R11,
Transamerica,fe_express_solution,ALL,26,female,N,50000-100000,premier,12.42,42,0.086,Transamerica_FE_Express_Solution_Agent_Guide,3247945R11,
Transamerica,fe_express_solution,ALL,26,female,N,50000-100000,select_nonsmoker,14.79,42,0.086,Transamerica_FE_Express_Solution_Agent_Guide,3247945R11,
Transamerica,fe_express_solution,ALL,26,female,Y,50000-100000,select_smoker,26.25,42,0.086,Transamerica_FE_Express_Solution_Agent_Guide,3247945R11,
Transamerica,fe_express_solution,ALL,26,male,N,50000-100000,premier,13.45,42,0.086,Transamerica_FE_Express_Solution_Agent_Guide,3247945R11,
Transamerica,fe_express_solution,ALL,26,male,N,50000-100000,select_nonsmoker,16.49,42,0.086,Transamerica_FE_Express_Solution_Agent_Guide,3247945R11,
Transamerica,fe_express_solution,ALL,26,male,Y,50000-100000,select_smoker,28.34,42,0.086,Transamerica_FE_Express_Solution_Agent_Guide,3247945R11,
Transamerica,fe_express_solution,ALL,27,female,N,50000-100000,premier,12.9,42,0.086,Transamerica_FE_Express_Solution_Agent_Guide,3247945R11,
Transamerica,fe_express_solution,ALL,27,female,N,50000-100000,select_nonsmoker,15.38,42,0.086,Transamerica_FE_Express_Solution_Agent_Guide,3247945R11,
Transamerica,fe_express_solution,ALL,27,female,Y,50000-100000,select_smoker,27.5,42,0.086,Transamerica_FE_Express_Solution_Agent_Guide,3247945R11,
Transamerica,fe_express_solution,ALL,27,male,N,50000-100000,premier,13.94,42,0.086,Transamerica_FE_Express_Solution_Agent_Guide,3247945R11,
Transamerica,fe_express_solution,ALL,27,male,N,50000-100000,select_nonsmoker,17.02,42,0.086,Transamerica_FE_Express_Solution_Agent_Guide,3247945R11,
Transamerica,fe_express_solution,ALL,27,male,Y,50000-100000,select_smoker,29.53,42,0.086,Transamerica_FE_Express_Solution_Agent_Guide,3247945R11,
Transamerica,fe_express_solution,ALL,28,female,N,50000-100000,premier,13.38,42,0.086,Transamerica_FE_Express_Solution_Agent_Guide,3247945R11,
Transamerica,fe_express_solution,ALL,28,female,N,50000-100000,select_nonsmoker,15.97,42,0.086,Transamerica_FE_Express_Solution_Agent_Guide,3247945R11,
Transamerica,fe_express_solution,ALL,28,female,Y,50000-100000,select_smoker,28.74,42,0.086,Transamerica_FE_Express_Solution_Agent_Guide,3247945R11,
Transamerica,fe_express_solution,ALL,28,male,N,50000-100000,premier,14.42,42,0.086,Transamerica_FE_Express_Solution_Agent_Guide,3247945R11,
Transamerica,fe_express_solution,ALL,28,male,N,50000-100000,select_nonsmoker,17.55,42,0.086,Transamerica_FE_Express_Solution_Agent_Guide,3247945R11,
Transamerica,fe_express_solution,ALL,28,male,Y,50000-100000,select_smoker,30.72,42,0.086,Transamerica_FE_Express_Solution_Agent_Guide,3247945R11,
Transamerica,fe_express_solution,ALL,29,female,N,50000-100000,premier,13.86,42,0.086,Transamerica_FE_Express_Solution_Agent_Guide,3247945R11,
Transamerica,fe_express_solution,ALL,29,female,N,50000-100000,select_nonsmoker,16.55,42,0.086,Transamerica_FE_Express_Solution_Agent_Guide,3247945R11,
Transamerica,fe_express_solution,ALL,29,female,Y,50000-100000,select_smoker,29.99,42,0.086,Transamerica_FE_Express_Solution_Agent_Guide,3247945R11,
Transamerica,fe_express_solution,ALL,29,male,N,50000-100000,premier,14.9,42,0.086,Transamerica_FE_Express_Solution_Agent_Guide,3247945R11,
Transamerica,fe_express_solution,ALL,29,male,N,50000-100000,select_nonsmoker,18.08,42,0.086,Transamerica_FE_Express_Solution_Agent_Guide,3247945R11,
Transamerica,fe_express_solution,ALL,29,male,Y,50000-100000,select_smoker,31.91,42,0.086,Transamerica_FE_Express_Solution_Agent_Guide,3247945R11,
Transamerica,fe_express_solution,ALL,30,female,N,50000-100000,premier,14.34,42,0.086,Transamerica_FE_Express_Solution_Agent_Guide,3247945R11,
Transamerica,fe_express_solution,ALL,30,female,N,50000-100000,select_nonsmoker,17.14,42,0.086,Transamerica_FE_Express_Solution_Agent_Guide,3247945R11,
Transamerica,fe_express_solution,ALL,30,female,Y,50000-100000,select_smoker,31.24,42,0.086,Transamerica_FE_Express_Solution_Agent_Guide,3247945R11,
Transamerica,fe_express_solution,ALL,30,male,N,50000-100000,premier,15.38,42,0.086,Transamerica_FE_Express_Solution_Agent_Guide,3247945R11,
Transamerica,fe_express_solution,ALL,30,male,N,50000-100000,select_nonsmoker,18.61,42,0.086,Transamerica_FE_Express_Solution_Agent_Guide,3247945R11,
Transamerica,fe_express_solution,ALL,30,male,Y,50000-100000,select_smoker,33.1,42,0.086,Transamerica_FE_Express_Solution_Agent_Guide,3247945R11,
Transamerica,fe_express_solution,ALL,31,female,N,50000-100000,premier,14.71,42,0.086,Transamerica_FE_Express_Solution_Agent_Guide,3247945R11,
Transamerica,fe_express_solution,ALL,31,female,N,50000-100000,select_nonsmoker,17.64,42,0.086,Transamerica_FE_Express_Solution_Agent_Guide,3247945R11,
Transamerica,fe_express_solution,ALL,31,female,Y,50000-100000,select_smoker,32.15,42,0.086,Transamerica_FE_Express_Solution_Agent_Guide,3247945R11,
Transamerica,fe_express_solution,ALL,31,male,N,50000-100000,premier,15.81,42,0.086,Transamerica_FE_Express_Solution_Agent_Guide,3247945R11,
Transamerica,fe_express_solution,ALL,31,male,N,50000-100000,select_nonsmoker,19.21,42,0.086,Transamerica_FE_Express_Solution_Agent_Guide,3247945R11,
Transamerica,fe_express_solution,ALL,31,male,Y,50000-100000,select_smoker,34.33,42,0.086,Transamerica_FE_Express_Solution_Agent_Guide,3247945R11,
Transamerica,fe_express_solution,ALL,32,female,N,50000-100000,premier,15.08,42,0.086,Transamerica_FE_Express_Solution_Agent_Guide,3247945R11,
Transamerica,fe_express_solution,ALL,32,female,N,50000-100000,select_nonsmoker,18.14,42,0.086,Transamerica_FE_Express_Solution_Agent_Guide,3247945R11,
Transamerica,fe_express_solution,ALL,32,female,Y,50000-100000,select_smoker,33.07,42,0.086,Transamerica_FE_Express_Solution_Agent_Guide,3247945R11,
Transamerica,fe_express_solution,ALL,32,male,N,50000-100000,premier,16.24,42,0.086,Transamerica_FE_Express_Solution_Agent_Guide,3247945R11,
Transamerica,fe_express_solution,ALL,32,male,N,50000-100000,select_nonsmoker,19.81,42,0.086,Transamerica_FE_Express_Solution_Agent_Guide,3247945R11,
Transamerica,fe_express_solution,ALL,32,male,Y,50000-100000,select_smoker,35.56,42,0.086,Transamerica_FE_Express_Solution_Agent_Guide,3247945R11,
Transamerica,fe_express_solution,ALL,33,female,N,50000-100000,premier,15.45,42,0.086,Transamerica_FE_Express_Solution_Agent_Guide,3247945R11,
Transamerica,fe_express_solution,ALL,33,female,N,50000-100000,select_nonsmoker,18.64,42,0.086,Transamerica_FE_Express_Solution_Agent_Guide,3247945R11,
Transamerica,fe_express_solution,ALL,33,female,Y,50000-100000,select_smoker,33.98,42,0.086,Transamerica_FE_Express_Solution_Agent_Guide,3247945R11,
Transamerica,fe_express_solution,ALL,33,male,N,50000-100000,premier,16.68,42,0.086,Transamerica_FE_Express_Solution_Agent_Guide,3247945R11,
Transamerica,fe_express_solution,ALL,33,male,N,50000-100000,select_nonsmoker,20.41,42,0.086,Transamerica_FE_Express_Solution_Agent_Guide,3247945R11,
Transamerica,fe_express_solution,ALL,33,male,Y,50000-100000,select_smoker,36.79,42,0.086,Transamerica_FE_Express_Solution_Agent_Guide,3247945R11,
Transamerica,fe_express_solution,ALL,34,female,N,50000-100000,premier,15.82,42,0.086,Transamerica_FE_Express_Solution_Agent_Guide,3247945R11,
Transamerica,fe_express_solution,ALL,34,female,N,50000-100000,select_nonsmoker,19.13,42,0.086,Transamerica_FE_Express_Solution_Agent_Guide,3247945R11,
Transamerica,fe_express_solution,ALL,34,female,Y,50000-100000,select_smoker,34.9,42,0.086,Transamerica_FE_Express_Solution_Agent_Guide,3247945R11,
Transamerica,fe_express_solution,ALL,34,male,N,50000-100000,premier,17.11,42,0.086,Transamerica_FE_Express_Solution_Agent_Guide,3247945R11,
Transamerica,fe_express_solution,ALL,34,male,N,50000-100000,select_nonsmoker,21.01,42,0.086,Transamerica_FE_Express_Solution_Agent_Guide,3247945R11,
Transamerica,fe_express_solution,ALL,34,male,Y,50000-100000,select_smoker,38.02,42,0.086,Transamerica_FE_Express_Solution_Agent_Guide,3247945R11,
Transamerica,fe_express_solution,ALL,35,female,N,50000-100000,premier,16.19,42,0.086,Transamerica_FE_Express_Solution_Agent_Guide,3247945R11,
Transamerica,fe_express_solution,ALL,35,female,N,50000-100000,select_nonsmoker,19.63,42,0.086,Transamerica_FE_Express_Solution_Agent_Guide,3247945R11,
Transamerica,fe_express_solution,ALL,35,female,Y,50000-100000,select_smoker,35.81,42,0.086,Transamerica_FE_Express_Solution_Agent_Guide,3247945R11,
Transamerica,fe_express_solution,ALL,35,male,N,50000-100000,premier,17.54,42,0.086,Transamerica_FE_Express_Solution_Agent_Guide,3247945R11,
Transamerica,fe_express_solution,ALL,35,male,N,50000-100000,select_nonsmoker,21.61,42,0.086,Transamerica_FE_Express_Solution_Agent_Guide,3247945R11,
Transamerica,fe_express_solution,ALL,35,male,Y,50000-100000,select_smoker,39.25,42,0.086,Transamerica_FE_Express_Solution_Agent_Guide,3247945R11,
Transamerica,fe_express_solution,ALL,36,female,N,50000-100000,premier,16.6,42,0.086,Transamerica_FE_Express_Solution_Agent_Guide,3247945R11,
Transamerica,fe_express_solution,ALL,36,female,N,50000-100000,select_nonsmoker,20.27,42,0.086,Transamerica_FE_Express_Solution_Agent_Guide,3247945R11,
Transamerica,fe_express_solution,ALL,36,female,Y,50000-100000,select_smoker,36.92,42,0.086,Transamerica_FE_Express_Solution_Agent_Guide,3247945R11,
Transamerica,fe_express_solution,ALL,36,male,N,50000-100000,premier,17.98,42,0.086,Transamerica_FE_Express_Solution_Agent_Guide,3247945R11,
Transamerica,fe_express_solution,ALL,36,male,N,50000-100000,select_nonsmoker,22.3,42,0.086,Transamerica_FE_Express_Solution_Agent_Guide,3247945R11,
Transamerica,fe_express_solution,ALL,36,male,Y,50000-100000,select_smoker,40.41,42,0.086,Transamerica_FE_Express_Solution_Agent_Guide,3247945R11,
Transamerica,fe_express_solution,ALL,37,female,N,50000-100000,premier,17.01,42,0.086,Transamerica_FE_Express_Solution_Agent_Guide,3247945R11,
Transamerica,fe_express_solution,ALL,37,female,N,50000-100000,select_nonsmoker,20.91,42,0.086,Transamerica_FE_Express_Solution_Agent_Guide,3247945R11,
Transamerica,fe_express_solution,ALL,37,female,Y,50000-100000,select_smoker,38.03,42,0.086,Transamerica_FE_Express_Solution_Agent_Guide,3247945R11,
Transamerica,fe_express_solution,ALL,37,male,N,50000-100000,premier,18.43,42,0.086,Transamerica_FE_Express_Solution_Agent_Guide,3247945R11,
Transamerica,fe_express_solution,ALL,37,male,N,50000-100000,select_nonsmoker,22.99,42,0.086,Transamerica_FE_Express_Solution_Agent_Guide,3247945R11,
Transamerica,fe_express_solution,ALL,37,male,Y,50000-100000,select_smoker,41.56,42,0.086,Transamerica_FE_Express_Solution_Agent_Guide,3247945R11,
Transamerica,fe_express_solution,ALL,38,female,N,50000-100000,premier,17.41,42,0.086,Transamerica_FE_Express_Solution_Agent_Guide,3247945R11,
Transamerica,fe_express_solution,ALL,38,female,N,50000-100000,select_nonsmoker,21.56,42,0.086,Transamerica_FE_Express_Solution_Agent_Guide,3247945R11,
Transamerica,fe_express_solution,ALL,38,female,Y,50000-100000,select_smoker,39.14,42,0.086,Transamerica_FE_Express_Solution_Agent_Guide,3247945R11,
Transamerica,fe_express_solution,ALL,38,male,N,50000-100000,premier,18.88,42,0.086,Transamerica_FE_Express_Solution_Agent_Guide,3247945R11,
Transamerica,fe_express_solution,ALL,38,male,N,50000-100000,select_nonsmoker,23.69,42,0.086,Transamerica_FE_Express_Solution_Agent_Guide,3247945R11,
Transamerica,fe_express_solution,ALL,38,male,Y,50000-100000,select_smoker,42.72,42,0.086,Transamerica_FE_Express_Solution_Agent_Guide,3247945R11,
Transamerica,fe_express_solution,ALL,39,female,N,50000-100000,premier,17.82,42,0.086,Transamerica_FE_Express_Solution_Agent_Guide,3247945R11,
Transamerica,fe_express_solution,ALL,39,female,N,50000-100000,select_nonsmoker,22.2,42,0.086,Transamerica_FE_Express_Solution_Agent_Guide,3247945R11,
Transamerica,fe_express_solution,ALL,39,female,Y,50000-100000,select_smoker,40.25,42,0.086,Transamerica_FE_Express_Solution_Agent_Guide,3247945R11,
Transamerica,fe_express_solution,ALL,39,male,N,50000-100000,premier,19.32,42,0.086,Transamerica_FE_Express_Solution_Agent_Guide,3247945R11,
Transamerica,fe_express_solution,ALL,39,male,N,50000-100000,select_nonsmoker,24.38,42,0.086,Transamerica_FE_Express_Solution_Agent_Guide,3247945R11,
Transamerica,fe_express_solution,ALL,39,male,Y,50000-100000,select_smoker,43.87,42,0.086,Transamerica_FE_Express_Solution_Agent_Guide,3247945R11,
Transamerica,fe_express_solution,ALL,40,female,N,50000-100000,premier,23.23,42,0.086,Transamerica_FE_Express_Solution_Agent_Guide,3247945R11,
Transamerica,fe_express_solution,ALL,40,female,N,50000-100000,select_nonsmoker,35.48,42,0.086,Transamerica_FE_Express_Solution_Agent_Guide,3247945R11,
Transamerica,fe_express_solution,ALL,40,female,Y,50000-100000,select_smoker,41.36,42,0.086,Transamerica_FE_Express_Solution_Agent_Guide,3247945R11,
Transamerica,fe_express_solution,ALL,40,male,N,50000-100000,premier,26.08,42,0.086,Transamerica_FE_Express_Solution_Agent_Guide,3247945R11,
Transamerica,fe_express_solution,ALL,40,male,N,50000-100000,select_nonsmoker,38.56,42,0.086,Transamerica_FE_Express_Solution_Agent_Guide,3247945R11,
Transamerica,fe_express_solution,ALL,40,male,Y,50000-100000,select_smoker,45.03,42,0.086,Transamerica_FE_Express_Solution_Agent_Guide,3247945R11,
Transamerica,fe_express_solution,ALL,41,female,N,50000-100000,premier,23.69,42,0.086,Transamerica_FE_Express_Solution_Agent_Guide,3247945R11,
Transamerica,fe_express_solution,ALL,41,female,N,50000-100000,select_nonsmoker,35.92,42,0.086,Transamerica_FE_Express_Solution_Agent_Guide,3247945R11,
Transamerica,fe_express_solution,ALL,41,female,Y,50000-100000,select_smoker,44.01,42,0.086,Transamerica_FE_Express_Solution_Agent_Guide,3247945R11,
Transamerica,fe_express_solution,ALL,41,male,N,50000-100000,premier,26.76,42,0.086,Transamerica_FE_Express_Solution_Agent_Guide,3247945R11,
Transamerica,fe_express_solution,ALL,41,male,N,50000-100000,select_nonsmoker,39.21,42,0.086,Transamerica_FE_Express_Solution_Agent_Guide,3247945R11,
Transamerica,fe_express_solution,ALL,41,male,Y,50000-100000,select_smoker,47.89,42,0.086,Transamerica_FE_Express_Solution_Agent_Guide,3247945R11,
Transamerica,fe_express_solution,ALL,42,female,N,50000-100000,premier,24.16,42,0.086,Transamerica_FE_Express_Solution_Agent_Guide,3247945R11,
Transamerica,fe_express_solution,ALL,42,female,N,50000-100000,select_nonsmoker,36.36,42,0.086,Transamerica_FE_Express_Solution_Agent_Guide,3247945R11,
Transamerica,fe_express_solution,ALL,42,female,Y,50000-100000,select_smoker,46.66,42,0.086,Transamerica_FE_Express_Solution_Agent_Guide,3247945R11,
Transamerica,fe_express_solution,ALL,42,male,N,50000-100000,premier,27.45,42,0.086,Transamerica_FE_Express_Solution_Agent_Guide,3247945R11,
Transamerica,fe_express_solution,ALL,42,male,N,50000-100000,select_nonsmoker,39.86,42,0.086,Transamerica_FE_Express_Solution_Agent_Guide,3247945R11,
Transamerica,fe_express_solution,ALL,42,male,Y,50000-100000,select_smoker,50.75,42,0.086,Transamerica_FE_Express_Solution_Agent_Guide,3247945R11,
Transamerica,fe_express_solution,ALL,43,female,N,50000-100000,premier,24.63,42,0.086,Transamerica_FE_Express_Solution_Agent_Guide,3247945R11,
Transamerica,fe_express_solution,ALL,43,female,N,50000-100000,select_nonsmoker,36.79,42,0.086,Transamerica_FE_Express_Solution_Agent_Guide,3247945R11,
Transamerica,fe_express_solution,ALL,43,female,Y,50000-100000,select_smoker,49.32,42,0.086,Transamerica_FE_Express_Solution_Agent_Guide,3247945R11,
Transamerica,fe_express_solution,ALL,43,male,N,50000-100000,premier,28.13,42,0.086,Transamerica_FE_Express_Solution_Agent_Guide,3247945R11,
Transamerica,fe_express_solution,ALL,43,male,N,50000-100000,select_nonsmoker,40.51,42,0.086,Transamerica_FE_Express_Solution_Agent_Guide,3247945R11,
Transamerica,fe_express_solution,ALL,43,male,Y,50000-100000,select_smoker,53.61,42,0.086,Transamerica_FE_Express_Solution_Agent_Guide,3247945R11,
Transamerica,fe_express_solution,ALL,44,female,N,50000-100000,premier,25.1,42,0.086,Transamerica_FE_Express_Solution_Agent_Guide,3247945R11,
Transamerica,fe_express_solution,ALL,44,female,N,50000-100000,select_nonsmoker,37.23,42,0.086,Transamerica_FE_Express_Solution_Agent_Guide,3247945R11,
Transamerica,fe_express_solution,ALL,44,female,Y,50000-100000,select_smoker,51.97,42,0.086,Transamerica_FE_Express_Solution_Agent_Guide,3247945R11,
Transamerica,fe_express_solution,ALL,44,male,N,50000-100000,premier,28.82,42,0.086,Transamerica_FE_Express_Solution_Agent_Guide,3247945R11,
Transamerica,fe_express_solution,ALL,44,male,N,50000-100000,select_nonsmoker,41.16,42,0.086,Transamerica_FE_Express_Solution_Agent_Guide,3247945R11,
Transamerica,fe_express_solution,ALL,44,male,Y,50000-100000,select_smoker,56.47,42,0.086,Transamerica_FE_Express_Solution_Agent_Guide,3247945R11,
Transamerica,fe_express_solution,ALL,45,female,N,50000-100000,premier,25.56,42,0.086,Transamerica_FE_Express_Solution_Agent_Guide,3247945R11,
Transamerica,fe_express_solution,ALL,45,female,N,50000-100000,select_nonsmoker,37.67,42,0.086,Transamerica_FE_Express_Solution_Agent_Guide,3247945R11,
Transamerica,fe_express_solution,ALL,45,female,Y,50000-100000,select_smoker,54.62,42,0.086,Transamerica_FE_Express_Solution_Agent_Guide,3247945R11,
Transamerica,fe_express_solution,ALL,45,male,N,50000-100000,premier,29.51,42,0.086,Transamerica_FE_Express_Solution_Agent_Guide,3247945R11,
Transamerica,fe_express_solution,ALL,45,male,N,50000-100000,select_nonsmoker,41.81,42,0.086,Transamerica_FE_Express_Solution_Agent_Guide,3247945R11,
Transamerica,fe_express_solution,ALL,45,male,Y,50000-100000,select_smoker,59.34,42,0.086,Transamerica_FE_Express_Solution_Agent_Guide,3247945R11,
Transamerica,fe_express_solution,ALL,46,female,N,50000-100000,premier,26.04,42,0.086,Transamerica_FE_Express_Solution_Agent_Guide,3247945R11,
Transamerica,fe_express_solution,ALL,46,female,N,50000-100000,select_nonsmoker,38.24,42,0.086,Transamerica_FE_Express_Solution_Agent_Guide,3247945R11,
Transamerica,fe_express_solution,ALL,46,female,Y,50000-100000,select_smoker,55.5,42,0.086,Transamerica_FE_Express_Solution_Agent_Guide,3247945R11,
Transamerica,fe_express_solution,ALL,46,male,N,50000-100000,premier,30.34,42,0.086,Transamerica_FE_Express_Solution_Agent_Guide,3247945R11,
Transamerica,fe_express_solution,ALL,46,male,N,50000-100000,select_nonsmoker,42.64,42,0.086,Transamerica_FE_Express_Solution_Agent_Guide,3247945R11,
Transamerica,fe_express_solution,ALL,46,male,Y,50000-100000,select_smoker,60.82,42,0.086,Transamerica_FE_Express_Solution_Agent_Guide,3247945R11,
Transamerica,fe_express_solution,ALL,47,female,N,50000-100000,premier,26.52,42,0.086,Transamerica_FE_Express_Solution_Agent_Guide,3247945R11,
Transamerica,fe_express_solution,ALL,47,female,N,50000-100000,select_nonsmoker,38.81,42,0.086,Transamerica_FE_Express_Solution_Agent_Guide,3247945R11,
Transamerica,fe_express_solution,ALL,47,female,Y,50000-100000,select_smoker,56.38,42,0.086,Transamerica_FE_Express_Solution_Agent_Guide,3247945R11,
Transamerica,fe_express_solution,ALL,47,male,N,50000-100000,premier,31.17,42,0.086,Transamerica_FE_Express_Solution_Agent_Guide,3247945R11,
Transamerica,fe_express_solution,ALL,47,male,N,50000-100000,select_nonsmoker,43.47,42,0.086,Transamerica_FE_Express_Solution_Agent_Guide,3247945R11,
Transamerica,fe_express_solution,ALL,47,male,Y,50000-100000,select_smoker,62.29,42,0.086,Transamerica_FE_Express_Solution_Agent_Guide,3247945R11,
Transamerica,fe_express_solution,ALL,48,female,N,50000-100000,premier,26.99,42,0.086,Transamerica_FE_Express_Solution_Agent_Guide,3247945R11,
Transamerica,fe_express_solution,ALL,48,female,N,50000-100000,select_nonsmoker,39.39,42,0.086,Transamerica_FE_Express_Solution_Agent_Guide,3247945R11,
Transamerica,fe_express_solution,ALL,48,female,Y,50000-100000,select_smoker,57.26,42,0.086,Transamerica_FE_Express_Solution_Agent_Guide,3247945R11,
Transamerica,fe_express_solution,ALL,48,male,N,50000-100000,premier,32.0,42,0.086,Transamerica_FE_Express_Solution_Agent_Guide,3247945R11,
Transamerica,fe_express_solution,ALL,48,male,N,50000-100000,select_nonsmoker,44.31,42,0.086,Transamerica_FE_Express_Solution_Agent_Guide,3247945R11,
Transamerica,fe_express_solution,ALL,48,male,Y,50000-100000,select_smoker,63.77,42,0.086,Transamerica_FE_Express_Solution_Agent_Guide,3247945R11,
Transamerica,fe_express_solution,ALL,49,female,N,50000-100000,premier,27.47,42,0.086,Transamerica_FE_Express_Solution_Agent_Guide,3247945R11,
Transamerica,fe_express_solution,ALL,49,female,N,50000-100000,select_nonsmoker,39.96,42,0.086,Transamerica_FE_Express_Solution_Agent_Guide,3247945R11,
Transamerica,fe_express_solution,ALL,49,female,Y,50000-100000,select_smoker,58.13,42,0.086,Transamerica_FE_Express_Solution_Agent_Guide,3247945R11,
Transamerica,fe_express_solution,ALL,49,male,N,50000-100000,premier,32.83,42,0.086,Transamerica_FE_Express_Solution_Agent_Guide,3247945R11,
Transamerica,fe_express_solution,ALL,49,male,N,50000-100000,select_nonsmoker,45.14,42,0.086,Transamerica_FE_Express_Solution_Agent_Guide,3247945R11,
Transamerica,fe_express_solution,ALL,49,male,Y,50000-100000,select_smoker,65.25,42,0.086,Transamerica_FE_Express_Solution_Agent_Guide,3247945R11,
Transamerica,fe_express_solution,ALL,50,female,N,50000-100000,premier,27.95,42,0.086,Transamerica_FE_Express_Solution_Agent_Guide,3247945R11,
Transamerica,fe_express_solution,ALL,50,female,N,50000-100000,select_nonsmoker,40.53,42,0.086,Transamerica_FE_Express_Solution_Agent_Guide,3247945R11,
Transamerica,fe_express_solution,ALL,50,female,Y,50000-100000,select_smoker,59.01,42,0.086,Transamerica_FE_Express_Solution_Agent_Guide,3247945R11,
Transamerica,fe_express_solution,ALL,50,male,N,50000-100000,premier,33.66,42,0.086,Transamerica_FE_Express_Solution_Agent_Guide,3247945R11,
Transamerica,fe_express_solution,ALL,50,male,N,50000-100000,select_nonsmoker,45.97,42,0.086,Transamerica_FE_Express_Solution_Agent_Guide,3247945R11,
Transamerica,fe_express_solution,ALL,50,male,Y,50000-100000,select_smoker,66.73,42,0.086,Transamerica_FE_Express_Solution_Agent_Guide,3247945R11,
Transamerica,fe_express_solution,ALL,51,female,N,50000-100000,premier,28.84,42,0.086,Transamerica_FE_Express_Solution_Agent_Guide,3247945R11,
Transamerica,fe_express_solution,ALL,51,female,N,50000-100000,select_nonsmoker,41.12,42,0.086,Transamerica_FE_Express_Solution_Agent_Guide,3247945R11,
Transamerica,fe_express_solution,ALL,51,female,Y,50000-100000,select_smoker,61.32,42,0.086,Transamerica_FE_Express_Solution_Agent_Guide,3247945R11,
Transamerica,fe_express_solution,ALL,51,male,N,50000-100000,premier,34.88,42,0.086,Transamerica_FE_Express_Solution_Agent_Guide,3247945R11,
Transamerica,fe_express_solution,ALL,51,male,N,50000-100000,select_nonsmoker,47.24,42,0.086,Transamerica_FE_Express_Solution_Agent_Guide,3247945R11,
Transamerica,fe_express_solution,ALL,51,male,Y,50000-100000,select_smoker,70.43,42,0.086,Transamerica_FE_Express_Solution_Agent_Guide,3247945R11,
Transamerica,fe_express_solution,ALL,52,female,N,50000-100000,premier,29.73,42,0.086,Transamerica_FE_Express_Solution_Agent_Guide,3247945R11,
Transamerica,fe_express_solution,ALL,52,female,N,50000-100000,select_nonsmoker,41.72,42,0.086,Transamerica_FE_Express_Solution_Agent_Guide,3247945R11,
Transamerica,fe_express_solution,ALL,52,female,Y,50000-100000,select_smoker,63.63,42,0.086,Transamerica_FE_Express_Solution_Agent_Guide,3247945R11,
Transamerica,fe_express_solution,ALL,52,male,N,50000-100000,premier,36.11,42,0.086,Transamerica_FE_Express_Solution_Agent_Guide,3247945R11,
Transamerica,fe_express_solution,ALL,52,male,N,50000-100000,select_nonsmoker,48.52,42,0.086,Transamerica_FE_Express_Solution_Agent_Guide,3247945R11,
Transamerica,fe_express_solution,ALL,52,male,Y,50000-100000,select_smoker,74.12,42,0.086,Transamerica_FE_Express_Solution_Agent_Guide,3247945R11,
Transamerica,fe_express_solution,ALL,53,female,N,50000-100000,premier,30.62,42,0.086,Transamerica_FE_Express_Solution_Agent_Guide,3247945R11,
Transamerica,fe_express_solution,ALL,53,female,N,50000-100000,select_nonsmoker,42.32,42,0.086,Transamerica_FE_Express_Solution_Agent_Guide,3247945R11,
Transamerica,fe_express_solution,ALL,53,female,Y,50000-100000,select_smoker,65.94,42,0.086,Transamerica_FE_Express_Solution_Agent_Guide,3247945R11,
Transamerica,fe_express_solution,ALL,53,male,N,50000-100000,premier,37.33,42,0.086,Transamerica_FE_Express_Solution_Agent_Guide,3247945R11,
Transamerica,fe_express_solution,ALL,53,male,N,50000-100000,select_nonsmoker,49.79,42,0.086,Transamerica_FE_Express_Solution_Agent_Guide,3247945R11,
Transamerica,fe_express_solution,ALL,53,male,Y,50000-100000,select_smoker,77.82,42,0.086,Transamerica_FE_Express_Solution_Agent_Guide,3247945R11,
Transamerica,fe_express_solution,ALL,54,female,N,50000-100000,premier,31.51,42,0.086,Transamerica_FE_Express_Solution_Agent_Guide,3247945R11,
Transamerica,fe_express_solution,ALL,54,female,N,50000-100000,select_nonsmoker,42.91,42,0.086,Transamerica_FE_Express_Solution_Agent_Guide,3247945R11,
Transamerica,fe_express_solution,ALL,54,female,Y,50000-100000,select_smoker,68.24,42,0.086,Transamerica_FE_Express_Solution_Agent_Guide,3247945R11,
Transamerica,fe_express_solution,ALL,54,male,N,50000-100000,premier,38.56,42,0.086,Transamerica_FE_Express_Solution_Agent_Guide,3247945R11,
Transamerica,fe_express_solution,ALL,54,male,N,50000-100000,select_nonsmoker,51.06,42,0.086,Transamerica_FE_Express_Solution_Agent_Guide,3247945R11,
Transamerica,fe_express_solution,ALL,54,male,Y,50000-100000,select_smoker,81.51,42,0.086,Transamerica_FE_Express_Solution_Agent_Guide,3247945R11,
Transamerica,fe_express_solution,ALL,55,female,N,50000-100000,premier,32.4,42,0.086,Transamerica_FE_Express_Solution_Agent_Guide,3247945R11,
Transamerica,fe_express_solution,ALL,55,female,N,50000-100000,select_nonsmoker,43.51,42,0.086,Transamerica_FE_Express_Solution_Agent_Guide,3247945R11,
Transamerica,fe_express_solution,ALL,55,female,Y,50000-100000,select_smoker,70.55,42,0.086,Transamerica_FE_Express_Solution_Agent_Guide,3247945R11,
Transamerica,fe_express_solution,ALL,55,male,N,50000-100000,premier,39.79,42,0.086,Transamerica_FE_Express_Solution_Agent_Guide,3247945R11,
Transamerica,fe_express_solution,ALL,55,male,N,50000-100000,select_nonsmoker,52.33,42,0.086,Transamerica_FE_Express_Solution_Agent_Guide,3247945R11,
Transamerica,fe_express_solution,ALL,55,male,Y,50000-100000,select_smoker,85.21,42,0.086,Transamerica_FE_Express_Solution_Agent_Guide,3247945R11,
Transamerica,fe_express_solution,ALL,56,female,N,50000-100000,premier,33.62,42,0.086,Transamerica_FE_Express_Solution_Agent_Guide,3247945R11,
Transamerica,fe_express_solution,ALL,56,female,N,50000-100000,select_nonsmoker,44.79,42,0.086,Transamerica_FE_Express_Solution_Agent_Guide,3247945R11,
Transamerica,fe_express_solution,ALL,56,female,Y,50000-100000,select_smoker,71.92,42,0.086,Transamerica_FE_Express_Solution_Agent_Guide,3247945R11,
Transamerica,fe_express_solution,ALL,56,male,N,50000-100000,premier,41.45,42,0.086,Transamerica_FE_Express_Solution_Agent_Guide,3247945R11,
Transamerica,fe_express_solution,ALL,56,male,N,50000-100000,select_nonsmoker,54.51,42,0.086,Transamerica_FE_Express_Solution_Agent_Guide,3247945R11,
Transamerica,fe_express_solution,ALL,56,male,Y,50000-100000,select_smoker,88.86,42,0.086,Transamerica_FE_Express_Solution_Agent_Guide,3247945R11,
Transamerica,fe_express_solution,ALL,57,female,N,50000-100000,premier,34.84,42,0.086,Transamerica_FE_Express_Solution_Agent_Guide,3247945R11,
Transamerica,fe_express_solution,ALL,57,female,N,50000-100000,select_nonsmoker,46.07,42,0.086,Transamerica_FE_Express_Solution_Agent_Guide,3247945R11,
Transamerica,fe_express_solution,ALL,57,female,Y,50000-100000,select_smoker,73.28,42,0.086,Transamerica_FE_Express_Solution_Agent_Guide,3247945R11,
Transamerica,fe_express_solution,ALL,57,male,N,50000-100000,premier,43.12,42,0.086,Transamerica_FE_Express_Solution_Agent_Guide,3247945R11,
Transamerica,fe_express_solution,ALL,57,male,N,50000-100000,select_nonsmoker,56.69,42,0.086,Transamerica_FE_Express_Solution_Agent_Guide,3247945R11,
Transamerica,fe_express_solution,ALL,57,male,Y,50000-100000,select_smoker,92.51,42,0.086,Transamerica_FE_Express_Solution_Agent_Guide,3247945R11,
Transamerica,fe_express_solution,ALL,58,female,N,50000-100000,premier,36.06,42,0.086,Transamerica_FE_Express_Solution_Agent_Guide,3247945R11,
Transamerica,fe_express_solution,ALL,58,female,N,50000-100000,select_nonsmoker,47.35,42,0.086,Transamerica_FE_Express_Solution_Agent_Guide,3247945R11,
Transamerica,fe_express_solution,ALL,58,female,Y,50000-100000,select_smoker,74.64,42,0.086,Transamerica_FE_Express_Solution_Agent_Guide,3247945R11,
Transamerica,fe_express_solution,ALL,58,male,N,50000-100000,premier,44.79,42,0.086,Transamerica_FE_Express_Solution_Agent_Guide,3247945R11,
Transamerica,fe_express_solution,ALL,58,male,N,50000-100000,select_nonsmoker,58.86,42,0.086,Transamerica_FE_Express_Solution_Agent_Guide,3247945R11,
Transamerica,fe_express_solution,ALL,58,male,Y,50000-100000,select_smoker,96.16,42,0.086,Transamerica_FE_Express_Solution_Agent_Guide,3247945R11,
Transamerica,fe_express_solution,ALL,59,female,N,50000-100000,premier,37.29,42,0.086,Transamerica_FE_Express_Solution_Agent_Guide,3247945R11,
Transamerica,fe_express_solution,ALL,59,female,N,50000-100000,select_nonsmoker,48.63,42,0.086,Transamerica_FE_Express_Solution_Agent_Guide,3247945R11,
Transamerica,fe_express_solution,ALL,59,female,Y,50000-100000,select_smoker,76.01,42,0.086,Transamerica_FE_Express_Solution_Agent_Guide,3247945R11,
Transamerica,fe_express_solution,ALL,59,male,N,50000-100000,premier,46.46,42,0.086,Transamerica_FE_Express_Solution_Agent_Guide,3247945R11,
Transamerica,fe_express_solution,ALL,59,male,N,50000-100000,select_nonsmoker,61.04,42,0.086,Transamerica_FE_Express_Solution_Agent_Guide,3247945R11,
Transamerica,fe_express_solution,ALL,59,male,Y,50000-100000,select_smoker,99.81,42,0.086,Transamerica_FE_Express_Solution_Agent_Guide,3247945R11,
Transamerica,fe_express_solution,ALL,60,female,N,50000-100000,premier,38.51,42,0.086,Transamerica_FE_Express_Solution_Agent_Guide,3247945R11,
Transamerica,fe_express_solution,ALL,60,female,N,50000-100000,select_nonsmoker,49.91,42,0.086,Transamerica_FE_Express_Solution_Agent_Guide,3247945R11,
Transamerica,fe_express_solution,ALL,60,female,Y,50000-100000,select_smoker,77.37,42,0.086,Transamerica_FE_Express_Solution_Agent_Guide,3247945R11,
Transamerica,fe_express_solution,ALL,60,male,N,50000-100000,premier,48.13,42,0.086,Transamerica_FE_Express_Solution_Agent_Guide,3247945R11,
Transamerica,fe_express_solution,ALL,60,male,N,50000-100000,select_nonsmoker,63.22,42,0.086,Transamerica_FE_Express_Solution_Agent_Guide,3247945R11,
Transamerica,fe_express_solution,ALL,60,male,Y,50000-100000,select_smoker,103.47,42,0.086,Transamerica_FE_Express_Solution_Agent_Guide,3247945R11,
Transamerica,fe_express_solution,ALL,61,female,N,50000-100000,premier,39.43,42,0.086,Transamerica_FE_Express_Solution_Agent_Guide,3247945R11,
Transamerica,fe_express_solution,ALL,61,female,N,50000-100000,select_nonsmoker,52.26,42,0.086,Transamerica_FE_Express_Solution_Agent_Guide,3247945R11,
Transamerica,fe_express_solution,ALL,61,female,Y,50000-100000,select_smoker,80.16,42,0.086,Transamerica_FE_Express_Solution_Agent_Guide,3247945R11,
Transamerica,fe_express_solution,ALL,61,male,N,50000-100000,premier,50.05,42,0.086,Transamerica_FE_Express_Solution_Agent_Guide,3247945R11,
Transamerica,fe_express_solution,ALL,61,male,N,50000-100000,select_nonsmoker,66.77,42,0.086,Transamerica_FE_Express_Solution_Agent_Guide,3247945R11,
Transamerica,fe_express_solution,ALL,61,male,Y,50000-100000,select_smoker,108.47,42,0.086,Transamerica_FE_Express_Solution_Agent_Guide,3247945R11,
Transamerica,fe_express_solution,ALL,62,female,N,50000-100000,premier,40.36,42,0.086,Transamerica_FE_Express_Solution_Agent_Guide,3247945R11,
Transamerica,fe_express_solution,ALL,62,female,N,50000-100000,select_nonsmoker,54.62,42,0.086,Transamerica_FE_Express_Solution_Agent_Guide,3247945R11,
Transamerica,fe_express_solution,ALL,62,female,Y,50000-100000,select_smoker,82.94,42,0.086,Transamerica_FE_Express_Solution_Agent_Guide,3247945R11,
Transamerica,fe_express_solution,ALL,62,male,N,50000-100000,premier,51.96,42,0.086,Transamerica_FE_Express_Solution_Agent_Guide,3247945R11,
Transamerica,fe_express_solution,ALL,62,male,N,50000-100000,select_nonsmoker,70.32,42,0.086,Transamerica_FE_Express_Solution_Agent_Guide,3247945R11,
Transamerica,fe_express_solution,ALL,62,male,Y,50000-100000,select_smoker,113.47,42,0.086,Transamerica_FE_Express_Solution_Agent_Guide,3247945R11,
Transamerica,fe_express_solution,ALL,63,female,N,50000-100000,premier,41.29,42,0.086,Transamerica_FE_Express_Solution_Agent_Guide,3247945R11,
Transamerica,fe_express_solution,ALL,63,female,N,50000-100000,select_nonsmoker,56.97,42,0.086,Transamerica_FE_Express_Solution_Agent_Guide,3247945R11,
Transamerica,fe_express_solution,ALL,63,female,Y,50000-100000,select_smoker,85.73,42,0.086,Transamerica_FE_Express_Solution_Agent_Guide,3247945R11,
Transamerica,fe_express_solution,ALL,63,male,N,50000-100000,premier,53.88,42,0.086,Transamerica_FE_Express_Solution_Agent_Guide,3247945R11,
Transamerica,fe_express_solution,ALL,63,male,N,50000-100000,select_nonsmoker,73.88,42,0.086,Transamerica_FE_Express_Solution_Agent_Guide,3247945R11,
Transamerica,fe_express_solution,ALL,63,male,Y,50000-100000,select_smoker,118.47,42,0.086,Transamerica_FE_Express_Solution_Agent_Guide,3247945R11,
Transamerica,fe_express_solution,ALL,64,female,N,50000-100000,premier,42.22,42,0.086,Transamerica_FE_Express_Solution_Agent_Guide,3247945R11,
Transamerica,fe_express_solution,ALL,64,female,N,50000-100000,select_nonsmoker,59.32,42,0.086,Transamerica_FE_Express_Solution_Agent_Guide,3247945R11,
Transamerica,fe_express_solution,ALL,64,female,Y,50000-100000,select_smoker,88.51,42,0.086,Transamerica_FE_Express_Solution_Agent_Guide,3247945R11,
Transamerica,fe_express_solution,ALL,64,male,N,50000-100000,premier,55.79,42,0.086,Transamerica_FE_Express_Solution_Agent_Guide,3247945R11,
Transamerica,fe_express_solution,ALL,64,male,N,50000-100000,select_nonsmoker,77.43,42,0.086,Transamerica_FE_Express_Solution_Agent_Guide,3247945R11,
Transamerica,fe_express_solution,ALL,64,male,Y,50000-100000,select_smoker,123.47,42,0.086,Transamerica_FE_Express_Solution_Agent_Guide,3247945R11,
Transamerica,fe_express_solution,ALL,65,female,N,50000-100000,premier,43.15,42,0.086,Transamerica_FE_Express_Solution_Agent_Guide,3247945R11,
Transamerica,fe_express_solution,ALL,65,female,N,50000-100000,select_nonsmoker,61.67,42,0.086,Transamerica_FE_Express_Solution_Agent_Guide,3247945R11,
Transamerica,fe_express_solution,ALL,65,female,Y,50000-100000,select_smoker,91.3,42,0.086,Transamerica_FE_Express_Solution_Agent_Guide,3247945R11,
Transamerica,fe_express_solution,ALL,65,male,N,50000-100000,premier,57.7,42,0.086,Transamerica_FE_Express_Solution_Agent_Guide,3247945R11,
Transamerica,fe_express_solution,ALL,65,male,N,50000-100000,select_nonsmoker,80.98,42,0.086,Transamerica_FE_Express_Solution_Agent_Guide,3247945R11,
Transamerica,fe_express_solution,ALL,65,male,Y,50000-100000,select_smoker,128.47,42,0.086,Transamerica_FE_Express_Solution_Agent_Guide,3247945R11,
Transamerica,fe_express_solution,ALL,66,female,N,50000-100000,premier,46.47,42,0.086,Transamerica_FE_Express_Solution_Agent_Guide,3247945R11,
Transamerica,fe_express_solution,ALL,66,female,N,50000-100000,select_nonsmoker,65.36,42,0.086,Transamerica_FE_Express_Solution_Agent_Guide,3247945R11,
Transamerica,fe_express_solution,ALL,66,female,Y,50000-100000,select_smoker,94.07,42,0.086,Transamerica_FE_Express_Solution_Agent_Guide,3247945R11,
Transamerica,fe_express_solution,ALL,66,male,N,50000-100000,premier,62.26,42,0.086,Transamerica_FE_Express_Solution_Agent_Guide,3247945R11,
Transamerica,fe_express_solution,ALL,66,male,N,50000-100000,select_nonsmoker,86.37,42,0.086,Transamerica_FE_Express_Solution_Agent_Guide,3247945R11,
Transamerica,fe_express_solution,ALL,66,male,Y,50000-100000,select_smoker,132.51,42,0.086,Transamerica_FE_Express_Solution_Agent_Guide,3247945R11,
Transamerica,fe_express_solution,ALL,67,female,N,50000-100000,premier,49.8,42,0.086,Transamerica_FE_Express_Solution_Agent_Guide,3247945R11,
Transamerica,fe_express_solution,ALL,67,female,N,50000-100000,select_nonsmoker,69.05,42,0.086,Transamerica_FE_Express_Solution_Agent_Guide,3247945R11,
Transamerica,fe_express_solution,ALL,67,female,Y,50000-100000,select_smoker,96.84,42,0.086,Transamerica_FE_Express_Solution_Agent_Guide,3247945R11,
Transamerica,fe_express_solution,ALL,67,male,N,50000-100000,premier,66.82,42,0.086,Transamerica_FE_Express_Solution_Agent_Guide,3247945R11,
Transamerica,fe_express_solution,ALL,67,male,N,50000-100000,select_nonsmoker,91.76,42,0.086,Transamerica_FE_Express_Solution_Agent_Guide,3247945R11,
Transamerica,fe_express_solution,ALL,67,male,Y,50000-100000,select_smoker,136.55,42,0.086,Transamerica_FE_Express_Solution_Agent_Guide,3247945R11,
Transamerica,fe_express_solution,ALL,68,female,N,50000-100000,premier,53.12,42,0.086,Transamerica_FE_Express_Solution_Agent_Guide,3247945R11,
Transamerica,fe_express_solution,ALL,68,female,N,50000-100000,select_nonsmoker,72.74,42,0.086,Transamerica_FE_Express_Solution_Agent_Guide,3247945R11,
Transamerica,fe_express_solution,ALL,68,female,Y,50000-100000,select_smoker,99.62,42,0.086,Transamerica_FE_Express_Solution_Agent_Guide,3247945R11,
Transamerica,fe_express_solution,ALL,68,male,N,50000-100000,premier,71.37,42,0.086,Transamerica_FE_Express_Solution_Agent_Guide,3247945R11,
Transamerica,fe_express_solution,ALL,68,male,N,50000-100000,select_nonsmoker,97.15,42,0.086,Transamerica_FE_Express_Solution_Agent_Guide,3247945R11,
Transamerica,fe_express_solution,ALL,68,male,Y,50000-100000,select_smoker,140.59,42,0.086,Transamerica_FE_Express_Solution_Agent_Guide,3247945R11,
Transamerica,fe_express_solution,ALL,69,female,N,50000-100000,premier,56.45,42,0.086,Transamerica_FE_Express_Solution_Agent_Guide,3247945R11,
Transamerica,fe_express_solution,ALL,69,female,N,50000-100000,select_nonsmoker,76.43,42,0.086,Transamerica_FE_Express_Solution_Agent_Guide,3247945R11,
Transamerica,fe_express_solution,ALL,69,female,Y,50000-100000,select_smoker,102.39,42,0.086,Transamerica_FE_Express_Solution_Agent_Guide,3247945R11,
Transamerica,fe_express_solution,ALL,69,male,N,50000-100000,premier,75.93,42,0.086,Transamerica_FE_Express_Solution_Agent_Guide,3247945R11,
Transamerica,fe_express_solution,ALL,69,male,N,50000-100000,select_nonsmoker,102.55,42,0.086,Transamerica_FE_Express_Solution_Agent_Guide,3247945R11,
Transamerica,fe_express_solution,ALL,69,male,Y,50000-100000,select_smoker,144.63,42,0.086,Transamerica_FE_Express_Solution_Agent_Guide,3247945R11,
Transamerica,fe_express_solution,ALL,70,female,N,50000-100000,premier,59.77,42,0.086,Transamerica_FE_Express_Solution_Agent_Guide,3247945R11,
Transamerica,fe_express_solution,ALL,70,female,N,50000-100000,select_nonsmoker,80.12,42,0.086,Transamerica_FE_Express_Solution_Agent_Guide,3247945R11,
Transamerica,fe_express_solution,ALL,70,female,Y,50000-100000,select_smoker,105.16,42,0.086,Transamerica_FE_Express_Solution_Agent_Guide,3247945R11,
Transamerica,fe_express_solution,ALL,70,male,N,50000-100000,premier,80.48,42,0.086,Transamerica_FE_Express_Solution_Agent_Guide,3247945R11,
Transamerica,fe_express_solution,ALL,70,male,N,50000-100000,select_nonsmoker,107.94,42,0.086,Transamerica_FE_Express_Solution_Agent_Guide,3247945R11,
Transamerica,fe_express_solution,ALL,70,male,Y,50000-100000,select_smoker,148.67,42,0.086,Transamerica_FE_Express_Solution_Agent_Guide,3247945R11,
Transamerica,fe_express_solution,ALL,71,female,N,50000-100000,premier,65.9,42,0.086,Transamerica_FE_Express_Solution_Agent_Guide,3247945R11,
Transamerica,fe_express_solution,ALL,71,female,N,50000-100000,select_nonsmoker,89.28,42,0.086,Transamerica_FE_Express_Solution_Agent_Guide,3247945R11,
Transamerica,fe_express_solution,ALL,71,female,Y,50000-100000,select_smoker,111.76,42,0.086,Transamerica_FE_Express_Solution_Agent_Guide,3247945R11,
Transamerica,fe_express_solution,ALL,71,male,N,50000-100000,premier,88.78,42,0.086,Transamerica_FE_Express_Solution_Agent_Guide,3247945R11,
Transamerica,fe_express_solution,ALL,71,male,N,50000-100000,select_nonsmoker,120.51,42,0.086,Transamerica_FE_Express_Solution_Agent_Guide,3247945R11,
Transamerica,fe_express_solution,ALL,71,male,Y,50000-100000,select_smoker,158.67,42,0.086,Transamerica_FE_Express_Solution_Agent_Guide,3247945R11,
Transamerica,fe_express_solution,ALL,72,female,N,50000-100000,premier,72.02,42,0.086,Transamerica_FE_Express_Solution_Agent_Guide,3247945R11,
Transamerica,fe_express_solution,ALL,72,female,N,50000-100000,select_nonsmoker,98.43,42,0.086,Transamerica_FE_Express_Solution_Agent_Guide,3247945R11,
Transamerica,fe_express_solution,ALL,72,female,Y,50000-100000,select_smoker,118.35,42,0.086,Transamerica_FE_Express_Solution_Agent_Guide,3247945R11,
Transamerica,fe_express_solution,ALL,72,male,N,50000-100000,premier,97.09,42,0.086,Transamerica_FE_Express_Solution_Agent_Guide,3247945R11,
Transamerica,fe_express_solution,ALL,72,male,N,50000-100000,select_nonsmoker,133.08,42,0.086,Transamerica_FE_Express_Solution_Agent_Guide,3247945R11,
Transamerica,fe_express_solution,ALL,72,male,Y,50000-100000,select_smoker,168.66,42,0.086,Transamerica_FE_Express_Solution_Agent_Guide,3247945R11,
Transamerica,fe_express_solution,ALL,73,female,N,50000-100000,premier,78.15,42,0.086,Transamerica_FE_Express_Solution_Agent_Guide,3247945R11,
Transamerica,fe_express_solution,ALL,73,female,N,50000-100000,select_nonsmoker,107.58,42,0.086,Transamerica_FE_Express_Solution_Agent_Guide,3247945R11,
Transamerica,fe_express_solution,ALL,73,female,Y,50000-100000,select_smoker,124.94,42,0.086,Transamerica_FE_Express_Solution_Agent_Guide,3247945R11,
Transamerica,fe_express_solution,ALL,73,male,N,50000-100000,premier,105.39,42,0.086,Transamerica_FE_Express_Solution_Agent_Guide,3247945R11,
Transamerica,fe_express_solution,ALL,73,male,N,50000-100000,select_nonsmoker,145.65,42,0.086,Transamerica_FE_Express_Solution_Agent_Guide,3247945R11,
Transamerica,fe_express_solution,ALL,73,male,Y,50000-100000,select_smoker,178.65,42,0.086,Transamerica_FE_Express_Solution_Agent_Guide,3247945R11,
Transamerica,fe_express_solution,ALL,74,female,N,50000-100000,premier,84.27,42,0.086,Transamerica_FE_Express_Solution_Agent_Guide,3247945R11,
Transamerica,fe_express_solution,ALL,74,female,N,50000-100000,select_nonsmoker,116.74,42,0.086,Transamerica_FE_Express_Solution_Agent_Guide,3247945R11,
Transamerica,fe_express_solution,ALL,74,female,Y,50000-100000,select_smoker,131.53,42,0.086,Transamerica_FE_Express_Solution_Agent_Guide,3247945R11,
Transamerica,fe_express_solution,ALL,74,male,N,50000-100000,premier,113.69,42,0.086,Transamerica_FE_Express_Solution_Agent_Guide,3247945R11,
Transamerica,fe_express_solution,ALL,74,male,N,50000-100000,select_nonsmoker,158.22,42,0.086,Transamerica_FE_Express_Solution_Agent_Guide,3247945R11,
Transamerica,fe_express_solution,ALL,74,male,Y,50000-100000,select_smoker,188.64,42,0.086,Transamerica_FE_Express_Solution_Agent_Guide,3247945R11,
Transamerica,fe_express_solution,ALL,75,female,N,50000-100000,premier,90.4,42,0.086,Transamerica_FE_Express_Solution_Agent_Guide,3247945R11,
Transamerica,fe_express_solution,ALL,75,female,N,50000-100000,select_nonsmoker,125.89,42,0.086,Transamerica_FE_Express_Solution_Agent_Guide,3247945R11,
Transamerica,fe_express_solution,ALL,75,female,Y,50000-100000,select_smoker,138.12,42,0.086,Transamerica_FE_Express_Solution_Agent_Guide,3247945R11,
Transamerica,fe_express_solution,ALL,75,male,N,50000-100000,premier,121.99,42,0.086,Transamerica_FE_Express_Solution_Agent_Guide,3247945R11,
Transamerica,fe_express_solution,ALL,75,male,N,50000-100000,select_nonsmoker,170.79,42,0.086,Transamerica_FE_Express_Solution_Agent_Guide,3247945R11,
Transamerica,fe_express_solution,ALL,75,male,Y,50000-100000,select_smoker,198.64,42,0.086,Transamerica_FE_Express_Solution_Agent_Guide,3247945R11,
