carrier,product,state,age,sex,smoker,face_amount,health_class,monthly_premium,rank_in_quote,is_best,is_mvi_appointed,integrity_carrier,integrity_product,harvest_batch_id,source_date
transamerica,immediate_solution_preferred,NE,55,male,0,10000,standard_nt,35.72,1,1,1,Transamerica Life Insurance Co.,Immediate Solution - Preferred,2026-08-15,2026-08-15
moo,living_promise_level,NE,55,male,0,10000,standard_nt,35.94,2,0,1,United of Omaha,Living Promise Level,2026-08-15,2026-08-15
americo,eagle_select_1,NE,55,male,0,10000,standard_nt,35.94,3,0,1,Americo,Eagle Select 1,2026-08-15,2026-08-15
cigna,primary_plan,NE,55,male,0,10000,standard_nt,38.36,4,0,0,cigna,PRIMARY PLAN,2026-08-15,2026-08-15
logo,preferred,NE,55,male,0,10000,standard_nt,38.55,5,0,0,logo,Preferred,2026-08-15,2026-08-15
lbl,simpl_preferred,NE,55,male,0,10000,standard_nt,38.59,6,0,0,lbl,SIMPL Preferred,2026-08-15,2026-08-15
royal,simplified_issue_plan,NE,55,male,0,10000,standard_nt,39.08,7,0,0,royal,Simplified Issue Plan,2026-08-15,2026-08-15
transamerica,express_premier,NE,55,male,0,10000,standard_nt,39.21,8,0,1,Transamerica Life Insurance Co.,Express Premier,2026-08-15,2026-08-15
corebridge,simplinow_level,NE,55,male,0,10000,standard_nt,39.22,9,0,1,Corebridge Financial,SimpliNow Level,2026-08-15,2026-08-15
foresters,planright_preferred,NE,55,male,0,10000,standard_nt,39.25,10,0,0,foresters,PlanRight/Preferred,2026-08-15,2026-08-15
amam,senior_choice_immediate,NE,55,male,0,10000,standard_nt,40.03,11,0,1,American Amicable,Senior Choice Immediate,2026-08-15,2026-08-15
amam,golden_solution_immediate,NE,55,male,0,10000,standard_nt,41.3,12,0,1,American Amicable,Golden Solution Immediate,2026-08-15,2026-08-15
transamerica,immediate_solution_standard,NE,55,male,0,10000,standard_nt,42.33,13,0,1,Transamerica Life Insurance Co.,Immediate Solution - Standard,2026-08-15,2026-08-15
logo,standard,NE,55,male,0,10000,standard_nt,42.93,14,0,0,logo,Standard,2026-08-15,2026-08-15
logo,superior_choice,NE,55,male,0,10000,standard_nt,43.02,15,0,0,logo,Superior Choice,2026-08-15,2026-08-15
aetna,preferred,NE,55,male,0,10000,standard_nt,44.1,16,0,1,Aetna,Preferred,2026-08-15,2026-08-15
moo,living_promise_graded,NE,55,male,0,10000,standard_nt,45.35,17,0,1,United of Omaha,Living Promise Graded,2026-08-15,2026-08-15
americo,eagle_select_2,NE,55,male,0,10000,standard_nt,45.77,18,0,1,Americo,Eagle Select 2,2026-08-15,2026-08-15
royal,ensured_legacy_standard,NE,55,male,0,10000,standard_nt,45.8,19,0,0,royal,Ensured Legacy/Standard,2026-08-15,2026-08-15
amam,platinum_solution_immediate,NE,55,male,0,10000,standard_nt,45.9,20,0,1,American Amicable,Platinum Solution Immediate,2026-08-15,2026-08-15
aetna,standard,NE,55,male,0,10000,standard_nt,48.48,21,0,1,Aetna,Standard,2026-08-15,2026-08-15
amam,senior_choice_graded,NE,55,male,0,10000,standard_nt,48.64,22,0,1,American Amicable,Senior Choice Graded,2026-08-15,2026-08-15
aflac,standard,NE,55,male,0,10000,standard_nt,49.94,23,0,0,Aflac,Standard,2026-08-15,2026-08-15
lbl,simpl_standard,NE,55,male,0,10000,standard_nt,50.29,24,0,0,lbl,SIMPL Standard,2026-08-15,2026-08-15
corebridge,simplinow_graded,NE,55,male,0,10000,standard_nt,51.92,25,0,1,Corebridge Financial,SimpliNow Graded,2026-08-15,2026-08-15
amam,golden_solution_graded,NE,55,male,0,10000,standard_nt,52.66,26,0,1,American Amicable,Golden Solution Graded,2026-08-15,2026-08-15
americo,eagle_select_3,NE,55,male,0,10000,standard_nt,52.92,27,0,1,Americo,Eagle Select 3,2026-08-15,2026-08-15
transamerica,express_select,NE,55,male,0,10000,standard_nt,53.17,28,0,1,Transamerica Life Insurance Co.,Express Select,2026-08-15,2026-08-15
amam,senior_choice_rop,NE,55,male,0,10000,standard_nt,54.65,29,0,1,American Amicable,Senior Choice ROP,2026-08-15,2026-08-15
lbl,mwl,NE,55,male,0,10000,standard_nt,55.64,30,0,0,lbl,MWL,2026-08-15,2026-08-15
logo,superior_choice_gi,NE,55,male,0,10000,standard_nt,56.49,31,0,0,logo,Superior Choice - GI,2026-08-15,2026-08-15
royal,graded_benefit_life,NE,55,male,0,10000,standard_nt,56.68,32,0,0,royal,Graded Benefit Life,2026-08-15,2026-08-15
amam,platinum_solution_graded,NE,55,male,0,10000,standard_nt,57.02,33,0,1,American Amicable,Platinum Solution Graded,2026-08-15,2026-08-15
amam,golden_solution_rop,NE,55,male,0,10000,standard_nt,57.59,34,0,1,American Amicable,Golden Solution ROP,2026-08-15,2026-08-15
gerber,gerber_guaranteed_life,NE,55,male,0,10000,standard_nt,57.94,35,0,0,gerber,Gerber Guaranteed Life,2026-08-15,2026-08-15
logo,graded,NE,55,male,0,10000,standard_nt,58.3,36,0,0,logo,Graded,2026-08-15,2026-08-15
aetna,primary_plan_rop,NE,55,male,0,10000,standard_nt,58.45,37,0,1,Aetna,PRIMARY PLAN ROP,2026-08-15,2026-08-15
foresters,planright_standard,NE,55,male,0,10000,standard_nt,59.17,38,0,0,foresters,PlanRight/Standard,2026-08-15,2026-08-15
foresters,planright_rop,NE,55,male,0,10000,standard_nt,59.85,39,0,0,foresters,PlanRight ROP,2026-08-15,2026-08-15
gtl,heritage_plan,NE,55,male,0,10000,standard_nt,60.33,40,0,0,gtl,Heritage Plan,2026-08-15,2026-08-15
amam,platinum_solution_rop,NE,55,male,0,10000,standard_nt,61.95,41,0,1,American Amicable,Platinum Solution ROP,2026-08-15,2026-08-15
cigna,primary_plan_rop,NE,55,male,0,10000,standard_nt,62.23,42,0,0,cigna,PRIMARY PLAN ROP,2026-08-15,2026-08-15
royal,ensured_legacy_graded,NE,55,male,0,10000,standard_nt,63.51,43,0,0,royal,Ensured Legacy - Graded,2026-08-15,2026-08-15
corebridge,giwl_up_to_19_999,NE,55,male,0,10000,standard_nt,66.72,44,0,1,Corebridge Financial,GIWL up to $19;999,2026-08-15,2026-08-15
logo,express_issue_graded,NE,55,male,0,10000,standard_nt,69.34,45,0,0,logo,Express Issue Graded,2026-08-15,2026-08-15
aflac,primary_plan_rop,NE,55,male,0,10000,standard_nt,72.99,46,0,0,Aflac,Primary Plan ROP,2026-08-15,2026-08-15
transamerica,express_graded,NE,55,male,0,10000,standard_nt,80.98,47,0,1,Transamerica Life Insurance Co.,Express Graded,2026-08-15,2026-08-15
transamerica,easy_solution,NE,55,male,0,10000,standard_nt,91.42,48,0,1,Transamerica Life Insurance Co.,Easy Solution,2026-08-15,2026-08-15
royal,ensured_legacy_guaranteed_issue,NE,55,male,0,10000,standard_nt,102.83,49,0,0,royal,Ensured Legacy - Guaranteed Issue,2026-08-15,2026-08-15
logo,guaranteed_issue,NE,55,male,0,10000,standard_nt,103.11,50,0,0,logo,Guaranteed Issue,2026-08-15,2026-08-15
transamerica,immediate_solution_preferred,NE,55,male,0,15000,standard_nt,51.77,1,1,1,Transamerica Life Insurance Co.,Immediate Solution - Preferred,2026-08-15,2026-08-15
americo,eagle_select_1,NE,55,male,0,15000,standard_nt,52.01,2,0,1,Americo,Eagle Select 1,2026-08-15,2026-08-15
moo,living_promise_level,NE,55,male,0,15000,standard_nt,52.32,3,0,1,United of Omaha,Living Promise Level,2026-08-15,2026-08-15
lbl,simpl_preferred,NE,55,male,0,15000,standard_nt,55.57,4,0,0,lbl,SIMPL Preferred,2026-08-15,2026-08-15
logo,preferred,NE,55,male,0,15000,standard_nt,55.74,5,0,0,logo,Preferred,2026-08-15,2026-08-15
transamerica,express_premier,NE,55,male,0,15000,standard_nt,57.0,6,0,1,Transamerica Life Insurance Co.,Express Premier,2026-08-15,2026-08-15
corebridge,simplinow_level,NE,55,male,0,15000,standard_nt,57.23,7,0,1,Corebridge Financial,SimpliNow Level,2026-08-15,2026-08-15
foresters,planright_preferred,NE,55,male,0,15000,standard_nt,57.3,8,0,0,foresters,PlanRight/Preferred,2026-08-15,2026-08-15
cigna,primary_plan,NE,55,male,0,15000,standard_nt,57.54,9,0,0,cigna,PRIMARY PLAN,2026-08-15,2026-08-15
royal,simplified_issue_plan,NE,55,male,0,15000,standard_nt,58.08,10,0,0,royal,Simplified Issue Plan,2026-08-15,2026-08-15
amam,senior_choice_immediate,NE,55,male,0,15000,standard_nt,58.73,11,0,1,American Amicable,Senior Choice Immediate,2026-08-15,2026-08-15
amam,golden_solution_immediate,NE,55,male,0,15000,standard_nt,60.63,12,0,1,American Amicable,Golden Solution Immediate,2026-08-15,2026-08-15
transamerica,immediate_solution_standard,NE,55,male,0,15000,standard_nt,61.68,13,0,1,Transamerica Life Insurance Co.,Immediate Solution - Standard,2026-08-15,2026-08-15
logo,standard,NE,55,male,0,15000,standard_nt,62.31,14,0,0,logo,Standard,2026-08-15,2026-08-15
aetna,preferred,NE,55,male,0,15000,standard_nt,64.4,15,0,1,Aetna,Preferred,2026-08-15,2026-08-15
logo,superior_choice,NE,55,male,0,15000,standard_nt,64.52,16,0,0,logo,Superior Choice,2026-08-15,2026-08-15
amam,platinum_solution_immediate,NE,55,male,0,15000,standard_nt,65.33,17,0,1,American Amicable,Platinum Solution Immediate,2026-08-15,2026-08-15
royal,ensured_legacy_standard,NE,55,male,0,15000,standard_nt,66.52,18,0,0,royal,Ensured Legacy/Standard,2026-08-15,2026-08-15
americo,eagle_select_2,NE,55,male,0,15000,standard_nt,66.76,19,0,1,Americo,Eagle Select 2,2026-08-15,2026-08-15
moo,living_promise_graded,NE,55,male,0,15000,standard_nt,67.49,20,0,1,United of Omaha,Living Promise Graded,2026-08-15,2026-08-15
aetna,standard,NE,55,male,0,15000,standard_nt,70.96,21,0,1,Aetna,Standard,2026-08-15,2026-08-15
amam,senior_choice_graded,NE,55,male,0,15000,standard_nt,71.64,22,0,1,American Amicable,Senior Choice Graded,2026-08-15,2026-08-15
aflac,standard,NE,55,male,0,15000,standard_nt,72.82,23,0,0,Aflac,Standard,2026-08-15,2026-08-15
lbl,simpl_standard,NE,55,male,0,15000,standard_nt,73.12,24,0,0,lbl,SIMPL Standard,2026-08-15,2026-08-15
corebridge,simplinow_graded,NE,55,male,0,15000,standard_nt,77.35,25,0,1,Corebridge Financial,SimpliNow Graded,2026-08-15,2026-08-15
americo,eagle_select_3,NE,55,male,0,15000,standard_nt,77.49,26,0,1,Americo,Eagle Select 3,2026-08-15,2026-08-15
amam,golden_solution_graded,NE,55,male,0,15000,standard_nt,77.67,27,0,1,American Amicable,Golden Solution Graded,2026-08-15,2026-08-15
transamerica,express_select,NE,55,male,0,15000,standard_nt,77.95,28,0,1,Transamerica Life Insurance Co.,Express Select,2026-08-15,2026-08-15
amam,senior_choice_rop,NE,55,male,0,15000,standard_nt,80.65,29,0,1,American Amicable,Senior Choice ROP,2026-08-15,2026-08-15
lbl,mwl,NE,55,male,0,15000,standard_nt,81.15,30,0,0,lbl,MWL,2026-08-15,2026-08-15
amam,platinum_solution_graded,NE,55,male,0,15000,standard_nt,82.02,31,0,1,American Amicable,Platinum Solution Graded,2026-08-15,2026-08-15
royal,graded_benefit_life,NE,55,male,0,15000,standard_nt,84.48,32,0,0,royal,Graded Benefit Life,2026-08-15,2026-08-15
logo,superior_choice_gi,NE,55,male,0,15000,standard_nt,84.74,33,0,0,logo,Superior Choice - GI,2026-08-15,2026-08-15
amam,golden_solution_rop,NE,55,male,0,15000,standard_nt,85.06,34,0,1,American Amicable,Golden Solution ROP,2026-08-15,2026-08-15
logo,graded,NE,55,male,0,15000,standard_nt,85.38,35,0,0,logo,Graded,2026-08-15,2026-08-15
aetna,primary_plan_rop,NE,55,male,0,15000,standard_nt,85.92,36,0,1,Aetna,PRIMARY PLAN ROP,2026-08-15,2026-08-15
gerber,gerber_guaranteed_life,NE,55,male,0,15000,standard_nt,86.45,37,0,0,gerber,Gerber Guaranteed Life,2026-08-15,2026-08-15
foresters,planright_standard,NE,55,male,0,15000,standard_nt,87.18,38,0,0,foresters,PlanRight/Standard,2026-08-15,2026-08-15
foresters,planright_rop,NE,55,male,0,15000,standard_nt,88.2,39,0,0,foresters,PlanRight ROP,2026-08-15,2026-08-15
gtl,heritage_plan,NE,55,male,0,15000,standard_nt,88.25,40,0,0,gtl,Heritage Plan,2026-08-15,2026-08-15
amam,platinum_solution_rop,NE,55,male,0,15000,standard_nt,89.41,41,0,1,American Amicable,Platinum Solution ROP,2026-08-15,2026-08-15
royal,ensured_legacy_graded,NE,55,male,0,15000,standard_nt,93.09,42,0,0,royal,Ensured Legacy - Graded,2026-08-15,2026-08-15
cigna,primary_plan_rop,NE,55,male,0,15000,standard_nt,93.34,43,0,0,cigna,PRIMARY PLAN ROP,2026-08-15,2026-08-15
corebridge,giwl_up_to_19_999,NE,55,male,0,15000,standard_nt,99.08,44,0,1,Corebridge Financial,GIWL up to $19;999,2026-08-15,2026-08-15
logo,express_issue_graded,NE,55,male,0,15000,standard_nt,101.83,45,0,0,logo,Express Issue Graded,2026-08-15,2026-08-15
aflac,primary_plan_rop,NE,55,male,0,15000,standard_nt,107.39,46,0,0,Aflac,Primary Plan ROP,2026-08-15,2026-08-15
transamerica,express_graded,NE,55,male,0,15000,standard_nt,119.66,47,0,1,Transamerica Life Insurance Co.,Express Graded,2026-08-15,2026-08-15
transamerica,easy_solution,NE,55,male,0,15000,standard_nt,135.33,48,0,1,Transamerica Life Insurance Co.,Easy Solution,2026-08-15,2026-08-15
logo,guaranteed_issue,NE,55,male,0,15000,standard_nt,152.49,49,0,0,logo,Guaranteed Issue,2026-08-15,2026-08-15
transamerica,immediate_solution_preferred,NE,55,male,0,25000,standard_nt,83.88,1,1,1,Transamerica Life Insurance Co.,Immediate Solution - Preferred,2026-08-15,2026-08-15
royal,ensured_legacy_preferred,NE,55,male,0,25000,standard_nt,83.95,2,0,0,royal,Ensured Legacy/Preferred,2026-08-15,2026-08-15
americo,eagle_select_1,NE,55,male,0,25000,standard_nt,84.15,3,0,1,Americo,Eagle Select 1,2026-08-15,2026-08-15
moo,living_promise_level,NE,55,male,0,25000,standard_nt,85.06,4,0,1,United of Omaha,Living Promise Level,2026-08-15,2026-08-15
transamerica,express_premier,NE,55,male,0,25000,standard_nt,89.16,5,0,1,Transamerica Life Insurance Co.,Express Premier,2026-08-15,2026-08-15
lbl,simpl_preferred,NE,55,male,0,25000,standard_nt,89.54,6,0,0,lbl,SIMPL Preferred,2026-08-15,2026-08-15
logo,preferred,NE,55,male,0,25000,standard_nt,90.13,7,0,0,logo,Preferred,2026-08-15,2026-08-15
corebridge,simplinow_level,NE,55,male,0,25000,standard_nt,93.25,8,0,1,Corebridge Financial,SimpliNow Level,2026-08-15,2026-08-15
foresters,planright_preferred,NE,55,male,0,25000,standard_nt,93.41,9,0,0,foresters,PlanRight/Preferred,2026-08-15,2026-08-15
cigna,primary_plan,NE,55,male,0,25000,standard_nt,95.9,10,0,0,cigna,PRIMARY PLAN,2026-08-15,2026-08-15
royal,simplified_issue_plan,NE,55,male,0,25000,standard_nt,96.08,11,0,0,royal,Simplified Issue Plan,2026-08-15,2026-08-15
amam,senior_choice_immediate,NE,55,male,0,25000,standard_nt,96.12,12,0,1,American Amicable,Senior Choice Immediate,2026-08-15,2026-08-15
amam,golden_solution_immediate,NE,55,male,0,25000,standard_nt,99.29,13,0,1,American Amicable,Golden Solution Immediate,2026-08-15,2026-08-15
transamerica,immediate_solution_standard,NE,55,male,0,25000,standard_nt,100.4,14,0,1,Transamerica Life Insurance Co.,Immediate Solution - Standard,2026-08-15,2026-08-15
logo,standard,NE,55,male,0,25000,standard_nt,101.08,15,0,0,logo,Standard,2026-08-15,2026-08-15
amam,platinum_solution_immediate,NE,55,male,0,25000,standard_nt,104.19,16,0,1,American Amicable,Platinum Solution Immediate,2026-08-15,2026-08-15
aetna,preferred,NE,55,male,0,25000,standard_nt,105.0,17,0,1,Aetna,Preferred,2026-08-15,2026-08-15
royal,ensured_legacy_standard,NE,55,male,0,25000,standard_nt,107.97,18,0,0,royal,Ensured Legacy/Standard,2026-08-15,2026-08-15
americo,eagle_select_2,NE,55,male,0,25000,standard_nt,108.73,19,0,1,Americo,Eagle Select 2,2026-08-15,2026-08-15
aetna,standard,NE,55,male,0,25000,standard_nt,115.94,20,0,1,Aetna,Standard,2026-08-15,2026-08-15
transamerica,express_select,NE,55,male,0,25000,standard_nt,116.12,21,0,1,Transamerica Life Insurance Co.,Express Select,2026-08-15,2026-08-15
amam,senior_choice_graded,NE,55,male,0,25000,standard_nt,117.63,22,0,1,American Amicable,Senior Choice Graded,2026-08-15,2026-08-15
aflac,standard,NE,55,male,0,25000,standard_nt,118.56,23,0,0,Aflac,Standard,2026-08-15,2026-08-15
lbl,simpl_standard,NE,55,male,0,25000,standard_nt,118.79,24,0,0,lbl,SIMPL Standard,2026-08-15,2026-08-15
americo,eagle_select_3,NE,55,male,0,25000,standard_nt,126.61,25,0,1,Americo,Eagle Select 3,2026-08-15,2026-08-15
corebridge,simplinow_graded,NE,55,male,0,25000,standard_nt,128.21,26,0,1,Corebridge Financial,SimpliNow Graded,2026-08-15,2026-08-15
amam,senior_choice_rop,NE,55,male,0,25000,standard_nt,132.66,27,0,1,American Amicable,Senior Choice ROP,2026-08-15,2026-08-15
logo,graded,NE,55,male,0,25000,standard_nt,139.52,28,0,0,logo,Graded,2026-08-15,2026-08-15
aetna,primary_plan_rop,NE,55,male,0,25000,standard_nt,140.88,29,0,1,Aetna,PRIMARY PLAN ROP,2026-08-15,2026-08-15
logo,superior_choice_gi,NE,55,male,0,25000,standard_nt,141.23,30,0,0,logo,Superior Choice - GI,2026-08-15,2026-08-15
foresters,planright_standard,NE,55,male,0,25000,standard_nt,143.19,31,0,0,foresters,PlanRight/Standard,2026-08-15,2026-08-15
gerber,gerber_guaranteed_life,NE,55,male,0,25000,standard_nt,143.47,32,0,0,gerber,Gerber Guaranteed Life,2026-08-15,2026-08-15
cigna,primary_plan_rop,NE,55,male,0,25000,standard_nt,155.57,33,0,0,cigna,PRIMARY PLAN ROP,2026-08-15,2026-08-15
logo,express_issue_graded,NE,55,male,0,25000,standard_nt,166.82,34,0,0,logo,Express Issue Graded,2026-08-15,2026-08-15
aflac,primary_plan_rop,NE,55,male,0,25000,standard_nt,176.18,35,0,0,Aflac,Primary Plan ROP,2026-08-15,2026-08-15
corebridge,giwl_20_000_and_up,NE,55,male,0,25000,standard_nt,183.48,36,0,1,Corebridge Financial,GIWL $20;000 and up,2026-08-15,2026-08-15
transamerica,express_graded,NE,55,male,0,25000,standard_nt,197.02,37,0,1,Transamerica Life Insurance Co.,Express Graded,2026-08-15,2026-08-15
transamerica,easy_solution,NE,55,male,0,25000,standard_nt,223.15,38,0,1,Transamerica Life Insurance Co.,Easy Solution,2026-08-15,2026-08-15
logo,guaranteed_issue,NE,55,male,0,25000,standard_nt,251.26,39,0,0,logo,Guaranteed Issue,2026-08-15,2026-08-15
transamerica,immediate_solution_preferred,NE,55,male,0,50000,standard_nt,164.16,1,1,1,Transamerica Life Insurance Co.,Immediate Solution - Preferred,2026-08-15,2026-08-15
americo,eagle_select_1,NE,55,male,0,50000,standard_nt,164.49,2,0,1,Americo,Eagle Select 1,2026-08-15,2026-08-15
moo,living_promise_level,NE,55,male,0,50000,standard_nt,166.92,3,0,1,United of Omaha,Living Promise Level,2026-08-15,2026-08-15
transamerica,express_premier,NE,55,male,0,50000,standard_nt,174.71,4,0,1,Transamerica Life Insurance Co.,Express Premier,2026-08-15,2026-08-15
logo,preferred,NE,55,male,0,50000,standard_nt,176.09,5,0,0,logo,Preferred,2026-08-15,2026-08-15
amam,senior_choice_immediate,NE,55,male,0,50000,standard_nt,189.6,6,0,1,American Amicable,Senior Choice Immediate,2026-08-15,2026-08-15
royal,simplified_issue_plan,NE,55,male,0,50000,standard_nt,191.07,7,0,0,royal,Simplified Issue Plan,2026-08-15,2026-08-15
transamerica,immediate_solution_standard,NE,55,male,0,50000,standard_nt,197.19,8,0,1,Transamerica Life Insurance Co.,Immediate Solution - Standard,2026-08-15,2026-08-15
logo,standard,NE,55,male,0,50000,standard_nt,198.0,9,0,0,logo,Standard,2026-08-15,2026-08-15
aetna,preferred,NE,55,male,0,50000,standard_nt,206.5,10,0,1,Aetna,Preferred,2026-08-15,2026-08-15
americo,eagle_select_2,NE,55,male,0,50000,standard_nt,213.66,11,0,1,Americo,Eagle Select 2,2026-08-15,2026-08-15
aetna,standard,NE,55,male,0,50000,standard_nt,228.38,12,0,1,Aetna,Standard,2026-08-15,2026-08-15
transamerica,express_select,NE,55,male,0,50000,standard_nt,228.63,13,0,1,Transamerica Life Insurance Co.,Express Select,2026-08-15,2026-08-15
aflac,standard,NE,55,male,0,50000,standard_nt,232.92,14,0,0,Aflac,Standard,2026-08-15,2026-08-15
transamerica,immediate_solution_preferred,NE,55,female,0,10000,standard_nt,27.57,1,1,1,Transamerica Life Insurance Co.,Immediate Solution - Preferred,2026-08-15,2026-08-15
moo,living_promise_level,NE,55,female,0,10000,standard_nt,27.7,2,0,1,United of Omaha,Living Promise Level,2026-08-15,2026-08-15
cigna,primary_plan,NE,55,female,0,10000,standard_nt,28.03,3,0,0,cigna,PRIMARY PLAN,2026-08-15,2026-08-15
americo,eagle_select_1,NE,55,female,0,10000,standard_nt,29.59,4,0,1,Americo,Eagle Select 1,2026-08-15,2026-08-15
corebridge,simplinow_level,NE,55,female,0,10000,standard_nt,30.15,5,0,1,Corebridge Financial,SimpliNow Level,2026-08-15,2026-08-15
lbl,simpl_preferred,NE,55,female,0,10000,standard_nt,30.91,6,0,0,lbl,SIMPL Preferred,2026-08-15,2026-08-15
royal,simplified_issue_plan,NE,55,female,0,10000,standard_nt,31.27,7,0,0,royal,Simplified Issue Plan,2026-08-15,2026-08-15
logo,preferred,NE,55,female,0,10000,standard_nt,32.07,8,0,0,logo,Preferred,2026-08-15,2026-08-15
foresters,planright_preferred,NE,55,female,0,10000,standard_nt,32.47,9,0,0,foresters,PlanRight/Preferred,2026-08-15,2026-08-15
transamerica,express_premier,NE,55,female,0,10000,standard_nt,32.86,10,0,1,Transamerica Life Insurance Co.,Express Premier,2026-08-15,2026-08-15
amam,senior_choice_immediate,NE,55,female,0,10000,standard_nt,33.69,11,0,1,American Amicable,Senior Choice Immediate,2026-08-15,2026-08-15
amam,golden_solution_immediate,NE,55,female,0,10000,standard_nt,33.99,12,0,1,American Amicable,Golden Solution Immediate,2026-08-15,2026-08-15
transamerica,immediate_solution_standard,NE,55,female,0,10000,standard_nt,34.09,13,0,1,Transamerica Life Insurance Co.,Immediate Solution - Standard,2026-08-15,2026-08-15
logo,standard,NE,55,female,0,10000,standard_nt,34.16,14,0,0,logo,Standard,2026-08-15,2026-08-15
aetna,preferred,NE,55,female,0,10000,standard_nt,34.39,15,0,1,Aetna,Preferred,2026-08-15,2026-08-15
amam,golden_solution_graded,NE,55,female,0,10000,standard_nt,36.49,16,0,1,American Amicable,Golden Solution Graded,2026-08-15,2026-08-15
moo,living_promise_graded,NE,55,female,0,10000,standard_nt,37.29,17,0,1,United of Omaha,Living Promise Graded,2026-08-15,2026-08-15
royal,ensured_legacy_standard,NE,55,female,0,10000,standard_nt,37.98,18,0,0,royal,Ensured Legacy/Standard,2026-08-15,2026-08-15
americo,eagle_select_2,NE,55,female,0,10000,standard_nt,38.18,19,0,1,Americo,Eagle Select 2,2026-08-15,2026-08-15
amam,senior_choice_graded,NE,55,female,0,10000,standard_nt,38.22,20,0,1,American Amicable,Senior Choice Graded,2026-08-15,2026-08-15
aflac,standard,NE,55,female,0,10000,standard_nt,38.46,21,0,0,Aflac,Standard,2026-08-15,2026-08-15
logo,superior_choice,NE,55,female,0,10000,standard_nt,38.66,22,0,0,logo,Superior Choice,2026-08-15,2026-08-15
amam,platinum_solution_immediate,NE,55,female,0,10000,standard_nt,38.72,23,0,1,American Amicable,Platinum Solution Immediate,2026-08-15,2026-08-15
lbl,simpl_standard,NE,55,female,0,10000,standard_nt,38.85,24,0,0,lbl,SIMPL Standard,2026-08-15,2026-08-15
corebridge,simplinow_graded,NE,55,female,0,10000,standard_nt,39.83,25,0,1,Corebridge Financial,SimpliNow Graded,2026-08-15,2026-08-15
amam,platinum_solution_graded,NE,55,female,0,10000,standard_nt,40.66,26,0,1,American Amicable,Platinum Solution Graded,2026-08-15,2026-08-15
logo,graded,NE,55,female,0,10000,standard_nt,40.98,27,0,0,logo,Graded,2026-08-15,2026-08-15
americo,eagle_select_3,NE,55,female,0,10000,standard_nt,41.64,28,0,1,Americo,Eagle Select 3,2026-08-15,2026-08-15
amam,golden_solution_rop,NE,55,female,0,10000,standard_nt,42.53,29,0,1,American Amicable,Golden Solution ROP,2026-08-15,2026-08-15
foresters,planright_standard,NE,55,female,0,10000,standard_nt,43.16,30,0,0,foresters,PlanRight/Standard,2026-08-15,2026-08-15
foresters,planright_rop,NE,55,female,0,10000,standard_nt,43.78,31,0,0,foresters,PlanRight ROP,2026-08-15,2026-08-15
aetna,standard,NE,55,female,0,10000,standard_nt,44.1,32,0,1,Aetna,Standard,2026-08-15,2026-08-15
cigna,primary_plan_rop,NE,55,female,0,10000,standard_nt,44.15,33,0,0,cigna,PRIMARY PLAN ROP,2026-08-15,2026-08-15
lbl,mwl,NE,55,female,0,10000,standard_nt,44.15,34,0,0,lbl,MWL,2026-08-15,2026-08-15
gerber,gerber_guaranteed_life,NE,55,female,0,10000,standard_nt,44.28,35,0,0,gerber,Gerber Guaranteed Life,2026-08-15,2026-08-15
transamerica,express_select,NE,55,female,0,10000,standard_nt,45.58,36,0,1,Transamerica Life Insurance Co.,Express Select,2026-08-15,2026-08-15
amam,senior_choice_rop,NE,55,female,0,10000,standard_nt,45.79,37,0,1,American Amicable,Senior Choice ROP,2026-08-15,2026-08-15
amam,platinum_solution_rop,NE,55,female,0,10000,standard_nt,46.65,38,0,1,American Amicable,Platinum Solution ROP,2026-08-15,2026-08-15
gtl,heritage_plan,NE,55,female,0,10000,standard_nt,47.0,39,0,0,gtl,Heritage Plan,2026-08-15,2026-08-15
royal,ensured_legacy_graded,NE,55,female,0,10000,standard_nt,48.02,40,0,0,royal,Ensured Legacy - Graded,2026-08-15,2026-08-15
aetna,primary_plan_rop,NE,55,female,0,10000,standard_nt,48.91,41,0,1,Aetna,PRIMARY PLAN ROP,2026-08-15,2026-08-15
royal,graded_benefit_life,NE,55,female,0,10000,standard_nt,49.55,42,0,0,royal,Graded Benefit Life,2026-08-15,2026-08-15
corebridge,giwl_up_to_19_999,NE,55,female,0,10000,standard_nt,50.61,43,0,1,Corebridge Financial,GIWL up to $19;999,2026-08-15,2026-08-15
logo,superior_choice_gi,NE,55,female,0,10000,standard_nt,54.0,44,0,0,logo,Superior Choice - GI,2026-08-15,2026-08-15
aflac,primary_plan_rop,NE,55,female,0,10000,standard_nt,54.98,45,0,0,Aflac,Primary Plan ROP,2026-08-15,2026-08-15
logo,express_issue_graded,NE,55,female,0,10000,standard_nt,65.05,46,0,0,logo,Express Issue Graded,2026-08-15,2026-08-15
transamerica,easy_solution,NE,55,female,0,10000,standard_nt,72.62,47,0,1,Transamerica Life Insurance Co.,Easy Solution,2026-08-15,2026-08-15
transamerica,express_graded,NE,55,female,0,10000,standard_nt,75.55,48,0,1,Transamerica Life Insurance Co.,Express Graded,2026-08-15,2026-08-15
royal,ensured_legacy_guaranteed_issue,NE,55,female,0,10000,standard_nt,79.34,49,0,0,royal,Ensured Legacy - Guaranteed Issue,2026-08-15,2026-08-15
logo,guaranteed_issue,NE,55,female,0,10000,standard_nt,94.33,50,0,0,logo,Guaranteed Issue,2026-08-15,2026-08-15
transamerica,immediate_solution_preferred,NE,55,female,0,15000,standard_nt,39.55,1,1,1,Transamerica Life Insurance Co.,Immediate Solution - Preferred,2026-08-15,2026-08-15
moo,living_promise_level,NE,55,female,0,15000,standard_nt,39.95,2,0,1,United of Omaha,Living Promise Level,2026-08-15,2026-08-15
cigna,primary_plan,NE,55,female,0,15000,standard_nt,42.04,3,0,0,cigna,PRIMARY PLAN,2026-08-15,2026-08-15
americo,eagle_select_1,NE,55,female,0,15000,standard_nt,42.49,4,0,1,Americo,Eagle Select 1,2026-08-15,2026-08-15
corebridge,simplinow_level,NE,55,female,0,15000,standard_nt,43.62,5,0,1,Corebridge Financial,SimpliNow Level,2026-08-15,2026-08-15
lbl,simpl_preferred,NE,55,female,0,15000,standard_nt,44.05,6,0,0,lbl,SIMPL Preferred,2026-08-15,2026-08-15
logo,preferred,NE,55,female,0,15000,standard_nt,46.02,7,0,0,logo,Preferred,2026-08-15,2026-08-15
royal,simplified_issue_plan,NE,55,female,0,15000,standard_nt,46.36,8,0,0,royal,Simplified Issue Plan,2026-08-15,2026-08-15
foresters,planright_preferred,NE,55,female,0,15000,standard_nt,47.13,9,0,0,foresters,PlanRight/Preferred,2026-08-15,2026-08-15
transamerica,express_premier,NE,55,female,0,15000,standard_nt,47.48,10,0,1,Transamerica Life Insurance Co.,Express Premier,2026-08-15,2026-08-15
logo,standard,NE,55,female,0,15000,standard_nt,49.17,11,0,0,logo,Standard,2026-08-15,2026-08-15
amam,senior_choice_immediate,NE,55,female,0,15000,standard_nt,49.21,12,0,1,American Amicable,Senior Choice Immediate,2026-08-15,2026-08-15
transamerica,immediate_solution_standard,NE,55,female,0,15000,standard_nt,49.33,13,0,1,Transamerica Life Insurance Co.,Immediate Solution - Standard,2026-08-15,2026-08-15
amam,golden_solution_immediate,NE,55,female,0,15000,standard_nt,49.66,14,0,1,American Amicable,Golden Solution Immediate,2026-08-15,2026-08-15
aetna,preferred,NE,55,female,0,15000,standard_nt,49.83,15,0,1,Aetna,Preferred,2026-08-15,2026-08-15
amam,golden_solution_graded,NE,55,female,0,15000,standard_nt,53.42,16,0,1,American Amicable,Golden Solution Graded,2026-08-15,2026-08-15
amam,platinum_solution_immediate,NE,55,female,0,15000,standard_nt,54.56,17,0,1,American Amicable,Platinum Solution Immediate,2026-08-15,2026-08-15
royal,ensured_legacy_standard,NE,55,female,0,15000,standard_nt,54.8,18,0,0,royal,Ensured Legacy/Standard,2026-08-15,2026-08-15
americo,eagle_select_2,NE,55,female,0,15000,standard_nt,55.37,19,0,1,Americo,Eagle Select 2,2026-08-15,2026-08-15
moo,living_promise_graded,NE,55,female,0,15000,standard_nt,55.4,20,0,1,United of Omaha,Living Promise Graded,2026-08-15,2026-08-15
aflac,standard,NE,55,female,0,15000,standard_nt,55.58,21,0,0,Aflac,Standard,2026-08-15,2026-08-15
lbl,simpl_standard,NE,55,female,0,15000,standard_nt,55.97,22,0,0,lbl,SIMPL Standard,2026-08-15,2026-08-15
amam,senior_choice_graded,NE,55,female,0,15000,standard_nt,56.01,23,0,1,American Amicable,Senior Choice Graded,2026-08-15,2026-08-15
amam,platinum_solution_graded,NE,55,female,0,15000,standard_nt,57.46,24,0,1,American Amicable,Platinum Solution Graded,2026-08-15,2026-08-15
logo,superior_choice,NE,55,female,0,15000,standard_nt,57.99,25,0,0,logo,Superior Choice,2026-08-15,2026-08-15
corebridge,simplinow_graded,NE,55,female,0,15000,standard_nt,59.21,26,0,1,Corebridge Financial,SimpliNow Graded,2026-08-15,2026-08-15
logo,graded,NE,55,female,0,15000,standard_nt,59.39,27,0,0,logo,Graded,2026-08-15,2026-08-15
americo,eagle_select_3,NE,55,female,0,15000,standard_nt,60.56,28,0,1,Americo,Eagle Select 3,2026-08-15,2026-08-15
amam,golden_solution_rop,NE,55,female,0,15000,standard_nt,62.48,29,0,1,American Amicable,Golden Solution ROP,2026-08-15,2026-08-15
foresters,planright_standard,NE,55,female,0,15000,standard_nt,63.17,30,0,0,foresters,PlanRight/Standard,2026-08-15,2026-08-15
lbl,mwl,NE,55,female,0,15000,standard_nt,63.92,31,0,0,lbl,MWL,2026-08-15,2026-08-15
foresters,planright_rop,NE,55,female,0,15000,standard_nt,64.1,32,0,0,foresters,PlanRight ROP,2026-08-15,2026-08-15
aetna,standard,NE,55,female,0,15000,standard_nt,64.4,33,0,1,Aetna,Standard,2026-08-15,2026-08-15
gerber,gerber_guaranteed_life,NE,55,female,0,15000,standard_nt,65.96,34,0,0,gerber,Gerber Guaranteed Life,2026-08-15,2026-08-15
cigna,primary_plan_rop,NE,55,female,0,15000,standard_nt,66.23,35,0,0,cigna,PRIMARY PLAN ROP,2026-08-15,2026-08-15
amam,platinum_solution_rop,NE,55,female,0,15000,standard_nt,66.45,36,0,1,American Amicable,Platinum Solution ROP,2026-08-15,2026-08-15
transamerica,express_select,NE,55,female,0,15000,standard_nt,66.56,37,0,1,Transamerica Life Insurance Co.,Express Select,2026-08-15,2026-08-15
amam,senior_choice_rop,NE,55,female,0,15000,standard_nt,67.36,38,0,1,American Amicable,Senior Choice ROP,2026-08-15,2026-08-15
gtl,heritage_plan,NE,55,female,0,15000,standard_nt,68.25,39,0,0,gtl,Heritage Plan,2026-08-15,2026-08-15
royal,ensured_legacy_graded,NE,55,female,0,15000,standard_nt,69.86,40,0,0,royal,Ensured Legacy - Graded,2026-08-15,2026-08-15
aetna,primary_plan_rop,NE,55,female,0,15000,standard_nt,71.62,41,0,1,Aetna,PRIMARY PLAN ROP,2026-08-15,2026-08-15
royal,graded_benefit_life,NE,55,female,0,15000,standard_nt,73.79,42,0,0,royal,Graded Benefit Life,2026-08-15,2026-08-15
corebridge,giwl_up_to_19_999,NE,55,female,0,15000,standard_nt,74.91,43,0,1,Corebridge Financial,GIWL up to $19;999,2026-08-15,2026-08-15
aflac,primary_plan_rop,NE,55,female,0,15000,standard_nt,80.38,44,0,0,Aflac,Primary Plan ROP,2026-08-15,2026-08-15
logo,superior_choice_gi,NE,55,female,0,15000,standard_nt,81.0,45,0,0,logo,Superior Choice - GI,2026-08-15,2026-08-15
logo,express_issue_graded,NE,55,female,0,15000,standard_nt,95.4,46,0,0,logo,Express Issue Graded,2026-08-15,2026-08-15
transamerica,easy_solution,NE,55,female,0,15000,standard_nt,107.13,47,0,1,Transamerica Life Insurance Co.,Easy Solution,2026-08-15,2026-08-15
transamerica,express_graded,NE,55,female,0,15000,standard_nt,111.52,48,0,1,Transamerica Life Insurance Co.,Express Graded,2026-08-15,2026-08-15
logo,guaranteed_issue,NE,55,female,0,15000,standard_nt,139.33,49,0,0,logo,Guaranteed Issue,2026-08-15,2026-08-15
royal,ensured_legacy_preferred,NE,55,female,0,25000,standard_nt,63.4,1,1,0,royal,Ensured Legacy/Preferred,2026-08-15,2026-08-15
transamerica,immediate_solution_preferred,NE,55,female,0,25000,standard_nt,63.5,2,0,1,Transamerica Life Insurance Co.,Immediate Solution - Preferred,2026-08-15,2026-08-15
moo,living_promise_level,NE,55,female,0,25000,standard_nt,64.45,3,0,1,United of Omaha,Living Promise Level,2026-08-15,2026-08-15
americo,eagle_select_1,NE,55,female,0,25000,standard_nt,68.28,4,0,1,Americo,Eagle Select 1,2026-08-15,2026-08-15
cigna,primary_plan,NE,55,female,0,25000,standard_nt,70.07,5,0,0,cigna,PRIMARY PLAN,2026-08-15,2026-08-15
lbl,simpl_preferred,NE,55,female,0,25000,standard_nt,70.34,6,0,0,lbl,SIMPL Preferred,2026-08-15,2026-08-15
corebridge,simplinow_level,NE,55,female,0,25000,standard_nt,70.57,7,0,1,Corebridge Financial,SimpliNow Level,2026-08-15,2026-08-15
transamerica,express_premier,NE,55,female,0,25000,standard_nt,73.27,8,0,1,Transamerica Life Insurance Co.,Express Premier,2026-08-15,2026-08-15
logo,preferred,NE,55,female,0,25000,standard_nt,73.92,9,0,0,logo,Preferred,2026-08-15,2026-08-15
foresters,planright_preferred,NE,55,female,0,25000,standard_nt,76.45,10,0,0,foresters,PlanRight/Preferred,2026-08-15,2026-08-15
royal,simplified_issue_plan,NE,55,female,0,25000,standard_nt,76.54,11,0,0,royal,Simplified Issue Plan,2026-08-15,2026-08-15
logo,standard,NE,55,female,0,25000,standard_nt,79.17,12,0,0,logo,Standard,2026-08-15,2026-08-15
transamerica,immediate_solution_standard,NE,55,female,0,25000,standard_nt,79.8,13,0,1,Transamerica Life Insurance Co.,Immediate Solution - Standard,2026-08-15,2026-08-15
amam,senior_choice_immediate,NE,55,female,0,25000,standard_nt,80.26,14,0,1,American Amicable,Senior Choice Immediate,2026-08-15,2026-08-15
aetna,preferred,NE,55,female,0,25000,standard_nt,80.72,15,0,1,Aetna,Preferred,2026-08-15,2026-08-15
amam,golden_solution_immediate,NE,55,female,0,25000,standard_nt,81.0,16,0,1,American Amicable,Golden Solution Immediate,2026-08-15,2026-08-15
amam,platinum_solution_immediate,NE,55,female,0,25000,standard_nt,86.24,17,0,1,American Amicable,Platinum Solution Immediate,2026-08-15,2026-08-15
royal,ensured_legacy_standard,NE,55,female,0,25000,standard_nt,88.44,18,0,0,royal,Ensured Legacy/Standard,2026-08-15,2026-08-15
americo,eagle_select_2,NE,55,female,0,25000,standard_nt,89.75,19,0,1,Americo,Eagle Select 2,2026-08-15,2026-08-15
aflac,standard,NE,55,female,0,25000,standard_nt,89.84,20,0,0,Aflac,Standard,2026-08-15,2026-08-15
lbl,simpl_standard,NE,55,female,0,25000,standard_nt,90.21,21,0,0,lbl,SIMPL Standard,2026-08-15,2026-08-15
amam,senior_choice_graded,NE,55,female,0,25000,standard_nt,91.59,22,0,1,American Amicable,Senior Choice Graded,2026-08-15,2026-08-15
logo,graded,NE,55,female,0,25000,standard_nt,96.21,23,0,0,logo,Graded,2026-08-15,2026-08-15
transamerica,express_select,NE,55,female,0,25000,standard_nt,97.16,24,0,1,Transamerica Life Insurance Co.,Express Select,2026-08-15,2026-08-15
corebridge,simplinow_graded,NE,55,female,0,25000,standard_nt,97.97,25,0,1,Corebridge Financial,SimpliNow Graded,2026-08-15,2026-08-15
americo,eagle_select_3,NE,55,female,0,25000,standard_nt,98.4,26,0,1,Americo,Eagle Select 3,2026-08-15,2026-08-15
foresters,planright_standard,NE,55,female,0,25000,standard_nt,103.18,27,0,0,foresters,PlanRight/Standard,2026-08-15,2026-08-15
aetna,standard,NE,55,female,0,25000,standard_nt,105.0,28,0,1,Aetna,Standard,2026-08-15,2026-08-15
gerber,gerber_guaranteed_life,NE,55,female,0,25000,standard_nt,109.32,29,0,0,gerber,Gerber Guaranteed Life,2026-08-15,2026-08-15
cigna,primary_plan_rop,NE,55,female,0,25000,standard_nt,110.38,30,0,0,cigna,PRIMARY PLAN ROP,2026-08-15,2026-08-15
amam,senior_choice_rop,NE,55,female,0,25000,standard_nt,110.51,31,0,1,American Amicable,Senior Choice ROP,2026-08-15,2026-08-15
aetna,primary_plan_rop,NE,55,female,0,25000,standard_nt,117.03,32,0,1,Aetna,PRIMARY PLAN ROP,2026-08-15,2026-08-15
aflac,primary_plan_rop,NE,55,female,0,25000,standard_nt,131.16,33,0,0,Aflac,Primary Plan ROP,2026-08-15,2026-08-15
logo,superior_choice_gi,NE,55,female,0,25000,standard_nt,135.0,34,0,0,logo,Superior Choice - GI,2026-08-15,2026-08-15
corebridge,giwl_20_000_and_up,NE,55,female,0,25000,standard_nt,139.53,35,0,1,Corebridge Financial,GIWL $20;000 and up,2026-08-15,2026-08-15
logo,express_issue_graded,NE,55,female,0,25000,standard_nt,156.1,36,0,0,logo,Express Issue Graded,2026-08-15,2026-08-15
transamerica,easy_solution,NE,55,female,0,25000,standard_nt,176.15,37,0,1,Transamerica Life Insurance Co.,Easy Solution,2026-08-15,2026-08-15
transamerica,express_graded,NE,55,female,0,25000,standard_nt,183.46,38,0,1,Transamerica Life Insurance Co.,Express Graded,2026-08-15,2026-08-15
logo,guaranteed_issue,NE,55,female,0,25000,standard_nt,229.31,39,0,0,logo,Guaranteed Issue,2026-08-15,2026-08-15
transamerica,immediate_solution_preferred,NE,55,female,0,50000,standard_nt,123.4,1,1,1,Transamerica Life Insurance Co.,Immediate Solution - Preferred,2026-08-15,2026-08-15
moo,living_promise_level,NE,55,female,0,50000,standard_nt,125.69,2,0,1,United of Omaha,Living Promise Level,2026-08-15,2026-08-15
americo,eagle_select_1,NE,55,female,0,50000,standard_nt,132.76,3,0,1,Americo,Eagle Select 1,2026-08-15,2026-08-15
transamerica,express_premier,NE,55,female,0,50000,standard_nt,142.93,4,0,1,Transamerica Life Insurance Co.,Express Premier,2026-08-15,2026-08-15
logo,preferred,NE,55,female,0,50000,standard_nt,143.69,5,0,0,logo,Preferred,2026-08-15,2026-08-15
royal,simplified_issue_plan,NE,55,female,0,50000,standard_nt,152.01,6,0,0,royal,Simplified Issue Plan,2026-08-15,2026-08-15
logo,standard,NE,55,female,0,50000,standard_nt,154.18,7,0,0,logo,Standard,2026-08-15,2026-08-15
transamerica,immediate_solution_standard,NE,55,female,0,50000,standard_nt,156.0,8,0,1,Transamerica Life Insurance Co.,Immediate Solution - Standard,2026-08-15,2026-08-15
amam,senior_choice_immediate,NE,55,female,0,50000,standard_nt,157.87,9,0,1,American Amicable,Senior Choice Immediate,2026-08-15,2026-08-15
aetna,preferred,NE,55,female,0,50000,standard_nt,157.94,10,0,1,Aetna,Preferred,2026-08-15,2026-08-15
aflac,standard,NE,55,female,0,50000,standard_nt,175.48,11,0,0,Aflac,Standard,2026-08-15,2026-08-15
americo,eagle_select_2,NE,55,female,0,50000,standard_nt,175.7,12,0,1,Americo,Eagle Select 2,2026-08-15,2026-08-15
transamerica,express_select,NE,55,female,0,50000,standard_nt,190.7,13,0,1,Transamerica Life Insurance Co.,Express Select,2026-08-15,2026-08-15
aetna,standard,NE,55,female,0,50000,standard_nt,206.5,14,0,1,Aetna,Standard,2026-08-15,2026-08-15
americo,eagle_select_1,NE,60,male,0,10000,standard_nt,43.12,1,1,1,Americo,Eagle Select 1,2026-08-15,2026-08-15
transamerica,immediate_solution_preferred,NE,60,male,0,10000,standard_nt,43.44,2,0,1,Transamerica Life Insurance Co.,Immediate Solution - Preferred,2026-08-15,2026-08-15
moo,living_promise_level,NE,60,male,0,10000,standard_nt,43.75,3,0,1,United of Omaha,Living Promise Level,2026-08-15,2026-08-15
aflac,preferred,NE,60,male,0,10000,standard_nt,45.16,4,0,0,Aflac,Preferred,2026-08-15,2026-08-15
transamerica,express_premier,NE,60,male,0,10000,standard_nt,46.39,5,0,1,Transamerica Life Insurance Co.,Express Premier,2026-08-15,2026-08-15
lbl,simpl_preferred,NE,60,male,0,10000,standard_nt,46.62,6,0,0,lbl,SIMPL Preferred,2026-08-15,2026-08-15
amam,senior_choice_immediate,NE,60,male,0,10000,standard_nt,47.05,7,0,1,American Amicable,Senior Choice Immediate,2026-08-15,2026-08-15
foresters,planright_preferred,NE,60,male,0,10000,standard_nt,47.06,8,0,0,foresters,PlanRight/Preferred,2026-08-15,2026-08-15
corebridge,simplinow_level,NE,60,male,0,10000,standard_nt,47.82,9,0,1,Corebridge Financial,SimpliNow Level,2026-08-15,2026-08-15
cigna,primary_plan,NE,60,male,0,10000,standard_nt,47.97,10,0,0,cigna,PRIMARY PLAN,2026-08-15,2026-08-15
amam,golden_solution_immediate,NE,60,male,0,10000,standard_nt,48.57,11,0,1,American Amicable,Golden Solution Immediate,2026-08-15,2026-08-15
logo,preferred,NE,60,male,0,10000,standard_nt,48.85,12,0,0,logo,Preferred,2026-08-15,2026-08-15
royal,simplified_issue_plan,NE,60,male,0,10000,standard_nt,49.39,13,0,0,royal,Simplified Issue Plan,2026-08-15,2026-08-15
transamerica,immediate_solution_standard,NE,60,male,0,10000,standard_nt,51.05,14,0,1,Transamerica Life Insurance Co.,Immediate Solution - Standard,2026-08-15,2026-08-15
aetna,preferred,NE,60,male,0,10000,standard_nt,51.1,15,0,1,Aetna,Preferred,2026-08-15,2026-08-15
royal,ensured_legacy_standard,NE,60,male,0,10000,standard_nt,51.11,16,0,0,royal,Ensured Legacy/Standard,2026-08-15,2026-08-15
logo,standard,NE,60,male,0,10000,standard_nt,52.57,17,0,0,logo,Standard,2026-08-15,2026-08-15
amam,platinum_solution_immediate,NE,60,male,0,10000,standard_nt,53.2,18,0,1,American Amicable,Platinum Solution Immediate,2026-08-15,2026-08-15
americo,eagle_select_2,NE,60,male,0,10000,standard_nt,55.13,19,0,1,Americo,Eagle Select 2,2026-08-15,2026-08-15
logo,superior_choice,NE,60,male,0,10000,standard_nt,55.22,20,0,0,logo,Superior Choice,2026-08-15,2026-08-15
moo,living_promise_graded,NE,60,male,0,10000,standard_nt,56.87,21,0,1,United of Omaha,Living Promise Graded,2026-08-15,2026-08-15
amam,senior_choice_graded,NE,60,male,0,10000,standard_nt,58.88,22,0,1,American Amicable,Senior Choice Graded,2026-08-15,2026-08-15
aflac,standard,NE,60,male,0,10000,standard_nt,59.16,23,0,0,Aflac,Standard,2026-08-15,2026-08-15
corebridge,simplinow_graded,NE,60,male,0,10000,standard_nt,59.8,24,0,1,Corebridge Financial,SimpliNow Graded,2026-08-15,2026-08-15
aetna,standard,NE,60,male,0,10000,standard_nt,61.69,25,0,1,Aetna,Standard,2026-08-15,2026-08-15
lbl,simpl_standard,NE,60,male,0,10000,standard_nt,61.96,26,0,0,lbl,SIMPL Standard,2026-08-15,2026-08-15
transamerica,express_select,NE,60,male,0,10000,standard_nt,62.53,27,0,1,Transamerica Life Insurance Co.,Express Select,2026-08-15,2026-08-15
amam,golden_solution_graded,NE,60,male,0,10000,standard_nt,63.8,28,0,1,American Amicable,Golden Solution Graded,2026-08-15,2026-08-15
gerber,gerber_guaranteed_life,NE,60,male,0,10000,standard_nt,63.89,29,0,0,gerber,Gerber Guaranteed Life,2026-08-15,2026-08-15
royal,ensured_legacy_graded,NE,60,male,0,10000,standard_nt,66.55,30,0,0,royal,Ensured Legacy - Graded,2026-08-15,2026-08-15
logo,graded,NE,60,male,0,10000,standard_nt,66.88,31,0,0,logo,Graded,2026-08-15,2026-08-15
lbl,mwl,NE,60,male,0,10000,standard_nt,68.12,32,0,0,lbl,MWL,2026-08-15,2026-08-15
amam,platinum_solution_graded,NE,60,male,0,10000,standard_nt,68.16,33,0,1,American Amicable,Platinum Solution Graded,2026-08-15,2026-08-15
amam,senior_choice_rop,NE,60,male,0,10000,standard_nt,68.31,34,0,1,American Amicable,Senior Choice ROP,2026-08-15,2026-08-15
gtl,heritage_plan,NE,60,male,0,10000,standard_nt,69.5,35,0,0,gtl,Heritage Plan,2026-08-15,2026-08-15
royal,graded_benefit_life,NE,60,male,0,10000,standard_nt,71.86,36,0,0,royal,Graded Benefit Life,2026-08-15,2026-08-15
amam,golden_solution_rop,NE,60,male,0,10000,standard_nt,72.04,37,0,1,American Amicable,Golden Solution ROP,2026-08-15,2026-08-15
foresters,planright_standard,NE,60,male,0,10000,standard_nt,73.81,38,0,0,foresters,PlanRight/Standard,2026-08-15,2026-08-15
aflac,primary_plan_rop,NE,60,male,0,10000,standard_nt,73.98,39,0,0,Aflac,Primary Plan ROP,2026-08-15,2026-08-15
foresters,planright_rop,NE,60,male,0,10000,standard_nt,74.03,40,0,0,foresters,PlanRight ROP,2026-08-15,2026-08-15
corebridge,giwl_up_to_19_999,NE,60,male,0,10000,standard_nt,74.09,41,0,1,Corebridge Financial,GIWL up to $19;999,2026-08-15,2026-08-15
americo,eagle_select_3,NE,60,male,0,10000,standard_nt,75.51,42,0,1,Americo,Eagle Select 3,2026-08-15,2026-08-15
amam,platinum_solution_rop,NE,60,male,0,10000,standard_nt,76.38,43,0,1,American Amicable,Platinum Solution ROP,2026-08-15,2026-08-15
aetna,primary_plan_rop,NE,60,male,0,10000,standard_nt,78.49,44,0,1,Aetna,PRIMARY PLAN ROP,2026-08-15,2026-08-15
cigna,primary_plan_rop,NE,60,male,0,10000,standard_nt,78.74,45,0,0,cigna,PRIMARY PLAN ROP,2026-08-15,2026-08-15
logo,superior_choice_gi,NE,60,male,0,10000,standard_nt,80.87,46,0,0,logo,Superior Choice - GI,2026-08-15,2026-08-15
logo,express_issue_graded,NE,60,male,0,10000,standard_nt,84.76,47,0,0,logo,Express Issue Graded,2026-08-15,2026-08-15
transamerica,express_graded,NE,60,male,0,10000,standard_nt,91.74,48,0,1,Transamerica Life Insurance Co.,Express Graded,2026-08-15,2026-08-15
transamerica,easy_solution,NE,60,male,0,10000,standard_nt,106.9,49,0,1,Transamerica Life Insurance Co.,Easy Solution,2026-08-15,2026-08-15
logo,guaranteed_issue,NE,60,male,0,10000,standard_nt,114.66,50,0,0,logo,Guaranteed Issue,2026-08-15,2026-08-15
royal,ensured_legacy_guaranteed_issue,NE,60,male,0,10000,standard_nt,126.15,51,0,0,royal,Ensured Legacy - Guaranteed Issue,2026-08-15,2026-08-15
americo,eagle_select_1,NE,60,male,0,15000,standard_nt,62.78,1,1,1,Americo,Eagle Select 1,2026-08-15,2026-08-15
transamerica,immediate_solution_preferred,NE,60,male,0,15000,standard_nt,63.36,2,0,1,Transamerica Life Insurance Co.,Immediate Solution - Preferred,2026-08-15,2026-08-15
moo,living_promise_level,NE,60,male,0,15000,standard_nt,64.03,3,0,1,United of Omaha,Living Promise Level,2026-08-15,2026-08-15
aflac,preferred,NE,60,male,0,15000,standard_nt,65.64,4,0,0,Aflac,Preferred,2026-08-15,2026-08-15
lbl,simpl_preferred,NE,60,male,0,15000,standard_nt,67.61,5,0,0,lbl,SIMPL Preferred,2026-08-15,2026-08-15
transamerica,express_premier,NE,60,male,0,15000,standard_nt,67.77,6,0,1,Transamerica Life Insurance Co.,Express Premier,2026-08-15,2026-08-15
foresters,planright_preferred,NE,60,male,0,15000,standard_nt,69.01,7,0,0,foresters,PlanRight/Preferred,2026-08-15,2026-08-15
amam,senior_choice_immediate,NE,60,male,0,15000,standard_nt,69.26,8,0,1,American Amicable,Senior Choice Immediate,2026-08-15,2026-08-15
corebridge,simplinow_level,NE,60,male,0,15000,standard_nt,70.12,9,0,1,Corebridge Financial,SimpliNow Level,2026-08-15,2026-08-15
logo,preferred,NE,60,male,0,15000,standard_nt,71.2,10,0,0,logo,Preferred,2026-08-15,2026-08-15
amam,golden_solution_immediate,NE,60,male,0,15000,standard_nt,71.53,11,0,1,American Amicable,Golden Solution Immediate,2026-08-15,2026-08-15
cigna,primary_plan,NE,60,male,0,15000,standard_nt,71.95,12,0,0,cigna,PRIMARY PLAN,2026-08-15,2026-08-15
royal,simplified_issue_plan,NE,60,male,0,15000,standard_nt,73.55,13,0,0,royal,Simplified Issue Plan,2026-08-15,2026-08-15
royal,ensured_legacy_standard,NE,60,male,0,15000,standard_nt,74.49,14,0,0,royal,Ensured Legacy/Standard,2026-08-15,2026-08-15
transamerica,immediate_solution_standard,NE,60,male,0,15000,standard_nt,74.77,15,0,1,Transamerica Life Insurance Co.,Immediate Solution - Standard,2026-08-15,2026-08-15
aetna,preferred,NE,60,male,0,15000,standard_nt,74.9,16,0,1,Aetna,Preferred,2026-08-15,2026-08-15
amam,platinum_solution_immediate,NE,60,male,0,15000,standard_nt,76.29,17,0,1,American Amicable,Platinum Solution Immediate,2026-08-15,2026-08-15
logo,standard,NE,60,male,0,15000,standard_nt,76.78,18,0,0,logo,Standard,2026-08-15,2026-08-15
americo,eagle_select_2,NE,60,male,0,15000,standard_nt,80.79,19,0,1,Americo,Eagle Select 2,2026-08-15,2026-08-15
logo,superior_choice,NE,60,male,0,15000,standard_nt,82.82,20,0,0,logo,Superior Choice,2026-08-15,2026-08-15
moo,living_promise_graded,NE,60,male,0,15000,standard_nt,84.77,21,0,1,United of Omaha,Living Promise Graded,2026-08-15,2026-08-15
aflac,standard,NE,60,male,0,15000,standard_nt,86.64,22,0,0,Aflac,Standard,2026-08-15,2026-08-15
amam,senior_choice_graded,NE,60,male,0,15000,standard_nt,87.0,23,0,1,American Amicable,Senior Choice Graded,2026-08-15,2026-08-15
corebridge,simplinow_graded,NE,60,male,0,15000,standard_nt,89.17,24,0,1,Corebridge Financial,SimpliNow Graded,2026-08-15,2026-08-15
lbl,simpl_standard,NE,60,male,0,15000,standard_nt,90.63,25,0,0,lbl,SIMPL Standard,2026-08-15,2026-08-15
aetna,standard,NE,60,male,0,15000,standard_nt,90.78,26,0,1,Aetna,Standard,2026-08-15,2026-08-15
transamerica,express_select,NE,60,male,0,15000,standard_nt,91.99,27,0,1,Transamerica Life Insurance Co.,Express Select,2026-08-15,2026-08-15
amam,golden_solution_graded,NE,60,male,0,15000,standard_nt,94.38,28,0,1,American Amicable,Golden Solution Graded,2026-08-15,2026-08-15
gerber,gerber_guaranteed_life,NE,60,male,0,15000,standard_nt,95.38,29,0,0,gerber,Gerber Guaranteed Life,2026-08-15,2026-08-15
royal,ensured_legacy_graded,NE,60,male,0,15000,standard_nt,97.66,30,0,0,royal,Ensured Legacy - Graded,2026-08-15,2026-08-15
logo,graded,NE,60,male,0,15000,standard_nt,98.25,31,0,0,logo,Graded,2026-08-15,2026-08-15
amam,platinum_solution_graded,NE,60,male,0,15000,standard_nt,98.71,32,0,1,American Amicable,Platinum Solution Graded,2026-08-15,2026-08-15
lbl,mwl,NE,60,male,0,15000,standard_nt,99.87,33,0,0,lbl,MWL,2026-08-15,2026-08-15
amam,senior_choice_rop,NE,60,male,0,15000,standard_nt,101.15,34,0,1,American Amicable,Senior Choice ROP,2026-08-15,2026-08-15
gtl,heritage_plan,NE,60,male,0,15000,standard_nt,102.0,35,0,0,gtl,Heritage Plan,2026-08-15,2026-08-15
amam,golden_solution_rop,NE,60,male,0,15000,standard_nt,106.74,36,0,1,American Amicable,Golden Solution ROP,2026-08-15,2026-08-15
royal,graded_benefit_life,NE,60,male,0,15000,standard_nt,107.24,37,0,0,royal,Graded Benefit Life,2026-08-15,2026-08-15
aflac,primary_plan_rop,NE,60,male,0,15000,standard_nt,108.87,38,0,0,Aflac,Primary Plan ROP,2026-08-15,2026-08-15
foresters,planright_standard,NE,60,male,0,15000,standard_nt,109.13,39,0,0,foresters,PlanRight/Standard,2026-08-15,2026-08-15
foresters,planright_rop,NE,60,male,0,15000,standard_nt,109.46,40,0,0,foresters,PlanRight ROP,2026-08-15,2026-08-15
corebridge,giwl_up_to_19_999,NE,60,male,0,15000,standard_nt,110.14,41,0,1,Corebridge Financial,GIWL up to $19;999,2026-08-15,2026-08-15
amam,platinum_solution_rop,NE,60,male,0,15000,standard_nt,111.06,42,0,1,American Amicable,Platinum Solution ROP,2026-08-15,2026-08-15
americo,eagle_select_3,NE,60,male,0,15000,standard_nt,111.36,43,0,1,Americo,Eagle Select 3,2026-08-15,2026-08-15
aetna,primary_plan_rop,NE,60,male,0,15000,standard_nt,115.98,44,0,1,Aetna,PRIMARY PLAN ROP,2026-08-15,2026-08-15
cigna,primary_plan_rop,NE,60,male,0,15000,standard_nt,118.11,45,0,0,cigna,PRIMARY PLAN ROP,2026-08-15,2026-08-15
logo,superior_choice_gi,NE,60,male,0,15000,standard_nt,121.3,46,0,0,logo,Superior Choice - GI,2026-08-15,2026-08-15
logo,express_issue_graded,NE,60,male,0,15000,standard_nt,124.96,47,0,0,logo,Express Issue Graded,2026-08-15,2026-08-15
transamerica,express_graded,NE,60,male,0,15000,standard_nt,135.81,48,0,1,Transamerica Life Insurance Co.,Express Graded,2026-08-15,2026-08-15
transamerica,easy_solution,NE,60,male,0,15000,standard_nt,158.54,49,0,1,Transamerica Life Insurance Co.,Easy Solution,2026-08-15,2026-08-15
logo,guaranteed_issue,NE,60,male,0,15000,standard_nt,169.81,50,0,0,logo,Guaranteed Issue,2026-08-15,2026-08-15
royal,ensured_legacy_preferred,NE,60,male,0,25000,standard_nt,101.79,1,1,0,royal,Ensured Legacy/Preferred,2026-08-15,2026-08-15
americo,eagle_select_1,NE,60,male,0,25000,standard_nt,102.1,2,0,1,Americo,Eagle Select 1,2026-08-15,2026-08-15
transamerica,immediate_solution_preferred,NE,60,male,0,25000,standard_nt,103.19,3,0,1,Transamerica Life Insurance Co.,Immediate Solution - Preferred,2026-08-15,2026-08-15
moo,living_promise_level,NE,60,male,0,25000,standard_nt,104.59,4,0,1,United of Omaha,Living Promise Level,2026-08-15,2026-08-15
aflac,preferred,NE,60,male,0,25000,standard_nt,106.6,5,0,0,Aflac,Preferred,2026-08-15,2026-08-15
transamerica,express_premier,NE,60,male,0,25000,standard_nt,107.09,6,0,1,Transamerica Life Insurance Co.,Express Premier,2026-08-15,2026-08-15
lbl,simpl_preferred,NE,60,male,0,25000,standard_nt,109.61,7,0,0,lbl,SIMPL Preferred,2026-08-15,2026-08-15
foresters,planright_preferred,NE,60,male,0,25000,standard_nt,112.92,8,0,0,foresters,PlanRight/Preferred,2026-08-15,2026-08-15
amam,senior_choice_immediate,NE,60,male,0,25000,standard_nt,113.67,9,0,1,American Amicable,Senior Choice Immediate,2026-08-15,2026-08-15
corebridge,simplinow_level,NE,60,male,0,25000,standard_nt,114.74,10,0,1,Corebridge Financial,SimpliNow Level,2026-08-15,2026-08-15
logo,preferred,NE,60,male,0,25000,standard_nt,115.89,11,0,0,logo,Preferred,2026-08-15,2026-08-15
amam,golden_solution_immediate,NE,60,male,0,25000,standard_nt,117.46,12,0,1,American Amicable,Golden Solution Immediate,2026-08-15,2026-08-15
cigna,primary_plan,NE,60,male,0,25000,standard_nt,119.92,13,0,0,cigna,PRIMARY PLAN,2026-08-15,2026-08-15
royal,ensured_legacy_standard,NE,60,male,0,25000,standard_nt,121.26,14,0,0,royal,Ensured Legacy/Standard,2026-08-15,2026-08-15
royal,simplified_issue_plan,NE,60,male,0,25000,standard_nt,121.86,15,0,0,royal,Simplified Issue Plan,2026-08-15,2026-08-15
transamerica,immediate_solution_standard,NE,60,male,0,25000,standard_nt,122.22,16,0,1,Transamerica Life Insurance Co.,Immediate Solution - Standard,2026-08-15,2026-08-15
amam,platinum_solution_immediate,NE,60,male,0,25000,standard_nt,122.45,17,0,1,American Amicable,Platinum Solution Immediate,2026-08-15,2026-08-15
aetna,preferred,NE,60,male,0,25000,standard_nt,122.5,18,0,1,Aetna,Preferred,2026-08-15,2026-08-15
logo,standard,NE,60,male,0,25000,standard_nt,125.19,19,0,0,logo,Standard,2026-08-15,2026-08-15
americo,eagle_select_2,NE,60,male,0,25000,standard_nt,132.12,20,0,1,Americo,Eagle Select 2,2026-08-15,2026-08-15
transamerica,express_select,NE,60,male,0,25000,standard_nt,139.53,21,0,1,Transamerica Life Insurance Co.,Express Select,2026-08-15,2026-08-15
aflac,standard,NE,60,male,0,25000,standard_nt,141.6,22,0,0,Aflac,Standard,2026-08-15,2026-08-15
amam,senior_choice_graded,NE,60,male,0,25000,standard_nt,143.24,23,0,1,American Amicable,Senior Choice Graded,2026-08-15,2026-08-15
corebridge,simplinow_graded,NE,60,male,0,25000,standard_nt,147.9,24,0,1,Corebridge Financial,SimpliNow Graded,2026-08-15,2026-08-15
lbl,simpl_standard,NE,60,male,0,25000,standard_nt,147.97,25,0,0,lbl,SIMPL Standard,2026-08-15,2026-08-15
aetna,standard,NE,60,male,0,25000,standard_nt,148.97,26,0,1,Aetna,Standard,2026-08-15,2026-08-15
gerber,gerber_guaranteed_life,NE,60,male,0,25000,standard_nt,158.36,27,0,0,gerber,Gerber Guaranteed Life,2026-08-15,2026-08-15
logo,graded,NE,60,male,0,25000,standard_nt,160.97,28,0,0,logo,Graded,2026-08-15,2026-08-15
amam,senior_choice_rop,NE,60,male,0,25000,standard_nt,166.83,29,0,1,American Amicable,Senior Choice ROP,2026-08-15,2026-08-15
aflac,primary_plan_rop,NE,60,male,0,25000,standard_nt,178.65,30,0,0,Aflac,Primary Plan ROP,2026-08-15,2026-08-15
foresters,planright_standard,NE,60,male,0,25000,standard_nt,179.79,31,0,0,foresters,PlanRight/Standard,2026-08-15,2026-08-15
americo,eagle_select_3,NE,60,male,0,25000,standard_nt,183.06,32,0,1,Americo,Eagle Select 3,2026-08-15,2026-08-15
aetna,primary_plan_rop,NE,60,male,0,25000,standard_nt,190.97,33,0,1,Aetna,PRIMARY PLAN ROP,2026-08-15,2026-08-15
cigna,primary_plan_rop,NE,60,male,0,25000,standard_nt,196.85,34,0,0,cigna,PRIMARY PLAN ROP,2026-08-15,2026-08-15
logo,superior_choice_gi,NE,60,male,0,25000,standard_nt,202.17,35,0,0,logo,Superior Choice - GI,2026-08-15,2026-08-15
corebridge,giwl_20_000_and_up,NE,60,male,0,25000,standard_nt,202.64,36,0,1,Corebridge Financial,GIWL $20;000 and up,2026-08-15,2026-08-15
logo,express_issue_graded,NE,60,male,0,25000,standard_nt,205.36,37,0,0,logo,Express Issue Graded,2026-08-15,2026-08-15
transamerica,express_graded,NE,60,male,0,25000,standard_nt,223.94,38,0,1,Transamerica Life Insurance Co.,Express Graded,2026-08-15,2026-08-15
transamerica,easy_solution,NE,60,male,0,25000,standard_nt,261.82,39,0,1,Transamerica Life Insurance Co.,Easy Solution,2026-08-15,2026-08-15
logo,guaranteed_issue,NE,60,male,0,25000,standard_nt,280.12,40,0,0,logo,Guaranteed Issue,2026-08-15,2026-08-15
americo,eagle_select_1,NE,60,male,0,50000,standard_nt,200.4,1,1,1,Americo,Eagle Select 1,2026-08-15,2026-08-15
moo,living_promise_level,NE,60,male,0,50000,standard_nt,205.97,2,0,1,United of Omaha,Living Promise Level,2026-08-15,2026-08-15
transamerica,express_premier,NE,60,male,0,50000,standard_nt,210.57,3,0,1,Transamerica Life Insurance Co.,Express Premier,2026-08-15,2026-08-15
amam,senior_choice_immediate,NE,60,male,0,50000,standard_nt,224.71,4,0,1,American Amicable,Senior Choice Immediate,2026-08-15,2026-08-15
logo,preferred,NE,60,male,0,50000,standard_nt,227.61,5,0,0,logo,Preferred,2026-08-15,2026-08-15
royal,simplified_issue_plan,NE,60,male,0,50000,standard_nt,242.64,6,0,0,royal,Simplified Issue Plan,2026-08-15,2026-08-15
logo,standard,NE,60,male,0,50000,standard_nt,246.23,7,0,0,logo,Standard,2026-08-15,2026-08-15
americo,eagle_select_2,NE,60,male,0,50000,standard_nt,260.44,8,0,1,Americo,Eagle Select 2,2026-08-15,2026-08-15
transamerica,express_select,NE,60,male,0,50000,standard_nt,275.46,9,0,1,Transamerica Life Insurance Co.,Express Select,2026-08-15,2026-08-15
transamerica,immediate_solution_preferred,NE,60,female,0,10000,standard_nt,32.67,1,1,1,Transamerica Life Insurance Co.,Immediate Solution - Preferred,2026-08-15,2026-08-15
moo,living_promise_level,NE,60,female,0,10000,standard_nt,32.86,2,0,1,United of Omaha,Living Promise Level,2026-08-15,2026-08-15
aflac,preferred,NE,60,female,0,10000,standard_nt,34.65,3,0,0,Aflac,Preferred,2026-08-15,2026-08-15
americo,eagle_select_1,NE,60,female,0,10000,standard_nt,34.84,4,0,1,Americo,Eagle Select 1,2026-08-15,2026-08-15
cigna,primary_plan,NE,60,female,0,10000,standard_nt,35.65,5,0,0,cigna,PRIMARY PLAN,2026-08-15,2026-08-15
corebridge,simplinow_level,NE,60,female,0,10000,standard_nt,35.83,6,0,1,Corebridge Financial,SimpliNow Level,2026-08-15,2026-08-15
lbl,simpl_preferred,NE,60,female,0,10000,standard_nt,36.35,7,0,0,lbl,SIMPL Preferred,2026-08-15,2026-08-15
foresters,planright_preferred,NE,60,female,0,10000,standard_nt,37.22,8,0,0,foresters,PlanRight/Preferred,2026-08-15,2026-08-15
transamerica,express_premier,NE,60,female,0,10000,standard_nt,38.1,9,0,1,Transamerica Life Insurance Co.,Express Premier,2026-08-15,2026-08-15
royal,simplified_issue_plan,NE,60,female,0,10000,standard_nt,38.15,10,0,0,royal,Simplified Issue Plan,2026-08-15,2026-08-15
amam,senior_choice_immediate,NE,60,female,0,10000,standard_nt,38.26,11,0,1,American Amicable,Senior Choice Immediate,2026-08-15,2026-08-15
royal,ensured_legacy_standard,NE,60,female,0,10000,standard_nt,38.39,12,0,0,royal,Ensured Legacy/Standard,2026-08-15,2026-08-15
amam,golden_solution_immediate,NE,60,female,0,10000,standard_nt,38.61,13,0,1,American Amicable,Golden Solution Immediate,2026-08-15,2026-08-15
transamerica,immediate_solution_standard,NE,60,female,0,10000,standard_nt,39.38,14,0,1,Transamerica Life Insurance Co.,Immediate Solution - Standard,2026-08-15,2026-08-15
logo,preferred,NE,60,female,0,10000,standard_nt,39.74,15,0,0,logo,Preferred,2026-08-15,2026-08-15
aetna,preferred,NE,60,female,0,10000,standard_nt,40.51,16,0,1,Aetna,Preferred,2026-08-15,2026-08-15
logo,standard,NE,60,female,0,10000,standard_nt,42.4,17,0,0,logo,Standard,2026-08-15,2026-08-15
moo,living_promise_graded,NE,60,female,0,10000,standard_nt,42.51,18,0,1,United of Omaha,Living Promise Graded,2026-08-15,2026-08-15
amam,platinum_solution_immediate,NE,60,female,0,10000,standard_nt,43.39,19,0,1,American Amicable,Platinum Solution Immediate,2026-08-15,2026-08-15
americo,eagle_select_2,NE,60,female,0,10000,standard_nt,43.69,20,0,1,Americo,Eagle Select 2,2026-08-15,2026-08-15
amam,golden_solution_graded,NE,60,female,0,10000,standard_nt,43.82,21,0,1,American Amicable,Golden Solution Graded,2026-08-15,2026-08-15
aflac,standard,NE,60,female,0,10000,standard_nt,43.96,22,0,0,Aflac,Standard,2026-08-15,2026-08-15
lbl,simpl_standard,NE,60,female,0,10000,standard_nt,45.29,23,0,0,lbl,SIMPL Standard,2026-08-15,2026-08-15
amam,senior_choice_graded,NE,60,female,0,10000,standard_nt,45.92,24,0,1,American Amicable,Senior Choice Graded,2026-08-15,2026-08-15
amam,platinum_solution_graded,NE,60,female,0,10000,standard_nt,47.93,25,0,1,American Amicable,Platinum Solution Graded,2026-08-15,2026-08-15
logo,superior_choice,NE,60,female,0,10000,standard_nt,49.14,26,0,0,logo,Superior Choice,2026-08-15,2026-08-15
corebridge,simplinow_graded,NE,60,female,0,10000,standard_nt,49.26,27,0,1,Corebridge Financial,SimpliNow Graded,2026-08-15,2026-08-15
logo,graded,NE,60,female,0,10000,standard_nt,49.34,28,0,0,logo,Graded,2026-08-15,2026-08-15
foresters,planright_standard,NE,60,female,0,10000,standard_nt,50.78,29,0,0,foresters,PlanRight/Standard,2026-08-15,2026-08-15
gerber,gerber_guaranteed_life,NE,60,female,0,10000,standard_nt,51.06,30,0,0,gerber,Gerber Guaranteed Life,2026-08-15,2026-08-15
royal,ensured_legacy_graded,NE,60,female,0,10000,standard_nt,51.07,31,0,0,royal,Ensured Legacy - Graded,2026-08-15,2026-08-15
transamerica,express_select,NE,60,female,0,10000,standard_nt,51.09,32,0,1,Transamerica Life Insurance Co.,Express Select,2026-08-15,2026-08-15
aetna,standard,NE,60,female,0,10000,standard_nt,51.1,33,0,1,Aetna,Standard,2026-08-15,2026-08-15
foresters,planright_rop,NE,60,female,0,10000,standard_nt,52.29,34,0,0,foresters,PlanRight ROP,2026-08-15,2026-08-15
lbl,mwl,NE,60,female,0,10000,standard_nt,52.67,35,0,0,lbl,MWL,2026-08-15,2026-08-15
amam,golden_solution_rop,NE,60,female,0,10000,standard_nt,52.99,36,0,1,American Amicable,Golden Solution ROP,2026-08-15,2026-08-15
americo,eagle_select_3,NE,60,female,0,10000,standard_nt,53.0,37,0,1,Americo,Eagle Select 3,2026-08-15,2026-08-15
gtl,heritage_plan,NE,60,female,0,10000,standard_nt,54.5,38,0,0,gtl,Heritage Plan,2026-08-15,2026-08-15
cigna,primary_plan_rop,NE,60,female,0,10000,standard_nt,56.7,39,0,0,cigna,PRIMARY PLAN ROP,2026-08-15,2026-08-15
aflac,primary_plan_rop,NE,60,female,0,10000,standard_nt,56.99,40,0,0,Aflac,Primary Plan ROP,2026-08-15,2026-08-15
amam,platinum_solution_rop,NE,60,female,0,10000,standard_nt,57.05,41,0,1,American Amicable,Platinum Solution ROP,2026-08-15,2026-08-15
amam,senior_choice_rop,NE,60,female,0,10000,standard_nt,57.1,42,0,1,American Amicable,Senior Choice ROP,2026-08-15,2026-08-15
royal,graded_benefit_life,NE,60,female,0,10000,standard_nt,58.15,43,0,0,royal,Graded Benefit Life,2026-08-15,2026-08-15
corebridge,giwl_up_to_19_999,NE,60,female,0,10000,standard_nt,58.6,44,0,1,Corebridge Financial,GIWL up to $19;999,2026-08-15,2026-08-15
aetna,primary_plan_rop,NE,60,female,0,10000,standard_nt,59.85,45,0,1,Aetna,PRIMARY PLAN ROP,2026-08-15,2026-08-15
logo,express_issue_graded,NE,60,female,0,10000,standard_nt,76.04,46,0,0,logo,Express Issue Graded,2026-08-15,2026-08-15
logo,superior_choice_gi,NE,60,female,0,10000,standard_nt,76.14,47,0,0,logo,Superior Choice - GI,2026-08-15,2026-08-15
transamerica,express_graded,NE,60,female,0,10000,standard_nt,78.41,48,0,1,Transamerica Life Insurance Co.,Express Graded,2026-08-15,2026-08-15
transamerica,easy_solution,NE,60,female,0,10000,standard_nt,83.12,49,0,1,Transamerica Life Insurance Co.,Easy Solution,2026-08-15,2026-08-15
royal,ensured_legacy_guaranteed_issue,NE,60,female,0,10000,standard_nt,101.09,50,0,0,royal,Ensured Legacy - Guaranteed Issue,2026-08-15,2026-08-15
logo,guaranteed_issue,NE,60,female,0,10000,standard_nt,101.23,51,0,0,logo,Guaranteed Issue,2026-08-15,2026-08-15
transamerica,immediate_solution_preferred,NE,60,female,0,15000,standard_nt,47.2,1,1,1,Transamerica Life Insurance Co.,Immediate Solution - Preferred,2026-08-15,2026-08-15
moo,living_promise_level,NE,60,female,0,15000,standard_nt,47.7,2,0,1,United of Omaha,Living Promise Level,2026-08-15,2026-08-15
aflac,preferred,NE,60,female,0,15000,standard_nt,49.88,3,0,0,Aflac,Preferred,2026-08-15,2026-08-15
americo,eagle_select_1,NE,60,female,0,15000,standard_nt,50.35,4,0,1,Americo,Eagle Select 1,2026-08-15,2026-08-15
corebridge,simplinow_level,NE,60,female,0,15000,standard_nt,52.14,5,0,1,Corebridge Financial,SimpliNow Level,2026-08-15,2026-08-15
lbl,simpl_preferred,NE,60,female,0,15000,standard_nt,52.21,6,0,0,lbl,SIMPL Preferred,2026-08-15,2026-08-15
cigna,primary_plan,NE,60,female,0,15000,standard_nt,53.47,7,0,0,cigna,PRIMARY PLAN,2026-08-15,2026-08-15
foresters,planright_preferred,NE,60,female,0,15000,standard_nt,54.26,8,0,0,foresters,PlanRight/Preferred,2026-08-15,2026-08-15
transamerica,express_premier,NE,60,female,0,15000,standard_nt,55.35,9,0,1,Transamerica Life Insurance Co.,Express Premier,2026-08-15,2026-08-15
royal,ensured_legacy_standard,NE,60,female,0,15000,standard_nt,55.41,10,0,0,royal,Ensured Legacy/Standard,2026-08-15,2026-08-15
amam,senior_choice_immediate,NE,60,female,0,15000,standard_nt,56.07,11,0,1,American Amicable,Senior Choice Immediate,2026-08-15,2026-08-15
amam,golden_solution_immediate,NE,60,female,0,15000,standard_nt,56.59,12,0,1,American Amicable,Golden Solution Immediate,2026-08-15,2026-08-15
royal,simplified_issue_plan,NE,60,female,0,15000,standard_nt,56.69,13,0,0,royal,Simplified Issue Plan,2026-08-15,2026-08-15
transamerica,immediate_solution_standard,NE,60,female,0,15000,standard_nt,57.26,14,0,1,Transamerica Life Insurance Co.,Immediate Solution - Standard,2026-08-15,2026-08-15
logo,preferred,NE,60,female,0,15000,standard_nt,57.53,15,0,0,logo,Preferred,2026-08-15,2026-08-15
aetna,preferred,NE,60,female,0,15000,standard_nt,59.02,16,0,1,Aetna,Preferred,2026-08-15,2026-08-15
logo,standard,NE,60,female,0,15000,standard_nt,61.52,17,0,0,logo,Standard,2026-08-15,2026-08-15
amam,platinum_solution_immediate,NE,60,female,0,15000,standard_nt,61.57,18,0,1,American Amicable,Platinum Solution Immediate,2026-08-15,2026-08-15
moo,living_promise_graded,NE,60,female,0,15000,standard_nt,63.23,19,0,1,United of Omaha,Living Promise Graded,2026-08-15,2026-08-15
americo,eagle_select_2,NE,60,female,0,15000,standard_nt,63.64,20,0,1,Americo,Eagle Select 2,2026-08-15,2026-08-15
aflac,standard,NE,60,female,0,15000,standard_nt,63.84,21,0,0,Aflac,Standard,2026-08-15,2026-08-15
amam,golden_solution_graded,NE,60,female,0,15000,standard_nt,64.42,22,0,1,American Amicable,Golden Solution Graded,2026-08-15,2026-08-15
lbl,simpl_standard,NE,60,female,0,15000,standard_nt,65.63,23,0,0,lbl,SIMPL Standard,2026-08-15,2026-08-15
amam,senior_choice_graded,NE,60,female,0,15000,standard_nt,67.56,24,0,1,American Amicable,Senior Choice Graded,2026-08-15,2026-08-15
amam,platinum_solution_graded,NE,60,female,0,15000,standard_nt,68.38,25,0,1,American Amicable,Platinum Solution Graded,2026-08-15,2026-08-15
logo,graded,NE,60,female,0,15000,standard_nt,71.93,26,0,0,logo,Graded,2026-08-15,2026-08-15
corebridge,simplinow_graded,NE,60,female,0,15000,standard_nt,73.36,27,0,1,Corebridge Financial,SimpliNow Graded,2026-08-15,2026-08-15
logo,superior_choice,NE,60,female,0,15000,standard_nt,73.71,28,0,0,logo,Superior Choice,2026-08-15,2026-08-15
royal,ensured_legacy_graded,NE,60,female,0,15000,standard_nt,74.43,29,0,0,royal,Ensured Legacy - Graded,2026-08-15,2026-08-15
foresters,planright_standard,NE,60,female,0,15000,standard_nt,74.59,30,0,0,foresters,PlanRight/Standard,2026-08-15,2026-08-15
transamerica,express_select,NE,60,female,0,15000,standard_nt,74.83,31,0,1,Transamerica Life Insurance Co.,Express Select,2026-08-15,2026-08-15
aetna,standard,NE,60,female,0,15000,standard_nt,74.9,32,0,1,Aetna,Standard,2026-08-15,2026-08-15
gerber,gerber_guaranteed_life,NE,60,female,0,15000,standard_nt,76.14,33,0,0,gerber,Gerber Guaranteed Life,2026-08-15,2026-08-15
lbl,mwl,NE,60,female,0,15000,standard_nt,76.7,34,0,0,lbl,MWL,2026-08-15,2026-08-15
foresters,planright_rop,NE,60,female,0,15000,standard_nt,76.86,35,0,0,foresters,PlanRight ROP,2026-08-15,2026-08-15
americo,eagle_select_3,NE,60,female,0,15000,standard_nt,77.6,36,0,1,Americo,Eagle Select 3,2026-08-15,2026-08-15
amam,golden_solution_rop,NE,60,female,0,15000,standard_nt,78.17,37,0,1,American Amicable,Golden Solution ROP,2026-08-15,2026-08-15
gtl,heritage_plan,NE,60,female,0,15000,standard_nt,79.5,38,0,0,gtl,Heritage Plan,2026-08-15,2026-08-15
amam,platinum_solution_rop,NE,60,female,0,15000,standard_nt,82.06,39,0,1,American Amicable,Platinum Solution ROP,2026-08-15,2026-08-15
aflac,primary_plan_rop,NE,60,female,0,15000,standard_nt,83.38,40,0,0,Aflac,Primary Plan ROP,2026-08-15,2026-08-15
amam,senior_choice_rop,NE,60,female,0,15000,standard_nt,84.33,41,0,1,American Amicable,Senior Choice ROP,2026-08-15,2026-08-15
cigna,primary_plan_rop,NE,60,female,0,15000,standard_nt,85.05,42,0,0,cigna,PRIMARY PLAN ROP,2026-08-15,2026-08-15
royal,graded_benefit_life,NE,60,female,0,15000,standard_nt,86.68,43,0,0,royal,Graded Benefit Life,2026-08-15,2026-08-15
corebridge,giwl_up_to_19_999,NE,60,female,0,15000,standard_nt,86.91,44,0,1,Corebridge Financial,GIWL up to $19;999,2026-08-15,2026-08-15
aetna,primary_plan_rop,NE,60,female,0,15000,standard_nt,88.02,45,0,1,Aetna,PRIMARY PLAN ROP,2026-08-15,2026-08-15
logo,express_issue_graded,NE,60,female,0,15000,standard_nt,111.88,46,0,0,logo,Express Issue Graded,2026-08-15,2026-08-15
logo,superior_choice_gi,NE,60,female,0,15000,standard_nt,114.21,47,0,0,logo,Superior Choice - GI,2026-08-15,2026-08-15
transamerica,express_graded,NE,60,female,0,15000,standard_nt,115.81,48,0,1,Transamerica Life Insurance Co.,Express Graded,2026-08-15,2026-08-15
transamerica,easy_solution,NE,60,female,0,15000,standard_nt,122.87,49,0,1,Transamerica Life Insurance Co.,Easy Solution,2026-08-15,2026-08-15
logo,guaranteed_issue,NE,60,female,0,15000,standard_nt,149.67,50,0,0,logo,Guaranteed Issue,2026-08-15,2026-08-15
royal,ensured_legacy_preferred,NE,60,female,0,25000,standard_nt,76.12,1,1,0,royal,Ensured Legacy/Preferred,2026-08-15,2026-08-15
transamerica,immediate_solution_preferred,NE,60,female,0,25000,standard_nt,76.26,2,0,1,Transamerica Life Insurance Co.,Immediate Solution - Preferred,2026-08-15,2026-08-15
moo,living_promise_level,NE,60,female,0,25000,standard_nt,77.36,3,0,1,United of Omaha,Living Promise Level,2026-08-15,2026-08-15
aflac,preferred,NE,60,female,0,25000,standard_nt,80.32,4,0,0,Aflac,Preferred,2026-08-15,2026-08-15
americo,eagle_select_1,NE,60,female,0,25000,standard_nt,81.39,5,0,1,Americo,Eagle Select 1,2026-08-15,2026-08-15
lbl,simpl_preferred,NE,60,female,0,25000,standard_nt,83.94,6,0,0,lbl,SIMPL Preferred,2026-08-15,2026-08-15
corebridge,simplinow_level,NE,60,female,0,25000,standard_nt,84.77,7,0,1,Corebridge Financial,SimpliNow Level,2026-08-15,2026-08-15
transamerica,express_premier,NE,60,female,0,25000,standard_nt,86.41,8,0,1,Transamerica Life Insurance Co.,Express Premier,2026-08-15,2026-08-15
foresters,planright_preferred,NE,60,female,0,25000,standard_nt,88.33,9,0,0,foresters,PlanRight/Preferred,2026-08-15,2026-08-15
cigna,primary_plan,NE,60,female,0,25000,standard_nt,89.12,10,0,0,cigna,PRIMARY PLAN,2026-08-15,2026-08-15
royal,ensured_legacy_standard,NE,60,female,0,25000,standard_nt,89.46,11,0,0,royal,Ensured Legacy/Standard,2026-08-15,2026-08-15
amam,senior_choice_immediate,NE,60,female,0,25000,standard_nt,91.7,12,0,1,American Amicable,Senior Choice Immediate,2026-08-15,2026-08-15
amam,golden_solution_immediate,NE,60,female,0,25000,standard_nt,92.55,13,0,1,American Amicable,Golden Solution Immediate,2026-08-15,2026-08-15
transamerica,immediate_solution_standard,NE,60,female,0,25000,standard_nt,93.03,14,0,1,Transamerica Life Insurance Co.,Immediate Solution - Standard,2026-08-15,2026-08-15
logo,preferred,NE,60,female,0,25000,standard_nt,93.1,15,0,0,logo,Preferred,2026-08-15,2026-08-15
royal,simplified_issue_plan,NE,60,female,0,25000,standard_nt,93.76,16,0,0,royal,Simplified Issue Plan,2026-08-15,2026-08-15
aetna,preferred,NE,60,female,0,25000,standard_nt,96.03,17,0,1,Aetna,Preferred,2026-08-15,2026-08-15
amam,platinum_solution_immediate,NE,60,female,0,25000,standard_nt,97.92,18,0,1,American Amicable,Platinum Solution Immediate,2026-08-15,2026-08-15
logo,standard,NE,60,female,0,25000,standard_nt,99.77,19,0,0,logo,Standard,2026-08-15,2026-08-15
americo,eagle_select_2,NE,60,female,0,25000,standard_nt,103.53,20,0,1,Americo,Eagle Select 2,2026-08-15,2026-08-15
aflac,standard,NE,60,female,0,25000,standard_nt,103.6,21,0,0,Aflac,Standard,2026-08-15,2026-08-15
lbl,simpl_standard,NE,60,female,0,25000,standard_nt,106.3,22,0,0,lbl,SIMPL Standard,2026-08-15,2026-08-15
amam,senior_choice_graded,NE,60,female,0,25000,standard_nt,110.84,23,0,1,American Amicable,Senior Choice Graded,2026-08-15,2026-08-15
transamerica,express_select,NE,60,female,0,25000,standard_nt,110.92,24,0,1,Transamerica Life Insurance Co.,Express Select,2026-08-15,2026-08-15
logo,graded,NE,60,female,0,25000,standard_nt,117.11,25,0,0,logo,Graded,2026-08-15,2026-08-15
corebridge,simplinow_graded,NE,60,female,0,25000,standard_nt,121.55,26,0,1,Corebridge Financial,SimpliNow Graded,2026-08-15,2026-08-15
foresters,planright_standard,NE,60,female,0,25000,standard_nt,122.22,27,0,0,foresters,PlanRight/Standard,2026-08-15,2026-08-15
aetna,standard,NE,60,female,0,25000,standard_nt,122.5,28,0,1,Aetna,Standard,2026-08-15,2026-08-15
gerber,gerber_guaranteed_life,NE,60,female,0,25000,standard_nt,126.28,29,0,0,gerber,Gerber Guaranteed Life,2026-08-15,2026-08-15
americo,eagle_select_3,NE,60,female,0,25000,standard_nt,126.8,30,0,1,Americo,Eagle Select 3,2026-08-15,2026-08-15
aflac,primary_plan_rop,NE,60,female,0,25000,standard_nt,136.17,31,0,0,Aflac,Primary Plan ROP,2026-08-15,2026-08-15
amam,senior_choice_rop,NE,60,female,0,25000,standard_nt,138.8,32,0,1,American Amicable,Senior Choice ROP,2026-08-15,2026-08-15
cigna,primary_plan_rop,NE,60,female,0,25000,standard_nt,141.75,33,0,0,cigna,PRIMARY PLAN ROP,2026-08-15,2026-08-15
aetna,primary_plan_rop,NE,60,female,0,25000,standard_nt,144.38,34,0,1,Aetna,PRIMARY PLAN ROP,2026-08-15,2026-08-15
corebridge,giwl_20_000_and_up,NE,60,female,0,25000,standard_nt,161.36,35,0,1,Corebridge Financial,GIWL $20;000 and up,2026-08-15,2026-08-15
logo,express_issue_graded,NE,60,female,0,25000,standard_nt,183.57,36,0,0,logo,Express Issue Graded,2026-08-15,2026-08-15
logo,superior_choice_gi,NE,60,female,0,25000,standard_nt,190.35,37,0,0,logo,Superior Choice - GI,2026-08-15,2026-08-15
transamerica,express_graded,NE,60,female,0,25000,standard_nt,190.62,38,0,1,Transamerica Life Insurance Co.,Express Graded,2026-08-15,2026-08-15
transamerica,easy_solution,NE,60,female,0,25000,standard_nt,202.38,39,0,1,Transamerica Life Insurance Co.,Easy Solution,2026-08-15,2026-08-15
logo,guaranteed_issue,NE,60,female,0,25000,standard_nt,246.56,40,0,0,logo,Guaranteed Issue,2026-08-15,2026-08-15
moo,living_promise_level,NE,60,female,0,50000,standard_nt,151.52,1,1,1,United of Omaha,Living Promise Level,2026-08-15,2026-08-15
americo,eagle_select_1,NE,60,female,0,50000,standard_nt,158.98,2,0,1,Americo,Eagle Select 1,2026-08-15,2026-08-15
transamerica,express_premier,NE,60,female,0,50000,standard_nt,169.2,3,0,1,Transamerica Life Insurance Co.,Express Premier,2026-08-15,2026-08-15
amam,senior_choice_immediate,NE,60,female,0,50000,standard_nt,180.75,4,0,1,American Amicable,Senior Choice Immediate,2026-08-15,2026-08-15
logo,preferred,NE,60,female,0,50000,standard_nt,182.05,5,0,0,logo,Preferred,2026-08-15,2026-08-15
royal,simplified_issue_plan,NE,60,female,0,50000,standard_nt,186.44,6,0,0,royal,Simplified Issue Plan,2026-08-15,2026-08-15
logo,standard,NE,60,female,0,50000,standard_nt,195.38,7,0,0,logo,Standard,2026-08-15,2026-08-15
americo,eagle_select_2,NE,60,female,0,50000,standard_nt,203.25,8,0,1,Americo,Eagle Select 2,2026-08-15,2026-08-15
transamerica,express_select,NE,60,female,0,50000,standard_nt,218.22,9,0,1,Transamerica Life Insurance Co.,Express Select,2026-08-15,2026-08-15
transamerica,immediate_solution_preferred,NE,65,male,0,10000,standard_nt,53.91,1,1,1,Transamerica Life Insurance Co.,Immediate Solution - Preferred,2026-08-15,2026-08-15
americo,eagle_select_1,NE,65,male,0,10000,standard_nt,54.15,2,0,1,Americo,Eagle Select 1,2026-08-15,2026-08-15
aflac,preferred,NE,65,male,0,10000,standard_nt,55.81,3,0,0,Aflac,Preferred,2026-08-15,2026-08-15
moo,living_promise_level,NE,65,male,0,10000,standard_nt,56.47,4,0,1,United of Omaha,Living Promise Level,2026-08-15,2026-08-15
transamerica,express_premier,NE,65,male,0,10000,standard_nt,57.42,5,0,1,Transamerica Life Insurance Co.,Express Premier,2026-08-15,2026-08-15
foresters,planright_preferred,NE,65,male,0,10000,standard_nt,57.71,6,0,0,foresters,PlanRight/Preferred,2026-08-15,2026-08-15
lbl,simpl_preferred,NE,65,male,0,10000,standard_nt,57.99,7,0,0,lbl,SIMPL Preferred,2026-08-15,2026-08-15
aetna,preferred,NE,65,male,0,10000,standard_nt,58.19,8,0,1,Aetna,Preferred,2026-08-15,2026-08-15
amam,senior_choice_immediate,NE,65,male,0,10000,standard_nt,59.74,9,0,1,American Amicable,Senior Choice Immediate,2026-08-15,2026-08-15
royal,ensured_legacy_standard,NE,65,male,0,10000,standard_nt,59.92,10,0,0,royal,Ensured Legacy/Standard,2026-08-15,2026-08-15
cigna,primary_plan,NE,65,male,0,10000,standard_nt,61.01,11,0,0,cigna,PRIMARY PLAN,2026-08-15,2026-08-15
logo,preferred,NE,65,male,0,10000,standard_nt,61.12,12,0,0,logo,Preferred,2026-08-15,2026-08-15
amam,golden_solution_immediate,NE,65,male,0,10000,standard_nt,61.69,13,0,1,American Amicable,Golden Solution Immediate,2026-08-15,2026-08-15
corebridge,simplinow_level,NE,65,male,0,10000,standard_nt,61.81,14,0,1,Corebridge Financial,SimpliNow Level,2026-08-15,2026-08-15
royal,simplified_issue_plan,NE,65,male,0,10000,standard_nt,63.62,15,0,0,royal,Simplified Issue Plan,2026-08-15,2026-08-15
transamerica,immediate_solution_standard,NE,65,male,0,10000,standard_nt,66.35,16,0,1,Transamerica Life Insurance Co.,Immediate Solution - Standard,2026-08-15,2026-08-15
amam,platinum_solution_immediate,NE,65,male,0,10000,standard_nt,66.39,17,0,1,American Amicable,Platinum Solution Immediate,2026-08-15,2026-08-15
logo,standard,NE,65,male,0,10000,standard_nt,66.89,18,0,0,logo,Standard,2026-08-15,2026-08-15
moo,living_promise_graded,NE,65,male,0,10000,standard_nt,68.44,19,0,1,United of Omaha,Living Promise Graded,2026-08-15,2026-08-15
americo,eagle_select_2,NE,65,male,0,10000,standard_nt,70.4,20,0,1,Americo,Eagle Select 2,2026-08-15,2026-08-15
corebridge,simplinow_graded,NE,65,male,0,10000,standard_nt,71.78,21,0,1,Corebridge Financial,SimpliNow Graded,2026-08-15,2026-08-15
logo,superior_choice,NE,65,male,0,10000,standard_nt,72.03,22,0,0,logo,Superior Choice,2026-08-15,2026-08-15
aflac,standard,NE,65,male,0,10000,standard_nt,75.79,23,0,0,Aflac,Standard,2026-08-15,2026-08-15
amam,senior_choice_graded,NE,65,male,0,10000,standard_nt,76.06,24,0,1,American Amicable,Senior Choice Graded,2026-08-15,2026-08-15
transamerica,express_select,NE,65,male,0,10000,standard_nt,77.81,25,0,1,Transamerica Life Insurance Co.,Express Select,2026-08-15,2026-08-15
aetna,standard,NE,65,male,0,10000,standard_nt,79.36,26,0,1,Aetna,Standard,2026-08-15,2026-08-15
logo,graded,NE,65,male,0,10000,standard_nt,80.75,27,0,0,logo,Graded,2026-08-15,2026-08-15
amam,golden_solution_graded,NE,65,male,0,10000,standard_nt,82.47,28,0,1,American Amicable,Golden Solution Graded,2026-08-15,2026-08-15
gerber,gerber_guaranteed_life,NE,65,male,0,10000,standard_nt,85.16,29,0,0,gerber,Gerber Guaranteed Life,2026-08-15,2026-08-15
royal,ensured_legacy_graded,NE,65,male,0,10000,standard_nt,85.39,30,0,0,royal,Ensured Legacy - Graded,2026-08-15,2026-08-15
lbl,simpl_standard,NE,65,male,0,10000,standard_nt,85.93,31,0,0,lbl,SIMPL Standard,2026-08-15,2026-08-15
amam,platinum_solution_graded,NE,65,male,0,10000,standard_nt,86.81,32,0,1,American Amicable,Platinum Solution Graded,2026-08-15,2026-08-15
lbl,mwl,NE,65,male,0,10000,standard_nt,87.56,33,0,0,lbl,MWL,2026-08-15,2026-08-15
gtl,heritage_plan,NE,65,male,0,10000,standard_nt,87.83,34,0,0,gtl,Heritage Plan,2026-08-15,2026-08-15
amam,senior_choice_rop,NE,65,male,0,10000,standard_nt,90.42,35,0,1,American Amicable,Senior Choice ROP,2026-08-15,2026-08-15
foresters,planright_standard,NE,65,male,0,10000,standard_nt,92.75,36,0,0,foresters,PlanRight/Standard,2026-08-15,2026-08-15
foresters,planright_rop,NE,65,male,0,10000,standard_nt,94.81,37,0,0,foresters,PlanRight ROP,2026-08-15,2026-08-15
royal,graded_benefit_life,NE,65,male,0,10000,standard_nt,95.3,38,0,0,royal,Graded Benefit Life,2026-08-15,2026-08-15
amam,golden_solution_rop,NE,65,male,0,10000,standard_nt,96.27,39,0,1,American Amicable,Golden Solution ROP,2026-08-15,2026-08-15
aflac,primary_plan_rop,NE,65,male,0,10000,standard_nt,96.98,40,0,0,Aflac,Primary Plan ROP,2026-08-15,2026-08-15
corebridge,giwl_up_to_19_999,NE,65,male,0,10000,standard_nt,98.83,41,0,1,Corebridge Financial,GIWL up to $19;999,2026-08-15,2026-08-15
cigna,primary_plan_rop,NE,65,male,0,10000,standard_nt,99.08,42,0,0,cigna,PRIMARY PLAN ROP,2026-08-15,2026-08-15
amam,platinum_solution_rop,NE,65,male,0,10000,standard_nt,100.6,43,0,1,American Amicable,Platinum Solution ROP,2026-08-15,2026-08-15
aetna,primary_plan_rop,NE,65,male,0,10000,standard_nt,102.46,44,0,1,Aetna,PRIMARY PLAN ROP,2026-08-15,2026-08-15
americo,eagle_select_3,NE,65,male,0,10000,standard_nt,103.88,45,0,1,Americo,Eagle Select 3,2026-08-15,2026-08-15
logo,express_issue_graded,NE,65,male,0,10000,standard_nt,107.05,46,0,0,logo,Express Issue Graded,2026-08-15,2026-08-15
transamerica,express_graded,NE,65,male,0,10000,standard_nt,109.93,47,0,1,Transamerica Life Insurance Co.,Express Graded,2026-08-15,2026-08-15
logo,superior_choice_gi,NE,65,male,0,10000,standard_nt,115.76,48,0,0,logo,Superior Choice - GI,2026-08-15,2026-08-15
logo,guaranteed_issue,NE,65,male,0,10000,standard_nt,129.89,49,0,0,logo,Guaranteed Issue,2026-08-15,2026-08-15
transamerica,easy_solution,NE,65,male,0,10000,standard_nt,136.45,50,0,1,Transamerica Life Insurance Co.,Easy Solution,2026-08-15,2026-08-15
royal,ensured_legacy_guaranteed_issue,NE,65,male,0,10000,standard_nt,159.56,51,0,0,royal,Ensured Legacy - Guaranteed Issue,2026-08-15,2026-08-15
transamerica,immediate_solution_preferred,NE,65,male,0,15000,standard_nt,79.06,1,1,1,Transamerica Life Insurance Co.,Immediate Solution - Preferred,2026-08-15,2026-08-15
americo,eagle_select_1,NE,65,male,0,15000,standard_nt,79.32,2,0,1,Americo,Eagle Select 1,2026-08-15,2026-08-15
aflac,preferred,NE,65,male,0,15000,standard_nt,81.61,3,0,0,Aflac,Preferred,2026-08-15,2026-08-15
moo,living_promise_level,NE,65,male,0,15000,standard_nt,83.11,4,0,1,United of Omaha,Living Promise Level,2026-08-15,2026-08-15
transamerica,express_premier,NE,65,male,0,15000,standard_nt,84.33,5,0,1,Transamerica Life Insurance Co.,Express Premier,2026-08-15,2026-08-15
lbl,simpl_preferred,NE,65,male,0,15000,standard_nt,84.68,6,0,0,lbl,SIMPL Preferred,2026-08-15,2026-08-15
foresters,planright_preferred,NE,65,male,0,15000,standard_nt,85.0,7,0,0,foresters,PlanRight/Preferred,2026-08-15,2026-08-15
aetna,preferred,NE,65,male,0,15000,standard_nt,85.53,8,0,1,Aetna,Preferred,2026-08-15,2026-08-15
royal,ensured_legacy_standard,NE,65,male,0,15000,standard_nt,87.7,9,0,0,royal,Ensured Legacy/Standard,2026-08-15,2026-08-15
amam,senior_choice_immediate,NE,65,male,0,15000,standard_nt,88.29,10,0,1,American Amicable,Senior Choice Immediate,2026-08-15,2026-08-15
logo,preferred,NE,65,male,0,15000,standard_nt,89.6,11,0,0,logo,Preferred,2026-08-15,2026-08-15
corebridge,simplinow_level,NE,65,male,0,15000,standard_nt,91.11,12,0,1,Corebridge Financial,SimpliNow Level,2026-08-15,2026-08-15
amam,golden_solution_immediate,NE,65,male,0,15000,standard_nt,91.21,13,0,1,American Amicable,Golden Solution Immediate,2026-08-15,2026-08-15
cigna,primary_plan,NE,65,male,0,15000,standard_nt,91.52,14,0,0,cigna,PRIMARY PLAN,2026-08-15,2026-08-15
royal,simplified_issue_plan,NE,65,male,0,15000,standard_nt,94.89,15,0,0,royal,Simplified Issue Plan,2026-08-15,2026-08-15
amam,platinum_solution_immediate,NE,65,male,0,15000,standard_nt,96.06,16,0,1,American Amicable,Platinum Solution Immediate,2026-08-15,2026-08-15
transamerica,immediate_solution_standard,NE,65,male,0,15000,standard_nt,97.72,17,0,1,Transamerica Life Insurance Co.,Immediate Solution - Standard,2026-08-15,2026-08-15
logo,standard,NE,65,male,0,15000,standard_nt,98.26,18,0,0,logo,Standard,2026-08-15,2026-08-15
moo,living_promise_graded,NE,65,male,0,15000,standard_nt,102.13,19,0,1,United of Omaha,Living Promise Graded,2026-08-15,2026-08-15
americo,eagle_select_2,NE,65,male,0,15000,standard_nt,103.71,20,0,1,Americo,Eagle Select 2,2026-08-15,2026-08-15
corebridge,simplinow_graded,NE,65,male,0,15000,standard_nt,107.14,21,0,1,Corebridge Financial,SimpliNow Graded,2026-08-15,2026-08-15
logo,superior_choice,NE,65,male,0,15000,standard_nt,108.05,22,0,0,logo,Superior Choice,2026-08-15,2026-08-15
aflac,standard,NE,65,male,0,15000,standard_nt,111.59,23,0,0,Aflac,Standard,2026-08-15,2026-08-15
amam,senior_choice_graded,NE,65,male,0,15000,standard_nt,112.77,24,0,1,American Amicable,Senior Choice Graded,2026-08-15,2026-08-15
transamerica,express_select,NE,65,male,0,15000,standard_nt,114.91,25,0,1,Transamerica Life Insurance Co.,Express Select,2026-08-15,2026-08-15
aetna,standard,NE,65,male,0,15000,standard_nt,117.29,26,0,1,Aetna,Standard,2026-08-15,2026-08-15
logo,graded,NE,65,male,0,15000,standard_nt,119.04,27,0,0,logo,Graded,2026-08-15,2026-08-15
amam,golden_solution_graded,NE,65,male,0,15000,standard_nt,122.39,28,0,1,American Amicable,Golden Solution Graded,2026-08-15,2026-08-15
royal,ensured_legacy_graded,NE,65,male,0,15000,standard_nt,125.91,29,0,0,royal,Ensured Legacy - Graded,2026-08-15,2026-08-15
lbl,simpl_standard,NE,65,male,0,15000,standard_nt,126.58,30,0,0,lbl,SIMPL Standard,2026-08-15,2026-08-15
amam,platinum_solution_graded,NE,65,male,0,15000,standard_nt,126.7,31,0,1,American Amicable,Platinum Solution Graded,2026-08-15,2026-08-15
gerber,gerber_guaranteed_life,NE,65,male,0,15000,standard_nt,127.29,32,0,0,gerber,Gerber Guaranteed Life,2026-08-15,2026-08-15
lbl,mwl,NE,65,male,0,15000,standard_nt,129.02,33,0,0,lbl,MWL,2026-08-15,2026-08-15
gtl,heritage_plan,NE,65,male,0,15000,standard_nt,129.5,34,0,0,gtl,Heritage Plan,2026-08-15,2026-08-15
amam,senior_choice_rop,NE,65,male,0,15000,standard_nt,134.31,35,0,1,American Amicable,Senior Choice ROP,2026-08-15,2026-08-15
foresters,planright_standard,NE,65,male,0,15000,standard_nt,137.55,36,0,0,foresters,PlanRight/Standard,2026-08-15,2026-08-15
foresters,planright_rop,NE,65,male,0,15000,standard_nt,140.65,37,0,0,foresters,PlanRight ROP,2026-08-15,2026-08-15
royal,graded_benefit_life,NE,65,male,0,15000,standard_nt,142.41,38,0,0,royal,Graded Benefit Life,2026-08-15,2026-08-15
amam,golden_solution_rop,NE,65,male,0,15000,standard_nt,143.09,39,0,1,American Amicable,Golden Solution ROP,2026-08-15,2026-08-15
aflac,primary_plan_rop,NE,65,male,0,15000,standard_nt,143.38,40,0,0,Aflac,Primary Plan ROP,2026-08-15,2026-08-15
corebridge,giwl_up_to_19_999,NE,65,male,0,15000,standard_nt,147.24,41,0,1,Corebridge Financial,GIWL up to $19;999,2026-08-15,2026-08-15
amam,platinum_solution_rop,NE,65,male,0,15000,standard_nt,147.38,42,0,1,American Amicable,Platinum Solution ROP,2026-08-15,2026-08-15
cigna,primary_plan_rop,NE,65,male,0,15000,standard_nt,148.61,43,0,0,cigna,PRIMARY PLAN ROP,2026-08-15,2026-08-15
aetna,primary_plan_rop,NE,65,male,0,15000,standard_nt,151.94,44,0,1,Aetna,PRIMARY PLAN ROP,2026-08-15,2026-08-15
americo,eagle_select_3,NE,65,male,0,15000,standard_nt,153.92,45,0,1,Americo,Eagle Select 3,2026-08-15,2026-08-15
logo,express_issue_graded,NE,65,male,0,15000,standard_nt,158.41,46,0,0,logo,Express Issue Graded,2026-08-15,2026-08-15
transamerica,express_graded,NE,65,male,0,15000,standard_nt,163.09,47,0,1,Transamerica Life Insurance Co.,Express Graded,2026-08-15,2026-08-15
logo,superior_choice_gi,NE,65,male,0,15000,standard_nt,173.64,48,0,0,logo,Superior Choice - GI,2026-08-15,2026-08-15
logo,guaranteed_issue,NE,65,male,0,15000,standard_nt,192.66,49,0,0,logo,Guaranteed Issue,2026-08-15,2026-08-15
transamerica,easy_solution,NE,65,male,0,15000,standard_nt,202.88,50,0,1,Transamerica Life Insurance Co.,Easy Solution,2026-08-15,2026-08-15
transamerica,express_premier,NE,65,male,0,25000,standard_nt,127.66,1,1,1,Transamerica Life Insurance Co.,Express Premier,2026-08-15,2026-08-15
transamerica,immediate_solution_preferred,NE,65,male,0,25000,standard_nt,129.37,2,0,1,Transamerica Life Insurance Co.,Immediate Solution - Preferred,2026-08-15,2026-08-15
royal,ensured_legacy_preferred,NE,65,male,0,25000,standard_nt,129.41,3,0,0,royal,Ensured Legacy/Preferred,2026-08-15,2026-08-15
americo,eagle_select_1,NE,65,male,0,25000,standard_nt,129.68,4,0,1,Americo,Eagle Select 1,2026-08-15,2026-08-15
aflac,preferred,NE,65,male,0,25000,standard_nt,133.22,5,0,0,Aflac,Preferred,2026-08-15,2026-08-15
moo,living_promise_level,NE,65,male,0,25000,standard_nt,136.38,6,0,1,United of Omaha,Living Promise Level,2026-08-15,2026-08-15
lbl,simpl_preferred,NE,65,male,0,25000,standard_nt,138.05,7,0,0,lbl,SIMPL Preferred,2026-08-15,2026-08-15
foresters,planright_preferred,NE,65,male,0,25000,standard_nt,139.56,8,0,0,foresters,PlanRight/Preferred,2026-08-15,2026-08-15
aetna,preferred,NE,65,male,0,25000,standard_nt,140.22,9,0,1,Aetna,Preferred,2026-08-15,2026-08-15
royal,ensured_legacy_standard,NE,65,male,0,25000,standard_nt,143.27,10,0,0,royal,Ensured Legacy/Standard,2026-08-15,2026-08-15
amam,senior_choice_immediate,NE,65,male,0,25000,standard_nt,145.4,11,0,1,American Amicable,Senior Choice Immediate,2026-08-15,2026-08-15
logo,preferred,NE,65,male,0,25000,standard_nt,146.56,12,0,0,logo,Preferred,2026-08-15,2026-08-15
corebridge,simplinow_level,NE,65,male,0,25000,standard_nt,149.72,13,0,1,Corebridge Financial,SimpliNow Level,2026-08-15,2026-08-15
amam,golden_solution_immediate,NE,65,male,0,25000,standard_nt,150.26,14,0,1,American Amicable,Golden Solution Immediate,2026-08-15,2026-08-15
cigna,primary_plan,NE,65,male,0,25000,standard_nt,152.53,15,0,0,cigna,PRIMARY PLAN,2026-08-15,2026-08-15
amam,platinum_solution_immediate,NE,65,male,0,25000,standard_nt,155.41,16,0,1,American Amicable,Platinum Solution Immediate,2026-08-15,2026-08-15
royal,simplified_issue_plan,NE,65,male,0,25000,standard_nt,157.43,17,0,0,royal,Simplified Issue Plan,2026-08-15,2026-08-15
transamerica,immediate_solution_standard,NE,65,male,0,25000,standard_nt,160.46,18,0,1,Transamerica Life Insurance Co.,Immediate Solution - Standard,2026-08-15,2026-08-15
logo,standard,NE,65,male,0,25000,standard_nt,160.99,19,0,0,logo,Standard,2026-08-15,2026-08-15
americo,eagle_select_2,NE,65,male,0,25000,standard_nt,170.31,20,0,1,Americo,Eagle Select 2,2026-08-15,2026-08-15
transamerica,express_select,NE,65,male,0,25000,standard_nt,177.72,21,0,1,Transamerica Life Insurance Co.,Express Select,2026-08-15,2026-08-15
corebridge,simplinow_graded,NE,65,male,0,25000,standard_nt,177.85,22,0,1,Corebridge Financial,SimpliNow Graded,2026-08-15,2026-08-15
aflac,standard,NE,65,male,0,25000,standard_nt,183.18,23,0,0,Aflac,Standard,2026-08-15,2026-08-15
amam,senior_choice_graded,NE,65,male,0,25000,standard_nt,186.19,24,0,1,American Amicable,Senior Choice Graded,2026-08-15,2026-08-15
aetna,standard,NE,65,male,0,25000,standard_nt,193.16,25,0,1,Aetna,Standard,2026-08-15,2026-08-15
logo,graded,NE,65,male,0,25000,standard_nt,195.63,26,0,0,logo,Graded,2026-08-15,2026-08-15
lbl,simpl_standard,NE,65,male,0,25000,standard_nt,207.89,27,0,0,lbl,SIMPL Standard,2026-08-15,2026-08-15
gerber,gerber_guaranteed_life,NE,65,male,0,25000,standard_nt,211.53,28,0,0,gerber,Gerber Guaranteed Life,2026-08-15,2026-08-15
amam,senior_choice_rop,NE,65,male,0,25000,standard_nt,222.09,29,0,1,American Amicable,Senior Choice ROP,2026-08-15,2026-08-15
foresters,planright_standard,NE,65,male,0,25000,standard_nt,227.15,30,0,0,foresters,PlanRight/Standard,2026-08-15,2026-08-15
aflac,primary_plan_rop,NE,65,male,0,25000,standard_nt,236.16,31,0,0,Aflac,Primary Plan ROP,2026-08-15,2026-08-15
cigna,primary_plan_rop,NE,65,male,0,25000,standard_nt,247.69,32,0,0,cigna,PRIMARY PLAN ROP,2026-08-15,2026-08-15
aetna,primary_plan_rop,NE,65,male,0,25000,standard_nt,250.91,33,0,1,Aetna,PRIMARY PLAN ROP,2026-08-15,2026-08-15
americo,eagle_select_3,NE,65,male,0,25000,standard_nt,254.01,34,0,1,Americo,Eagle Select 3,2026-08-15,2026-08-15
logo,express_issue_graded,NE,65,male,0,25000,standard_nt,261.11,35,0,0,logo,Express Issue Graded,2026-08-15,2026-08-15
transamerica,express_graded,NE,65,male,0,25000,standard_nt,269.41,36,0,1,Transamerica Life Insurance Co.,Express Graded,2026-08-15,2026-08-15
corebridge,giwl_20_000_and_up,NE,65,male,0,25000,standard_nt,271.07,37,0,1,Corebridge Financial,GIWL $20;000 and up,2026-08-15,2026-08-15
logo,superior_choice_gi,NE,65,male,0,25000,standard_nt,289.39,38,0,0,logo,Superior Choice - GI,2026-08-15,2026-08-15
logo,guaranteed_issue,NE,65,male,0,25000,standard_nt,318.2,39,0,0,logo,Guaranteed Issue,2026-08-15,2026-08-15
transamerica,easy_solution,NE,65,male,0,25000,standard_nt,335.72,40,0,1,Transamerica Life Insurance Co.,Easy Solution,2026-08-15,2026-08-15
transamerica,express_premier,NE,65,male,0,50000,standard_nt,251.72,1,1,1,Transamerica Life Insurance Co.,Express Premier,2026-08-15,2026-08-15
americo,eagle_select_1,NE,65,male,0,50000,standard_nt,255.55,2,0,1,Americo,Eagle Select 1,2026-08-15,2026-08-15
moo,living_promise_level,NE,65,male,0,50000,standard_nt,269.56,3,0,1,United of Omaha,Living Promise Level,2026-08-15,2026-08-15
amam,senior_choice_immediate,NE,65,male,0,50000,standard_nt,288.16,4,0,1,American Amicable,Senior Choice Immediate,2026-08-15,2026-08-15
logo,preferred,NE,65,male,0,50000,standard_nt,288.96,5,0,0,logo,Preferred,2026-08-15,2026-08-15
royal,simplified_issue_plan,NE,65,male,0,50000,standard_nt,313.78,6,0,0,royal,Simplified Issue Plan,2026-08-15,2026-08-15
logo,standard,NE,65,male,0,50000,standard_nt,317.83,7,0,0,logo,Standard,2026-08-15,2026-08-15
americo,eagle_select_2,NE,65,male,0,50000,standard_nt,336.82,8,0,1,Americo,Eagle Select 2,2026-08-15,2026-08-15
transamerica,express_select,NE,65,male,0,50000,standard_nt,351.82,9,0,1,Transamerica Life Insurance Co.,Express Select,2026-08-15,2026-08-15
transamerica,immediate_solution_preferred,NE,65,female,0,10000,standard_nt,40.73,1,1,1,Transamerica Life Insurance Co.,Immediate Solution - Preferred,2026-08-15,2026-08-15
moo,living_promise_level,NE,65,female,0,10000,standard_nt,41.01,2,0,1,United of Omaha,Living Promise Level,2026-08-15,2026-08-15
americo,eagle_select_1,NE,65,female,0,10000,standard_nt,41.63,3,0,1,Americo,Eagle Select 1,2026-08-15,2026-08-15
foresters,planright_preferred,NE,65,female,0,10000,standard_nt,43.38,4,0,0,foresters,PlanRight/Preferred,2026-08-15,2026-08-15
aflac,preferred,NE,65,female,0,10000,standard_nt,43.99,5,0,0,Aflac,Preferred,2026-08-15,2026-08-15
corebridge,simplinow_level,NE,65,female,0,10000,standard_nt,44.79,6,0,1,Corebridge Financial,SimpliNow Level,2026-08-15,2026-08-15
transamerica,express_premier,NE,65,female,0,10000,standard_nt,44.9,7,0,1,Transamerica Life Insurance Co.,Express Premier,2026-08-15,2026-08-15
lbl,simpl_preferred,NE,65,female,0,10000,standard_nt,44.94,8,0,0,lbl,SIMPL Preferred,2026-08-15,2026-08-15
cigna,primary_plan,NE,65,female,0,10000,standard_nt,46.21,9,0,0,cigna,PRIMARY PLAN,2026-08-15,2026-08-15
amam,senior_choice_immediate,NE,65,female,0,10000,standard_nt,47.05,10,0,1,American Amicable,Senior Choice Immediate,2026-08-15,2026-08-15
royal,ensured_legacy_standard,NE,65,female,0,10000,standard_nt,47.27,11,0,0,royal,Ensured Legacy/Standard,2026-08-15,2026-08-15
amam,golden_solution_immediate,NE,65,female,0,10000,standard_nt,47.48,12,0,1,American Amicable,Golden Solution Immediate,2026-08-15,2026-08-15
aetna,preferred,NE,65,female,0,10000,standard_nt,47.6,13,0,1,Aetna,Preferred,2026-08-15,2026-08-15
royal,simplified_issue_plan,NE,65,female,0,10000,standard_nt,47.97,14,0,0,royal,Simplified Issue Plan,2026-08-15,2026-08-15
transamerica,immediate_solution_standard,NE,65,female,0,10000,standard_nt,49.29,15,0,1,Transamerica Life Insurance Co.,Immediate Solution - Standard,2026-08-15,2026-08-15
logo,preferred,NE,65,female,0,10000,standard_nt,49.93,16,0,0,logo,Preferred,2026-08-15,2026-08-15
moo,living_promise_graded,NE,65,female,0,10000,standard_nt,49.93,17,0,1,United of Omaha,Living Promise Graded,2026-08-15,2026-08-15
amam,platinum_solution_immediate,NE,65,female,0,10000,standard_nt,52.36,18,0,1,American Amicable,Platinum Solution Immediate,2026-08-15,2026-08-15
logo,standard,NE,65,female,0,10000,standard_nt,52.94,19,0,0,logo,Standard,2026-08-15,2026-08-15
americo,eagle_select_2,NE,65,female,0,10000,standard_nt,53.8,20,0,1,Americo,Eagle Select 2,2026-08-15,2026-08-15
amam,golden_solution_graded,NE,65,female,0,10000,standard_nt,56.11,21,0,1,American Amicable,Golden Solution Graded,2026-08-15,2026-08-15
aflac,standard,NE,65,female,0,10000,standard_nt,57.34,22,0,0,Aflac,Standard,2026-08-15,2026-08-15
corebridge,simplinow_graded,NE,65,female,0,10000,standard_nt,58.14,23,0,1,Corebridge Financial,SimpliNow Graded,2026-08-15,2026-08-15
lbl,simpl_standard,NE,65,female,0,10000,standard_nt,58.4,24,0,0,lbl,SIMPL Standard,2026-08-15,2026-08-15
amam,senior_choice_graded,NE,65,female,0,10000,standard_nt,58.84,25,0,1,American Amicable,Senior Choice Graded,2026-08-15,2026-08-15
amam,platinum_solution_graded,NE,65,female,0,10000,standard_nt,60.14,26,0,1,American Amicable,Platinum Solution Graded,2026-08-15,2026-08-15
logo,graded,NE,65,female,0,10000,standard_nt,60.41,27,0,0,logo,Graded,2026-08-15,2026-08-15
transamerica,express_select,NE,65,female,0,10000,standard_nt,61.2,28,0,1,Transamerica Life Insurance Co.,Express Select,2026-08-15,2026-08-15
aetna,standard,NE,65,female,0,10000,standard_nt,61.69,29,0,1,Aetna,Standard,2026-08-15,2026-08-15
logo,superior_choice,NE,65,female,0,10000,standard_nt,62.43,30,0,0,logo,Superior Choice,2026-08-15,2026-08-15
gerber,gerber_guaranteed_life,NE,65,female,0,10000,standard_nt,62.61,31,0,0,gerber,Gerber Guaranteed Life,2026-08-15,2026-08-15
royal,ensured_legacy_graded,NE,65,female,0,10000,standard_nt,64.29,32,0,0,royal,Ensured Legacy - Graded,2026-08-15,2026-08-15
foresters,planright_standard,NE,65,female,0,10000,standard_nt,64.51,33,0,0,foresters,PlanRight/Standard,2026-08-15,2026-08-15
lbl,mwl,NE,65,female,0,10000,standard_nt,64.53,34,0,0,lbl,MWL,2026-08-15,2026-08-15
gtl,heritage_plan,NE,65,female,0,10000,standard_nt,65.33,35,0,0,gtl,Heritage Plan,2026-08-15,2026-08-15
foresters,planright_rop,NE,65,female,0,10000,standard_nt,65.52,36,0,0,foresters,PlanRight ROP,2026-08-15,2026-08-15
aetna,primary_plan_rop,NE,65,female,0,10000,standard_nt,67.99,37,0,1,Aetna,PRIMARY PLAN ROP,2026-08-15,2026-08-15
americo,eagle_select_3,NE,65,female,0,10000,standard_nt,69.36,38,0,1,Americo,Eagle Select 3,2026-08-15,2026-08-15
amam,golden_solution_rop,NE,65,female,0,10000,standard_nt,70.56,39,0,1,American Amicable,Golden Solution ROP,2026-08-15,2026-08-15
corebridge,giwl_up_to_19_999,NE,65,female,0,10000,standard_nt,72.21,40,0,1,Corebridge Financial,GIWL up to $19;999,2026-08-15,2026-08-15
cigna,primary_plan_rop,NE,65,female,0,10000,standard_nt,72.52,41,0,0,cigna,PRIMARY PLAN ROP,2026-08-15,2026-08-15
royal,graded_benefit_life,NE,65,female,0,10000,standard_nt,73.56,42,0,0,royal,Graded Benefit Life,2026-08-15,2026-08-15
amam,platinum_solution_rop,NE,65,female,0,10000,standard_nt,74.48,43,0,1,American Amicable,Platinum Solution ROP,2026-08-15,2026-08-15
aflac,primary_plan_rop,NE,65,female,0,10000,standard_nt,74.99,44,0,0,Aflac,Primary Plan ROP,2026-08-15,2026-08-15
amam,senior_choice_rop,NE,65,female,0,10000,standard_nt,75.41,45,0,1,American Amicable,Senior Choice ROP,2026-08-15,2026-08-15
logo,express_issue_graded,NE,65,female,0,10000,standard_nt,89.35,46,0,0,logo,Express Issue Graded,2026-08-15,2026-08-15
transamerica,express_graded,NE,65,female,0,10000,standard_nt,91.05,47,0,1,Transamerica Life Insurance Co.,Express Graded,2026-08-15,2026-08-15
transamerica,easy_solution,NE,65,female,0,10000,standard_nt,101.79,48,0,1,Transamerica Life Insurance Co.,Easy Solution,2026-08-15,2026-08-15
logo,superior_choice_gi,NE,65,female,0,10000,standard_nt,107.37,49,0,0,logo,Superior Choice - GI,2026-08-15,2026-08-15
logo,guaranteed_issue,NE,65,female,0,10000,standard_nt,110.32,50,0,0,logo,Guaranteed Issue,2026-08-15,2026-08-15
royal,ensured_legacy_guaranteed_issue,NE,65,female,0,10000,standard_nt,126.15,51,0,0,royal,Ensured Legacy - Guaranteed Issue,2026-08-15,2026-08-15
transamerica,immediate_solution_preferred,NE,65,female,0,15000,standard_nt,59.29,1,1,1,Transamerica Life Insurance Co.,Immediate Solution - Preferred,2026-08-15,2026-08-15
moo,living_promise_level,NE,65,female,0,15000,standard_nt,59.91,2,0,1,United of Omaha,Living Promise Level,2026-08-15,2026-08-15
americo,eagle_select_1,NE,65,female,0,15000,standard_nt,60.54,3,0,1,Americo,Eagle Select 1,2026-08-15,2026-08-15
foresters,planright_preferred,NE,65,female,0,15000,standard_nt,63.5,4,0,0,foresters,PlanRight/Preferred,2026-08-15,2026-08-15
aflac,preferred,NE,65,female,0,15000,standard_nt,63.88,5,0,0,Aflac,Preferred,2026-08-15,2026-08-15
lbl,simpl_preferred,NE,65,female,0,15000,standard_nt,65.1,6,0,0,lbl,SIMPL Preferred,2026-08-15,2026-08-15
transamerica,express_premier,NE,65,female,0,15000,standard_nt,65.54,7,0,1,Transamerica Life Insurance Co.,Express Premier,2026-08-15,2026-08-15
corebridge,simplinow_level,NE,65,female,0,15000,standard_nt,65.58,8,0,1,Corebridge Financial,SimpliNow Level,2026-08-15,2026-08-15
royal,ensured_legacy_standard,NE,65,female,0,15000,standard_nt,68.73,9,0,0,royal,Ensured Legacy/Standard,2026-08-15,2026-08-15
amam,senior_choice_immediate,NE,65,female,0,15000,standard_nt,69.26,10,0,1,American Amicable,Senior Choice Immediate,2026-08-15,2026-08-15
cigna,primary_plan,NE,65,female,0,15000,standard_nt,69.31,11,0,0,cigna,PRIMARY PLAN,2026-08-15,2026-08-15
aetna,preferred,NE,65,female,0,15000,standard_nt,69.65,12,0,1,Aetna,Preferred,2026-08-15,2026-08-15
amam,golden_solution_immediate,NE,65,female,0,15000,standard_nt,69.91,13,0,1,American Amicable,Golden Solution Immediate,2026-08-15,2026-08-15
royal,simplified_issue_plan,NE,65,female,0,15000,standard_nt,71.42,14,0,0,royal,Simplified Issue Plan,2026-08-15,2026-08-15
transamerica,immediate_solution_standard,NE,65,female,0,15000,standard_nt,72.13,15,0,1,Transamerica Life Insurance Co.,Immediate Solution - Standard,2026-08-15,2026-08-15
logo,preferred,NE,65,female,0,15000,standard_nt,72.82,16,0,0,logo,Preferred,2026-08-15,2026-08-15
moo,living_promise_graded,NE,65,female,0,15000,standard_nt,74.36,17,0,1,United of Omaha,Living Promise Graded,2026-08-15,2026-08-15
amam,platinum_solution_immediate,NE,65,female,0,15000,standard_nt,75.02,18,0,1,American Amicable,Platinum Solution Immediate,2026-08-15,2026-08-15
logo,standard,NE,65,female,0,15000,standard_nt,77.33,19,0,0,logo,Standard,2026-08-15,2026-08-15
americo,eagle_select_2,NE,65,female,0,15000,standard_nt,78.8,20,0,1,Americo,Eagle Select 2,2026-08-15,2026-08-15
amam,golden_solution_graded,NE,65,female,0,15000,standard_nt,82.84,21,0,1,American Amicable,Golden Solution Graded,2026-08-15,2026-08-15
aflac,standard,NE,65,female,0,15000,standard_nt,83.91,22,0,0,Aflac,Standard,2026-08-15,2026-08-15
lbl,simpl_standard,NE,65,female,0,15000,standard_nt,85.29,23,0,0,lbl,SIMPL Standard,2026-08-15,2026-08-15
corebridge,simplinow_graded,NE,65,female,0,15000,standard_nt,86.67,24,0,1,Corebridge Financial,SimpliNow Graded,2026-08-15,2026-08-15
amam,platinum_solution_graded,NE,65,female,0,15000,standard_nt,86.69,25,0,1,American Amicable,Platinum Solution Graded,2026-08-15,2026-08-15
amam,senior_choice_graded,NE,65,female,0,15000,standard_nt,86.94,26,0,1,American Amicable,Senior Choice Graded,2026-08-15,2026-08-15
logo,graded,NE,65,female,0,15000,standard_nt,88.54,27,0,0,logo,Graded,2026-08-15,2026-08-15
transamerica,express_select,NE,65,female,0,15000,standard_nt,89.99,28,0,1,Transamerica Life Insurance Co.,Express Select,2026-08-15,2026-08-15
aetna,standard,NE,65,female,0,15000,standard_nt,90.78,29,0,1,Aetna,Standard,2026-08-15,2026-08-15
gerber,gerber_guaranteed_life,NE,65,female,0,15000,standard_nt,93.46,30,0,0,gerber,Gerber Guaranteed Life,2026-08-15,2026-08-15
logo,superior_choice,NE,65,female,0,15000,standard_nt,93.65,31,0,0,logo,Superior Choice,2026-08-15,2026-08-15
royal,ensured_legacy_graded,NE,65,female,0,15000,standard_nt,94.26,32,0,0,royal,Ensured Legacy - Graded,2026-08-15,2026-08-15
lbl,mwl,NE,65,female,0,15000,standard_nt,94.49,33,0,0,lbl,MWL,2026-08-15,2026-08-15
foresters,planright_standard,NE,65,female,0,15000,standard_nt,95.18,34,0,0,foresters,PlanRight/Standard,2026-08-15,2026-08-15
gtl,heritage_plan,NE,65,female,0,15000,standard_nt,95.75,35,0,0,gtl,Heritage Plan,2026-08-15,2026-08-15
foresters,planright_rop,NE,65,female,0,15000,standard_nt,96.71,36,0,0,foresters,PlanRight ROP,2026-08-15,2026-08-15
aetna,primary_plan_rop,NE,65,female,0,15000,standard_nt,100.23,37,0,1,Aetna,PRIMARY PLAN ROP,2026-08-15,2026-08-15
americo,eagle_select_3,NE,65,female,0,15000,standard_nt,102.14,38,0,1,Americo,Eagle Select 3,2026-08-15,2026-08-15
amam,golden_solution_rop,NE,65,female,0,15000,standard_nt,104.52,39,0,1,American Amicable,Golden Solution ROP,2026-08-15,2026-08-15
corebridge,giwl_up_to_19_999,NE,65,female,0,15000,standard_nt,107.32,40,0,1,Corebridge Financial,GIWL up to $19;999,2026-08-15,2026-08-15
amam,platinum_solution_rop,NE,65,female,0,15000,standard_nt,108.2,41,0,1,American Amicable,Platinum Solution ROP,2026-08-15,2026-08-15
cigna,primary_plan_rop,NE,65,female,0,15000,standard_nt,108.78,42,0,0,cigna,PRIMARY PLAN ROP,2026-08-15,2026-08-15
royal,graded_benefit_life,NE,65,female,0,15000,standard_nt,109.8,43,0,0,royal,Graded Benefit Life,2026-08-15,2026-08-15
aflac,primary_plan_rop,NE,65,female,0,15000,standard_nt,110.38,44,0,0,Aflac,Primary Plan ROP,2026-08-15,2026-08-15
amam,senior_choice_rop,NE,65,female,0,15000,standard_nt,111.79,45,0,1,American Amicable,Senior Choice ROP,2026-08-15,2026-08-15
logo,express_issue_graded,NE,65,female,0,15000,standard_nt,131.85,46,0,0,logo,Express Issue Graded,2026-08-15,2026-08-15
transamerica,express_graded,NE,65,female,0,15000,standard_nt,134.76,47,0,1,Transamerica Life Insurance Co.,Express Graded,2026-08-15,2026-08-15
transamerica,easy_solution,NE,65,female,0,15000,standard_nt,150.88,48,0,1,Transamerica Life Insurance Co.,Easy Solution,2026-08-15,2026-08-15
logo,superior_choice_gi,NE,65,female,0,15000,standard_nt,161.06,49,0,0,logo,Superior Choice - GI,2026-08-15,2026-08-15
logo,guaranteed_issue,NE,65,female,0,15000,standard_nt,163.31,50,0,0,logo,Guaranteed Issue,2026-08-15,2026-08-15
transamerica,express_premier,NE,65,female,0,25000,standard_nt,96.38,1,1,1,Transamerica Life Insurance Co.,Express Premier,2026-08-15,2026-08-15
transamerica,immediate_solution_preferred,NE,65,female,0,25000,standard_nt,96.4,2,0,1,Transamerica Life Insurance Co.,Immediate Solution - Preferred,2026-08-15,2026-08-15
royal,ensured_legacy_preferred,NE,65,female,0,25000,standard_nt,96.46,3,0,0,royal,Ensured Legacy/Preferred,2026-08-15,2026-08-15
moo,living_promise_level,NE,65,female,0,25000,standard_nt,97.72,4,0,1,United of Omaha,Living Promise Level,2026-08-15,2026-08-15
americo,eagle_select_1,NE,65,female,0,25000,standard_nt,98.37,5,0,1,Americo,Eagle Select 1,2026-08-15,2026-08-15
aflac,preferred,NE,65,female,0,25000,standard_nt,103.67,6,0,0,Aflac,Preferred,2026-08-15,2026-08-15
foresters,planright_preferred,NE,65,female,0,25000,standard_nt,103.73,7,0,0,foresters,PlanRight/Preferred,2026-08-15,2026-08-15
lbl,simpl_preferred,NE,65,female,0,25000,standard_nt,105.42,8,0,0,lbl,SIMPL Preferred,2026-08-15,2026-08-15
corebridge,simplinow_level,NE,65,female,0,25000,standard_nt,107.17,9,0,1,Corebridge Financial,SimpliNow Level,2026-08-15,2026-08-15
royal,ensured_legacy_standard,NE,65,female,0,25000,standard_nt,111.64,10,0,0,royal,Ensured Legacy/Standard,2026-08-15,2026-08-15
amam,senior_choice_immediate,NE,65,female,0,25000,standard_nt,113.67,11,0,1,American Amicable,Senior Choice Immediate,2026-08-15,2026-08-15
aetna,preferred,NE,65,female,0,25000,standard_nt,113.75,12,0,1,Aetna,Preferred,2026-08-15,2026-08-15
amam,golden_solution_immediate,NE,65,female,0,25000,standard_nt,114.75,13,0,1,American Amicable,Golden Solution Immediate,2026-08-15,2026-08-15
cigna,primary_plan,NE,65,female,0,25000,standard_nt,115.52,14,0,0,cigna,PRIMARY PLAN,2026-08-15,2026-08-15
transamerica,immediate_solution_standard,NE,65,female,0,25000,standard_nt,117.81,15,0,1,Transamerica Life Insurance Co.,Immediate Solution - Standard,2026-08-15,2026-08-15
royal,simplified_issue_plan,NE,65,female,0,25000,standard_nt,118.3,16,0,0,royal,Simplified Issue Plan,2026-08-15,2026-08-15
logo,preferred,NE,65,female,0,25000,standard_nt,118.59,17,0,0,logo,Preferred,2026-08-15,2026-08-15
amam,platinum_solution_immediate,NE,65,female,0,25000,standard_nt,120.34,18,0,1,American Amicable,Platinum Solution Immediate,2026-08-15,2026-08-15
logo,standard,NE,65,female,0,25000,standard_nt,126.11,19,0,0,logo,Standard,2026-08-15,2026-08-15
americo,eagle_select_2,NE,65,female,0,25000,standard_nt,128.8,20,0,1,Americo,Eagle Select 2,2026-08-15,2026-08-15
transamerica,express_select,NE,65,female,0,25000,standard_nt,136.2,21,0,1,Transamerica Life Insurance Co.,Express Select,2026-08-15,2026-08-15
aflac,standard,NE,65,female,0,25000,standard_nt,137.05,22,0,0,Aflac,Standard,2026-08-15,2026-08-15
lbl,simpl_standard,NE,65,female,0,25000,standard_nt,139.07,23,0,0,lbl,SIMPL Standard,2026-08-15,2026-08-15
amam,senior_choice_graded,NE,65,female,0,25000,standard_nt,143.13,24,0,1,American Amicable,Senior Choice Graded,2026-08-15,2026-08-15
corebridge,simplinow_graded,NE,65,female,0,25000,standard_nt,143.74,25,0,1,Corebridge Financial,SimpliNow Graded,2026-08-15,2026-08-15
logo,graded,NE,65,female,0,25000,standard_nt,144.79,26,0,0,logo,Graded,2026-08-15,2026-08-15
aetna,standard,NE,65,female,0,25000,standard_nt,148.97,27,0,1,Aetna,Standard,2026-08-15,2026-08-15
gerber,gerber_guaranteed_life,NE,65,female,0,25000,standard_nt,155.15,28,0,0,gerber,Gerber Guaranteed Life,2026-08-15,2026-08-15
foresters,planright_standard,NE,65,female,0,25000,standard_nt,156.54,29,0,0,foresters,PlanRight/Standard,2026-08-15,2026-08-15
aetna,primary_plan_rop,NE,65,female,0,25000,standard_nt,164.72,30,0,1,Aetna,PRIMARY PLAN ROP,2026-08-15,2026-08-15
americo,eagle_select_3,NE,65,female,0,25000,standard_nt,167.7,31,0,1,Americo,Eagle Select 3,2026-08-15,2026-08-15
aflac,primary_plan_rop,NE,65,female,0,25000,standard_nt,181.17,32,0,0,Aflac,Primary Plan ROP,2026-08-15,2026-08-15
cigna,primary_plan_rop,NE,65,female,0,25000,standard_nt,181.3,33,0,0,cigna,PRIMARY PLAN ROP,2026-08-15,2026-08-15
amam,senior_choice_rop,NE,65,female,0,25000,standard_nt,184.56,34,0,1,American Amicable,Senior Choice ROP,2026-08-15,2026-08-15
corebridge,giwl_20_000_and_up,NE,65,female,0,25000,standard_nt,198.51,35,0,1,Corebridge Financial,GIWL $20;000 and up,2026-08-15,2026-08-15
logo,express_issue_graded,NE,65,female,0,25000,standard_nt,216.85,36,0,0,logo,Express Issue Graded,2026-08-15,2026-08-15
transamerica,express_graded,NE,65,female,0,25000,standard_nt,222.2,37,0,1,Transamerica Life Insurance Co.,Express Graded,2026-08-15,2026-08-15
transamerica,easy_solution,NE,65,female,0,25000,standard_nt,249.05,38,0,1,Transamerica Life Insurance Co.,Easy Solution,2026-08-15,2026-08-15
logo,superior_choice_gi,NE,65,female,0,25000,standard_nt,268.44,39,0,0,logo,Superior Choice - GI,2026-08-15,2026-08-15
logo,guaranteed_issue,NE,65,female,0,25000,standard_nt,269.29,40,0,0,logo,Guaranteed Issue,2026-08-15,2026-08-15
transamerica,express_premier,NE,65,female,0,50000,standard_nt,189.15,1,1,1,Transamerica Life Insurance Co.,Express Premier,2026-08-15,2026-08-15
moo,living_promise_level,NE,65,female,0,50000,standard_nt,192.24,2,0,1,United of Omaha,Living Promise Level,2026-08-15,2026-08-15
americo,eagle_select_1,NE,65,female,0,50000,standard_nt,192.94,3,0,1,Americo,Eagle Select 1,2026-08-15,2026-08-15
amam,senior_choice_immediate,NE,65,female,0,50000,standard_nt,224.71,4,0,1,American Amicable,Senior Choice Immediate,2026-08-15,2026-08-15
logo,preferred,NE,65,female,0,50000,standard_nt,233.03,5,0,0,logo,Preferred,2026-08-15,2026-08-15
royal,simplified_issue_plan,NE,65,female,0,50000,standard_nt,235.53,6,0,0,royal,Simplified Issue Plan,2026-08-15,2026-08-15
logo,standard,NE,65,female,0,50000,standard_nt,248.06,7,0,0,logo,Standard,2026-08-15,2026-08-15
americo,eagle_select_2,NE,65,female,0,50000,standard_nt,253.79,8,0,1,Americo,Eagle Select 2,2026-08-15,2026-08-15
transamerica,express_select,NE,65,female,0,50000,standard_nt,268.79,9,0,1,Transamerica Life Insurance Co.,Express Select,2026-08-15,2026-08-15
transamerica,immediate_solution_preferred,NE,70,male,0,10000,standard_nt,69.7,1,1,1,Transamerica Life Insurance Co.,Immediate Solution - Preferred,2026-08-15,2026-08-15
americo,eagle_select_1,NE,70,male,0,10000,standard_nt,70.94,2,0,1,Americo,Eagle Select 1,2026-08-15,2026-08-15
aflac,preferred,NE,70,male,0,10000,standard_nt,71.98,3,0,0,Aflac,Preferred,2026-08-15,2026-08-15
aetna,preferred,NE,70,male,0,10000,standard_nt,73.15,4,0,1,Aetna,Preferred,2026-08-15,2026-08-15
transamerica,express_premier,NE,70,male,0,10000,standard_nt,74.21,5,0,1,Transamerica Life Insurance Co.,Express Premier,2026-08-15,2026-08-15
foresters,planright_preferred,NE,70,male,0,10000,standard_nt,74.53,6,0,0,foresters,PlanRight/Preferred,2026-08-15,2026-08-15
moo,living_promise_level,NE,70,male,0,10000,standard_nt,74.6,7,0,1,United of Omaha,Living Promise Level,2026-08-15,2026-08-15
lbl,simpl_preferred,NE,70,male,0,10000,standard_nt,77.15,8,0,0,lbl,SIMPL Preferred,2026-08-15,2026-08-15
logo,preferred,NE,70,male,0,10000,standard_nt,78.21,9,0,0,logo,Preferred,2026-08-15,2026-08-15
amam,senior_choice_immediate,NE,70,male,0,10000,standard_nt,78.79,10,0,1,American Amicable,Senior Choice Immediate,2026-08-15,2026-08-15
cigna,primary_plan,NE,70,male,0,10000,standard_nt,78.94,11,0,0,cigna,PRIMARY PLAN,2026-08-15,2026-08-15
royal,ensured_legacy_standard,NE,70,male,0,10000,standard_nt,79.09,12,0,0,royal,Ensured Legacy/Standard,2026-08-15,2026-08-15
amam,golden_solution_immediate,NE,70,male,0,10000,standard_nt,81.37,13,0,1,American Amicable,Golden Solution Immediate,2026-08-15,2026-08-15
corebridge,simplinow_level,NE,70,male,0,10000,standard_nt,81.74,14,0,1,Corebridge Financial,SimpliNow Level,2026-08-15,2026-08-15
royal,simplified_issue_plan,NE,70,male,0,10000,standard_nt,86.14,15,0,0,royal,Simplified Issue Plan,2026-08-15,2026-08-15
amam,platinum_solution_immediate,NE,70,male,0,10000,standard_nt,86.19,16,0,1,American Amicable,Platinum Solution Immediate,2026-08-15,2026-08-15
moo,living_promise_graded,NE,70,male,0,10000,standard_nt,86.69,17,0,1,United of Omaha,Living Promise Graded,2026-08-15,2026-08-15
logo,standard,NE,70,male,0,10000,standard_nt,88.35,18,0,0,logo,Standard,2026-08-15,2026-08-15
corebridge,simplinow_graded,NE,70,male,0,10000,standard_nt,92.97,19,0,1,Corebridge Financial,SimpliNow Graded,2026-08-15,2026-08-15
americo,eagle_select_2,NE,70,male,0,10000,standard_nt,93.59,20,0,1,Americo,Eagle Select 2,2026-08-15,2026-08-15
gerber,gerber_guaranteed_life,NE,70,male,0,10000,standard_nt,99.19,21,0,0,gerber,Gerber Guaranteed Life,2026-08-15,2026-08-15
transamerica,express_select,NE,70,male,0,10000,standard_nt,100.99,22,0,1,Transamerica Life Insurance Co.,Express Select,2026-08-15,2026-08-15
transamerica,immediate_solution_standard,NE,70,male,0,10000,standard_nt,101.79,23,0,1,Transamerica Life Insurance Co.,Immediate Solution - Standard,2026-08-15,2026-08-15
aflac,standard,NE,70,male,0,10000,standard_nt,101.98,24,0,0,Aflac,Standard,2026-08-15,2026-08-15
logo,superior_choice,NE,70,male,0,10000,standard_nt,102.51,25,0,0,logo,Superior Choice,2026-08-15,2026-08-15
aetna,standard,NE,70,male,0,10000,standard_nt,104.04,26,0,1,Aetna,Standard,2026-08-15,2026-08-15
gtl,heritage_plan,NE,70,male,0,10000,standard_nt,104.5,27,0,0,gtl,Heritage Plan,2026-08-15,2026-08-15
amam,senior_choice_graded,NE,70,male,0,10000,standard_nt,104.75,28,0,1,American Amicable,Senior Choice Graded,2026-08-15,2026-08-15
logo,graded,NE,70,male,0,10000,standard_nt,105.94,29,0,0,logo,Graded,2026-08-15,2026-08-15
lbl,simpl_standard,NE,70,male,0,10000,standard_nt,109.5,30,0,0,lbl,SIMPL Standard,2026-08-15,2026-08-15
amam,golden_solution_graded,NE,70,male,0,10000,standard_nt,113.67,31,0,1,American Amicable,Golden Solution Graded,2026-08-15,2026-08-15
corebridge,giwl_up_to_19_999,NE,70,male,0,10000,standard_nt,115.36,32,0,1,Corebridge Financial,GIWL up to $19;999,2026-08-15,2026-08-15
lbl,mwl,NE,70,male,0,10000,standard_nt,116.31,33,0,0,lbl,MWL,2026-08-15,2026-08-15
royal,ensured_legacy_graded,NE,70,male,0,10000,standard_nt,116.32,34,0,0,royal,Ensured Legacy - Graded,2026-08-15,2026-08-15
foresters,planright_standard,NE,70,male,0,10000,standard_nt,116.44,35,0,0,foresters,PlanRight/Standard,2026-08-15,2026-08-15
amam,platinum_solution_graded,NE,70,male,0,10000,standard_nt,117.99,36,0,1,American Amicable,Platinum Solution Graded,2026-08-15,2026-08-15
foresters,planright_rop,NE,70,male,0,10000,standard_nt,118.44,37,0,0,foresters,PlanRight ROP,2026-08-15,2026-08-15
amam,senior_choice_rop,NE,70,male,0,10000,standard_nt,119.86,38,0,1,American Amicable,Senior Choice ROP,2026-08-15,2026-08-15
aflac,primary_plan_rop,NE,70,male,0,10000,standard_nt,120.0,39,0,0,Aflac,Primary Plan ROP,2026-08-15,2026-08-15
aetna,primary_plan_rop,NE,70,male,0,10000,standard_nt,122.41,40,0,1,Aetna,PRIMARY PLAN ROP,2026-08-15,2026-08-15
cigna,primary_plan_rop,NE,70,male,0,10000,standard_nt,124.0,41,0,0,cigna,PRIMARY PLAN ROP,2026-08-15,2026-08-15
amam,golden_solution_rop,NE,70,male,0,10000,standard_nt,125.91,42,0,1,American Amicable,Golden Solution ROP,2026-08-15,2026-08-15
royal,graded_benefit_life,NE,70,male,0,10000,standard_nt,128.63,43,0,0,royal,Graded Benefit Life,2026-08-15,2026-08-15
amam,platinum_solution_rop,NE,70,male,0,10000,standard_nt,130.22,44,0,1,American Amicable,Platinum Solution ROP,2026-08-15,2026-08-15
transamerica,express_graded,NE,70,male,0,10000,standard_nt,133.89,45,0,1,Transamerica Life Insurance Co.,Express Graded,2026-08-15,2026-08-15
logo,express_issue_graded,NE,70,male,0,10000,standard_nt,142.36,46,0,0,logo,Express Issue Graded,2026-08-15,2026-08-15
americo,eagle_select_3,NE,70,male,0,10000,standard_nt,145.08,47,0,1,Americo,Eagle Select 3,2026-08-15,2026-08-15
logo,guaranteed_issue,NE,70,male,0,10000,standard_nt,156.5,48,0,0,logo,Guaranteed Issue,2026-08-15,2026-08-15
logo,superior_choice_gi,NE,70,male,0,10000,standard_nt,165.69,49,0,0,logo,Superior Choice - GI,2026-08-15,2026-08-15
transamerica,easy_solution,NE,70,male,0,10000,standard_nt,177.08,50,0,1,Transamerica Life Insurance Co.,Easy Solution,2026-08-15,2026-08-15
royal,ensured_legacy_guaranteed_issue,NE,70,male,0,10000,standard_nt,221.85,51,0,0,royal,Ensured Legacy - Guaranteed Issue,2026-08-15,2026-08-15
transamerica,immediate_solution_preferred,NE,70,male,0,15000,standard_nt,102.75,1,1,1,Transamerica Life Insurance Co.,Immediate Solution - Preferred,2026-08-15,2026-08-15
americo,eagle_select_1,NE,70,male,0,15000,standard_nt,104.5,2,0,1,Americo,Eagle Select 1,2026-08-15,2026-08-15
aflac,preferred,NE,70,male,0,15000,standard_nt,105.87,3,0,0,Aflac,Preferred,2026-08-15,2026-08-15
aetna,preferred,NE,70,male,0,15000,standard_nt,107.98,4,0,1,Aetna,Preferred,2026-08-15,2026-08-15
transamerica,express_premier,NE,70,male,0,15000,standard_nt,109.51,5,0,1,Transamerica Life Insurance Co.,Express Premier,2026-08-15,2026-08-15
foresters,planright_preferred,NE,70,male,0,15000,standard_nt,110.22,6,0,0,foresters,PlanRight/Preferred,2026-08-15,2026-08-15
moo,living_promise_level,NE,70,male,0,15000,standard_nt,110.3,7,0,1,United of Omaha,Living Promise Level,2026-08-15,2026-08-15
lbl,simpl_preferred,NE,70,male,0,15000,standard_nt,113.41,8,0,0,lbl,SIMPL Preferred,2026-08-15,2026-08-15
logo,preferred,NE,70,male,0,15000,standard_nt,115.23,9,0,0,logo,Preferred,2026-08-15,2026-08-15
royal,ensured_legacy_standard,NE,70,male,0,15000,standard_nt,116.46,10,0,0,royal,Ensured Legacy/Standard,2026-08-15,2026-08-15
amam,senior_choice_immediate,NE,70,male,0,15000,standard_nt,116.86,11,0,1,American Amicable,Senior Choice Immediate,2026-08-15,2026-08-15
cigna,primary_plan,NE,70,male,0,15000,standard_nt,118.41,12,0,0,cigna,PRIMARY PLAN,2026-08-15,2026-08-15
amam,golden_solution_immediate,NE,70,male,0,15000,standard_nt,120.74,13,0,1,American Amicable,Golden Solution Immediate,2026-08-15,2026-08-15
corebridge,simplinow_level,NE,70,male,0,15000,standard_nt,121.01,14,0,1,Corebridge Financial,SimpliNow Level,2026-08-15,2026-08-15
amam,platinum_solution_immediate,NE,70,male,0,15000,standard_nt,125.76,15,0,1,American Amicable,Platinum Solution Immediate,2026-08-15,2026-08-15
royal,simplified_issue_plan,NE,70,male,0,15000,standard_nt,128.67,16,0,0,royal,Simplified Issue Plan,2026-08-15,2026-08-15
moo,living_promise_graded,NE,70,male,0,15000,standard_nt,129.5,17,0,1,United of Omaha,Living Promise Graded,2026-08-15,2026-08-15
logo,standard,NE,70,male,0,15000,standard_nt,130.45,18,0,0,logo,Standard,2026-08-15,2026-08-15
americo,eagle_select_2,NE,70,male,0,15000,standard_nt,138.49,19,0,1,Americo,Eagle Select 2,2026-08-15,2026-08-15
corebridge,simplinow_graded,NE,70,male,0,15000,standard_nt,138.92,20,0,1,Corebridge Financial,SimpliNow Graded,2026-08-15,2026-08-15
gerber,gerber_guaranteed_life,NE,70,male,0,15000,standard_nt,148.32,21,0,0,gerber,Gerber Guaranteed Life,2026-08-15,2026-08-15
transamerica,express_select,NE,70,male,0,15000,standard_nt,149.68,22,0,1,Transamerica Life Insurance Co.,Express Select,2026-08-15,2026-08-15
transamerica,immediate_solution_standard,NE,70,male,0,15000,standard_nt,150.87,23,0,1,Transamerica Life Insurance Co.,Immediate Solution - Standard,2026-08-15,2026-08-15
aflac,standard,NE,70,male,0,15000,standard_nt,150.87,24,0,0,Aflac,Standard,2026-08-15,2026-08-15
logo,superior_choice,NE,70,male,0,15000,standard_nt,153.76,25,0,0,logo,Superior Choice,2026-08-15,2026-08-15
aetna,standard,NE,70,male,0,15000,standard_nt,154.31,26,0,1,Aetna,Standard,2026-08-15,2026-08-15
gtl,heritage_plan,NE,70,male,0,15000,standard_nt,154.49,27,0,0,gtl,Heritage Plan,2026-08-15,2026-08-15
amam,senior_choice_graded,NE,70,male,0,15000,standard_nt,155.8,28,0,1,American Amicable,Senior Choice Graded,2026-08-15,2026-08-15
logo,graded,NE,70,male,0,15000,standard_nt,156.82,29,0,0,logo,Graded,2026-08-15,2026-08-15
lbl,simpl_standard,NE,70,male,0,15000,standard_nt,161.93,30,0,0,lbl,SIMPL Standard,2026-08-15,2026-08-15
amam,golden_solution_graded,NE,70,male,0,15000,standard_nt,169.18,31,0,1,American Amicable,Golden Solution Graded,2026-08-15,2026-08-15
corebridge,giwl_up_to_19_999,NE,70,male,0,15000,standard_nt,172.04,32,0,1,Corebridge Financial,GIWL up to $19;999,2026-08-15,2026-08-15
lbl,mwl,NE,70,male,0,15000,standard_nt,172.16,33,0,0,lbl,MWL,2026-08-15,2026-08-15
royal,ensured_legacy_graded,NE,70,male,0,15000,standard_nt,172.3,34,0,0,royal,Ensured Legacy - Graded,2026-08-15,2026-08-15
foresters,planright_standard,NE,70,male,0,15000,standard_nt,173.08,35,0,0,foresters,PlanRight/Standard,2026-08-15,2026-08-15
amam,platinum_solution_graded,NE,70,male,0,15000,standard_nt,173.47,36,0,1,American Amicable,Platinum Solution Graded,2026-08-15,2026-08-15
foresters,planright_rop,NE,70,male,0,15000,standard_nt,176.09,37,0,0,foresters,PlanRight ROP,2026-08-15,2026-08-15
aflac,primary_plan_rop,NE,70,male,0,15000,standard_nt,177.9,38,0,0,Aflac,Primary Plan ROP,2026-08-15,2026-08-15
amam,senior_choice_rop,NE,70,male,0,15000,standard_nt,178.46,39,0,1,American Amicable,Senior Choice ROP,2026-08-15,2026-08-15
aetna,primary_plan_rop,NE,70,male,0,15000,standard_nt,181.87,40,0,1,Aetna,PRIMARY PLAN ROP,2026-08-15,2026-08-15
cigna,primary_plan_rop,NE,70,male,0,15000,standard_nt,185.99,41,0,0,cigna,PRIMARY PLAN ROP,2026-08-15,2026-08-15
amam,golden_solution_rop,NE,70,male,0,15000,standard_nt,187.55,42,0,1,American Amicable,Golden Solution ROP,2026-08-15,2026-08-15
amam,platinum_solution_rop,NE,70,male,0,15000,standard_nt,191.81,43,0,1,American Amicable,Platinum Solution ROP,2026-08-15,2026-08-15
royal,graded_benefit_life,NE,70,male,0,15000,standard_nt,192.4,44,0,0,royal,Graded Benefit Life,2026-08-15,2026-08-15
transamerica,express_graded,NE,70,male,0,15000,standard_nt,199.03,45,0,1,Transamerica Life Insurance Co.,Express Graded,2026-08-15,2026-08-15
logo,express_issue_graded,NE,70,male,0,15000,standard_nt,211.36,46,0,0,logo,Express Issue Graded,2026-08-15,2026-08-15
americo,eagle_select_3,NE,70,male,0,15000,standard_nt,215.73,47,0,1,Americo,Eagle Select 3,2026-08-15,2026-08-15
logo,guaranteed_issue,NE,70,male,0,15000,standard_nt,232.58,48,0,0,logo,Guaranteed Issue,2026-08-15,2026-08-15
logo,superior_choice_gi,NE,70,male,0,15000,standard_nt,248.54,49,0,0,logo,Superior Choice - GI,2026-08-15,2026-08-15
transamerica,easy_solution,NE,70,male,0,15000,standard_nt,263.82,50,0,1,Transamerica Life Insurance Co.,Easy Solution,2026-08-15,2026-08-15
royal,ensured_legacy_preferred,NE,70,male,0,25000,standard_nt,168.78,1,1,0,royal,Ensured Legacy/Preferred,2026-08-15,2026-08-15
transamerica,immediate_solution_preferred,NE,70,male,0,25000,standard_nt,168.84,2,0,1,Transamerica Life Insurance Co.,Immediate Solution - Preferred,2026-08-15,2026-08-15
americo,eagle_select_1,NE,70,male,0,25000,standard_nt,171.64,3,0,1,Americo,Eagle Select 1,2026-08-15,2026-08-15
aflac,preferred,NE,70,male,0,25000,standard_nt,173.64,4,0,0,Aflac,Preferred,2026-08-15,2026-08-15
transamerica,express_premier,NE,70,male,0,25000,standard_nt,176.64,5,0,1,Transamerica Life Insurance Co.,Express Premier,2026-08-15,2026-08-15
aetna,preferred,NE,70,male,0,25000,standard_nt,177.62,6,0,1,Aetna,Preferred,2026-08-15,2026-08-15
foresters,planright_preferred,NE,70,male,0,25000,standard_nt,181.61,7,0,0,foresters,PlanRight/Preferred,2026-08-15,2026-08-15
moo,living_promise_level,NE,70,male,0,25000,standard_nt,181.7,8,0,1,United of Omaha,Living Promise Level,2026-08-15,2026-08-15
lbl,simpl_preferred,NE,70,male,0,25000,standard_nt,185.94,9,0,0,lbl,SIMPL Preferred,2026-08-15,2026-08-15
logo,preferred,NE,70,male,0,25000,standard_nt,189.27,10,0,0,logo,Preferred,2026-08-15,2026-08-15
royal,ensured_legacy_standard,NE,70,male,0,25000,standard_nt,191.2,11,0,0,royal,Ensured Legacy/Standard,2026-08-15,2026-08-15
amam,senior_choice_immediate,NE,70,male,0,25000,standard_nt,193.01,12,0,1,American Amicable,Senior Choice Immediate,2026-08-15,2026-08-15
cigna,primary_plan,NE,70,male,0,25000,standard_nt,197.36,13,0,0,cigna,PRIMARY PLAN,2026-08-15,2026-08-15
amam,golden_solution_immediate,NE,70,male,0,25000,standard_nt,199.47,14,0,1,American Amicable,Golden Solution Immediate,2026-08-15,2026-08-15
corebridge,simplinow_level,NE,70,male,0,25000,standard_nt,199.56,15,0,1,Corebridge Financial,SimpliNow Level,2026-08-15,2026-08-15
amam,platinum_solution_immediate,NE,70,male,0,25000,standard_nt,204.91,16,0,1,American Amicable,Platinum Solution Immediate,2026-08-15,2026-08-15
royal,simplified_issue_plan,NE,70,male,0,25000,standard_nt,213.73,17,0,0,royal,Simplified Issue Plan,2026-08-15,2026-08-15
logo,standard,NE,70,male,0,25000,standard_nt,214.64,18,0,0,logo,Standard,2026-08-15,2026-08-15
americo,eagle_select_2,NE,70,male,0,25000,standard_nt,228.28,19,0,1,Americo,Eagle Select 2,2026-08-15,2026-08-15
corebridge,simplinow_graded,NE,70,male,0,25000,standard_nt,230.82,20,0,1,Corebridge Financial,SimpliNow Graded,2026-08-15,2026-08-15
transamerica,express_select,NE,70,male,0,25000,standard_nt,235.68,21,0,1,Transamerica Life Insurance Co.,Express Select,2026-08-15,2026-08-15
gerber,gerber_guaranteed_life,NE,70,male,0,25000,standard_nt,246.59,22,0,0,gerber,Gerber Guaranteed Life,2026-08-15,2026-08-15
aflac,standard,NE,70,male,0,25000,standard_nt,248.65,23,0,0,Aflac,Standard,2026-08-15,2026-08-15
transamerica,immediate_solution_standard,NE,70,male,0,25000,standard_nt,249.05,24,0,1,Transamerica Life Insurance Co.,Immediate Solution - Standard,2026-08-15,2026-08-15
aetna,standard,NE,70,male,0,25000,standard_nt,254.84,25,0,1,Aetna,Standard,2026-08-15,2026-08-15
amam,senior_choice_graded,NE,70,male,0,25000,standard_nt,257.91,26,0,1,American Amicable,Senior Choice Graded,2026-08-15,2026-08-15
logo,graded,NE,70,male,0,25000,standard_nt,258.6,27,0,0,logo,Graded,2026-08-15,2026-08-15
lbl,simpl_standard,NE,70,male,0,25000,standard_nt,266.81,28,0,0,lbl,SIMPL Standard,2026-08-15,2026-08-15
foresters,planright_standard,NE,70,male,0,25000,standard_nt,286.37,29,0,0,foresters,PlanRight/Standard,2026-08-15,2026-08-15
aflac,primary_plan_rop,NE,70,male,0,25000,standard_nt,293.69,30,0,0,Aflac,Primary Plan ROP,2026-08-15,2026-08-15
amam,senior_choice_rop,NE,70,male,0,25000,standard_nt,295.68,31,0,1,American Amicable,Senior Choice ROP,2026-08-15,2026-08-15
aetna,primary_plan_rop,NE,70,male,0,25000,standard_nt,300.78,32,0,1,Aetna,PRIMARY PLAN ROP,2026-08-15,2026-08-15
cigna,primary_plan_rop,NE,70,male,0,25000,standard_nt,309.99,33,0,0,cigna,PRIMARY PLAN ROP,2026-08-15,2026-08-15
corebridge,giwl_20_000_and_up,NE,70,male,0,25000,standard_nt,316.19,34,0,1,Corebridge Financial,GIWL $20;000 and up,2026-08-15,2026-08-15
transamerica,express_graded,NE,70,male,0,25000,standard_nt,329.31,35,0,1,Transamerica Life Insurance Co.,Express Graded,2026-08-15,2026-08-15
logo,express_issue_graded,NE,70,male,0,25000,standard_nt,349.37,36,0,0,logo,Express Issue Graded,2026-08-15,2026-08-15
americo,eagle_select_3,NE,70,male,0,25000,standard_nt,357.01,37,0,1,Americo,Eagle Select 3,2026-08-15,2026-08-15
logo,guaranteed_issue,NE,70,male,0,25000,standard_nt,384.74,38,0,0,logo,Guaranteed Issue,2026-08-15,2026-08-15
logo,superior_choice_gi,NE,70,male,0,25000,standard_nt,414.23,39,0,0,logo,Superior Choice - GI,2026-08-15,2026-08-15
transamerica,easy_solution,NE,70,male,0,25000,standard_nt,437.29,40,0,1,Transamerica Life Insurance Co.,Easy Solution,2026-08-15,2026-08-15
americo,eagle_select_1,NE,70,male,0,50000,standard_nt,339.48,1,1,1,Americo,Eagle Select 1,2026-08-15,2026-08-15
transamerica,express_premier,NE,70,male,0,50000,standard_nt,349.67,2,0,1,Transamerica Life Insurance Co.,Express Premier,2026-08-15,2026-08-15
moo,living_promise_level,NE,70,male,0,50000,standard_nt,360.21,3,0,1,United of Omaha,Living Promise Level,2026-08-15,2026-08-15
logo,preferred,NE,70,male,0,50000,standard_nt,374.39,4,0,0,logo,Preferred,2026-08-15,2026-08-15
amam,senior_choice_immediate,NE,70,male,0,50000,standard_nt,383.37,5,0,1,American Amicable,Senior Choice Immediate,2026-08-15,2026-08-15
logo,standard,NE,70,male,0,50000,standard_nt,425.12,6,0,0,logo,Standard,2026-08-15,2026-08-15
americo,eagle_select_2,NE,70,male,0,50000,standard_nt,452.77,7,0,1,Americo,Eagle Select 2,2026-08-15,2026-08-15
transamerica,express_select,NE,70,male,0,50000,standard_nt,467.75,8,0,1,Transamerica Life Insurance Co.,Express Select,2026-08-15,2026-08-15
transamerica,immediate_solution_preferred,NE,70,female,0,10000,standard_nt,52.82,1,1,1,Transamerica Life Insurance Co.,Immediate Solution - Preferred,2026-08-15,2026-08-15
americo,eagle_select_1,NE,70,female,0,10000,standard_nt,53.13,2,0,1,Americo,Eagle Select 1,2026-08-15,2026-08-15
moo,living_promise_level,NE,70,female,0,10000,standard_nt,53.24,3,0,1,United of Omaha,Living Promise Level,2026-08-15,2026-08-15
foresters,planright_preferred,NE,70,female,0,10000,standard_nt,54.63,4,0,0,foresters,PlanRight/Preferred,2026-08-15,2026-08-15
aflac,preferred,NE,70,female,0,10000,standard_nt,55.97,5,0,0,Aflac,Preferred,2026-08-15,2026-08-15
transamerica,express_premier,NE,70,female,0,10000,standard_nt,56.4,6,0,1,Transamerica Life Insurance Co.,Express Premier,2026-08-15,2026-08-15
lbl,simpl_preferred,NE,70,female,0,10000,standard_nt,57.59,7,0,0,lbl,SIMPL Preferred,2026-08-15,2026-08-15
aetna,preferred,NE,70,female,0,10000,standard_nt,58.19,8,0,1,Aetna,Preferred,2026-08-15,2026-08-15
corebridge,simplinow_level,NE,70,female,0,10000,standard_nt,58.24,9,0,1,Corebridge Financial,SimpliNow Level,2026-08-15,2026-08-15
amam,senior_choice_immediate,NE,70,female,0,10000,standard_nt,60.38,10,0,1,American Amicable,Senior Choice Immediate,2026-08-15,2026-08-15
royal,ensured_legacy_standard,NE,70,female,0,10000,standard_nt,60.57,11,0,0,royal,Ensured Legacy/Standard,2026-08-15,2026-08-15
amam,golden_solution_immediate,NE,70,female,0,10000,standard_nt,60.94,12,0,1,American Amicable,Golden Solution Immediate,2026-08-15,2026-08-15
cigna,primary_plan,NE,70,female,0,10000,standard_nt,60.95,13,0,0,cigna,PRIMARY PLAN,2026-08-15,2026-08-15
logo,preferred,NE,70,female,0,10000,standard_nt,63.69,14,0,0,logo,Preferred,2026-08-15,2026-08-15
moo,living_promise_graded,NE,70,female,0,10000,standard_nt,63.87,15,0,1,United of Omaha,Living Promise Graded,2026-08-15,2026-08-15
royal,simplified_issue_plan,NE,70,female,0,10000,standard_nt,64.29,16,0,0,royal,Simplified Issue Plan,2026-08-15,2026-08-15
amam,platinum_solution_immediate,NE,70,female,0,10000,standard_nt,65.96,17,0,1,American Amicable,Platinum Solution Immediate,2026-08-15,2026-08-15
transamerica,immediate_solution_standard,NE,70,female,0,10000,standard_nt,69.6,18,0,1,Transamerica Life Insurance Co.,Immediate Solution - Standard,2026-08-15,2026-08-15
americo,eagle_select_2,NE,70,female,0,10000,standard_nt,69.67,19,0,1,Americo,Eagle Select 2,2026-08-15,2026-08-15
logo,standard,NE,70,female,0,10000,standard_nt,70.82,20,0,0,logo,Standard,2026-08-15,2026-08-15
amam,golden_solution_graded,NE,70,female,0,10000,standard_nt,74.9,21,0,1,American Amicable,Golden Solution Graded,2026-08-15,2026-08-15
corebridge,simplinow_graded,NE,70,female,0,10000,standard_nt,75.45,22,0,1,Corebridge Financial,SimpliNow Graded,2026-08-15,2026-08-15
gerber,gerber_guaranteed_life,NE,70,female,0,10000,standard_nt,75.54,23,0,0,gerber,Gerber Guaranteed Life,2026-08-15,2026-08-15
aflac,standard,NE,70,female,0,10000,standard_nt,75.96,24,0,0,Aflac,Standard,2026-08-15,2026-08-15
lbl,simpl_standard,NE,70,female,0,10000,standard_nt,76.14,25,0,0,lbl,SIMPL Standard,2026-08-15,2026-08-15
aetna,standard,NE,70,female,0,10000,standard_nt,76.74,26,0,1,Aetna,Standard,2026-08-15,2026-08-15
transamerica,express_select,NE,70,female,0,10000,standard_nt,77.07,27,0,1,Transamerica Life Insurance Co.,Express Select,2026-08-15,2026-08-15
amam,senior_choice_graded,NE,70,female,0,10000,standard_nt,78.58,28,0,1,American Amicable,Senior Choice Graded,2026-08-15,2026-08-15
amam,platinum_solution_graded,NE,70,female,0,10000,standard_nt,78.8,29,0,1,American Amicable,Platinum Solution Graded,2026-08-15,2026-08-15
gtl,heritage_plan,NE,70,female,0,10000,standard_nt,79.5,30,0,0,gtl,Heritage Plan,2026-08-15,2026-08-15
logo,graded,NE,70,female,0,10000,standard_nt,79.87,31,0,0,logo,Graded,2026-08-15,2026-08-15
foresters,planright_standard,NE,70,female,0,10000,standard_nt,83.41,32,0,0,foresters,PlanRight/Standard,2026-08-15,2026-08-15
logo,superior_choice,NE,70,female,0,10000,standard_nt,83.55,33,0,0,logo,Superior Choice,2026-08-15,2026-08-15
royal,ensured_legacy_graded,NE,70,female,0,10000,standard_nt,84.91,34,0,0,royal,Ensured Legacy - Graded,2026-08-15,2026-08-15
foresters,planright_rop,NE,70,female,0,10000,standard_nt,86.31,35,0,0,foresters,PlanRight ROP,2026-08-15,2026-08-15
corebridge,giwl_up_to_19_999,NE,70,female,0,10000,standard_nt,87.47,36,0,1,Corebridge Financial,GIWL up to $19;999,2026-08-15,2026-08-15
aetna,primary_plan_rop,NE,70,female,0,10000,standard_nt,88.9,37,0,1,Aetna,PRIMARY PLAN ROP,2026-08-15,2026-08-15
lbl,mwl,NE,70,female,0,10000,standard_nt,89.0,38,0,0,lbl,MWL,2026-08-15,2026-08-15
americo,eagle_select_3,NE,70,female,0,10000,standard_nt,91.22,39,0,1,Americo,Eagle Select 3,2026-08-15,2026-08-15
amam,golden_solution_rop,NE,70,female,0,10000,standard_nt,91.8,40,0,1,American Amicable,Golden Solution ROP,2026-08-15,2026-08-15
cigna,primary_plan_rop,NE,70,female,0,10000,standard_nt,92.3,41,0,0,cigna,PRIMARY PLAN ROP,2026-08-15,2026-08-15
amam,platinum_solution_rop,NE,70,female,0,10000,standard_nt,95.59,42,0,1,American Amicable,Platinum Solution ROP,2026-08-15,2026-08-15
amam,senior_choice_rop,NE,70,female,0,10000,standard_nt,98.63,43,0,1,American Amicable,Senior Choice ROP,2026-08-15,2026-08-15
aflac,primary_plan_rop,NE,70,female,0,10000,standard_nt,98.89,44,0,0,Aflac,Primary Plan ROP,2026-08-15,2026-08-15
royal,graded_benefit_life,NE,70,female,0,10000,standard_nt,100.28,45,0,0,royal,Graded Benefit Life,2026-08-15,2026-08-15
transamerica,express_graded,NE,70,female,0,10000,standard_nt,109.85,46,0,1,Transamerica Life Insurance Co.,Express Graded,2026-08-15,2026-08-15
logo,express_issue_graded,NE,70,female,0,10000,standard_nt,109.97,47,0,0,logo,Express Issue Graded,2026-08-15,2026-08-15
transamerica,easy_solution,NE,70,female,0,10000,standard_nt,125.55,48,0,1,Transamerica Life Insurance Co.,Easy Solution,2026-08-15,2026-08-15
logo,guaranteed_issue,NE,70,female,0,10000,standard_nt,129.18,49,0,0,logo,Guaranteed Issue,2026-08-15,2026-08-15
logo,superior_choice_gi,NE,70,female,0,10000,standard_nt,151.4,50,0,0,logo,Superior Choice - GI,2026-08-15,2026-08-15
royal,ensured_legacy_guaranteed_issue,NE,70,female,0,10000,standard_nt,169.65,51,0,0,royal,Ensured Legacy - Guaranteed Issue,2026-08-15,2026-08-15
transamerica,immediate_solution_preferred,NE,70,female,0,15000,standard_nt,77.43,1,1,1,Transamerica Life Insurance Co.,Immediate Solution - Preferred,2026-08-15,2026-08-15
americo,eagle_select_1,NE,70,female,0,15000,standard_nt,77.8,2,0,1,Americo,Eagle Select 1,2026-08-15,2026-08-15
moo,living_promise_level,NE,70,female,0,15000,standard_nt,78.25,3,0,1,United of Omaha,Living Promise Level,2026-08-15,2026-08-15
foresters,planright_preferred,NE,70,female,0,15000,standard_nt,80.36,4,0,0,foresters,PlanRight/Preferred,2026-08-15,2026-08-15
aflac,preferred,NE,70,female,0,15000,standard_nt,81.86,5,0,0,Aflac,Preferred,2026-08-15,2026-08-15
transamerica,express_premier,NE,70,female,0,15000,standard_nt,82.79,6,0,1,Transamerica Life Insurance Co.,Express Premier,2026-08-15,2026-08-15
lbl,simpl_preferred,NE,70,female,0,15000,standard_nt,84.08,7,0,0,lbl,SIMPL Preferred,2026-08-15,2026-08-15
aetna,preferred,NE,70,female,0,15000,standard_nt,85.53,8,0,1,Aetna,Preferred,2026-08-15,2026-08-15
corebridge,simplinow_level,NE,70,female,0,15000,standard_nt,85.76,9,0,1,Corebridge Financial,SimpliNow Level,2026-08-15,2026-08-15
royal,ensured_legacy_standard,NE,70,female,0,15000,standard_nt,88.68,10,0,0,royal,Ensured Legacy/Standard,2026-08-15,2026-08-15
amam,senior_choice_immediate,NE,70,female,0,15000,standard_nt,89.25,11,0,1,American Amicable,Senior Choice Immediate,2026-08-15,2026-08-15
amam,golden_solution_immediate,NE,70,female,0,15000,standard_nt,90.09,12,0,1,American Amicable,Golden Solution Immediate,2026-08-15,2026-08-15
cigna,primary_plan,NE,70,female,0,15000,standard_nt,91.43,13,0,0,cigna,PRIMARY PLAN,2026-08-15,2026-08-15
logo,preferred,NE,70,female,0,15000,standard_nt,93.46,14,0,0,logo,Preferred,2026-08-15,2026-08-15
moo,living_promise_graded,NE,70,female,0,15000,standard_nt,95.27,15,0,1,United of Omaha,Living Promise Graded,2026-08-15,2026-08-15
amam,platinum_solution_immediate,NE,70,female,0,15000,standard_nt,95.41,16,0,1,American Amicable,Platinum Solution Immediate,2026-08-15,2026-08-15
royal,simplified_issue_plan,NE,70,female,0,15000,standard_nt,95.89,17,0,0,royal,Simplified Issue Plan,2026-08-15,2026-08-15
transamerica,immediate_solution_standard,NE,70,female,0,15000,standard_nt,102.59,18,0,1,Transamerica Life Insurance Co.,Immediate Solution - Standard,2026-08-15,2026-08-15
americo,eagle_select_2,NE,70,female,0,15000,standard_nt,102.61,19,0,1,Americo,Eagle Select 2,2026-08-15,2026-08-15
logo,standard,NE,70,female,0,15000,standard_nt,104.14,20,0,0,logo,Standard,2026-08-15,2026-08-15
amam,golden_solution_graded,NE,70,female,0,15000,standard_nt,111.03,21,0,1,American Amicable,Golden Solution Graded,2026-08-15,2026-08-15
aflac,standard,NE,70,female,0,15000,standard_nt,111.84,22,0,0,Aflac,Standard,2026-08-15,2026-08-15
lbl,simpl_standard,NE,70,female,0,15000,standard_nt,111.9,23,0,0,lbl,SIMPL Standard,2026-08-15,2026-08-15
corebridge,simplinow_graded,NE,70,female,0,15000,standard_nt,112.64,24,0,1,Corebridge Financial,SimpliNow Graded,2026-08-15,2026-08-15
gerber,gerber_guaranteed_life,NE,70,female,0,15000,standard_nt,112.85,25,0,0,gerber,Gerber Guaranteed Life,2026-08-15,2026-08-15
aetna,standard,NE,70,female,0,15000,standard_nt,113.36,26,0,1,Aetna,Standard,2026-08-15,2026-08-15
transamerica,express_select,NE,70,female,0,15000,standard_nt,113.8,27,0,1,Transamerica Life Insurance Co.,Express Select,2026-08-15,2026-08-15
amam,platinum_solution_graded,NE,70,female,0,15000,standard_nt,114.69,28,0,1,American Amicable,Platinum Solution Graded,2026-08-15,2026-08-15
amam,senior_choice_graded,NE,70,female,0,15000,standard_nt,116.56,29,0,1,American Amicable,Senior Choice Graded,2026-08-15,2026-08-15
gtl,heritage_plan,NE,70,female,0,15000,standard_nt,117.0,30,0,0,gtl,Heritage Plan,2026-08-15,2026-08-15
logo,graded,NE,70,female,0,15000,standard_nt,117.73,31,0,0,logo,Graded,2026-08-15,2026-08-15
foresters,planright_standard,NE,70,female,0,15000,standard_nt,123.55,32,0,0,foresters,PlanRight/Standard,2026-08-15,2026-08-15
royal,ensured_legacy_graded,NE,70,female,0,15000,standard_nt,125.19,33,0,0,royal,Ensured Legacy - Graded,2026-08-15,2026-08-15
logo,superior_choice,NE,70,female,0,15000,standard_nt,125.32,34,0,0,logo,Superior Choice,2026-08-15,2026-08-15
foresters,planright_rop,NE,70,female,0,15000,standard_nt,127.89,35,0,0,foresters,PlanRight ROP,2026-08-15,2026-08-15
corebridge,giwl_up_to_19_999,NE,70,female,0,15000,standard_nt,130.2,36,0,1,Corebridge Financial,GIWL up to $19;999,2026-08-15,2026-08-15
lbl,mwl,NE,70,female,0,15000,standard_nt,131.19,37,0,0,lbl,MWL,2026-08-15,2026-08-15
aetna,primary_plan_rop,NE,70,female,0,15000,standard_nt,131.6,38,0,1,Aetna,PRIMARY PLAN ROP,2026-08-15,2026-08-15
americo,eagle_select_3,NE,70,female,0,15000,standard_nt,134.93,39,0,1,Americo,Eagle Select 3,2026-08-15,2026-08-15
amam,golden_solution_rop,NE,70,female,0,15000,standard_nt,136.38,40,0,1,American Amicable,Golden Solution ROP,2026-08-15,2026-08-15
cigna,primary_plan_rop,NE,70,female,0,15000,standard_nt,138.44,41,0,0,cigna,PRIMARY PLAN ROP,2026-08-15,2026-08-15
amam,platinum_solution_rop,NE,70,female,0,15000,standard_nt,139.86,42,0,1,American Amicable,Platinum Solution ROP,2026-08-15,2026-08-15
aflac,primary_plan_rop,NE,70,female,0,15000,standard_nt,146.24,43,0,0,Aflac,Primary Plan ROP,2026-08-15,2026-08-15
amam,senior_choice_rop,NE,70,female,0,15000,standard_nt,146.63,44,0,1,American Amicable,Senior Choice ROP,2026-08-15,2026-08-15
royal,graded_benefit_life,NE,70,female,0,15000,standard_nt,149.88,45,0,0,royal,Graded Benefit Life,2026-08-15,2026-08-15
logo,express_issue_graded,NE,70,female,0,15000,standard_nt,162.78,46,0,0,logo,Express Issue Graded,2026-08-15,2026-08-15
transamerica,express_graded,NE,70,female,0,15000,standard_nt,162.98,47,0,1,Transamerica Life Insurance Co.,Express Graded,2026-08-15,2026-08-15
transamerica,easy_solution,NE,70,female,0,15000,standard_nt,186.52,48,0,1,Transamerica Life Insurance Co.,Easy Solution,2026-08-15,2026-08-15
logo,guaranteed_issue,NE,70,female,0,15000,standard_nt,191.59,49,0,0,logo,Guaranteed Issue,2026-08-15,2026-08-15
logo,superior_choice_gi,NE,70,female,0,15000,standard_nt,227.1,50,0,0,logo,Superior Choice - GI,2026-08-15,2026-08-15
royal,ensured_legacy_preferred,NE,70,female,0,25000,standard_nt,126.58,1,1,0,royal,Ensured Legacy/Preferred,2026-08-15,2026-08-15
transamerica,immediate_solution_preferred,NE,70,female,0,25000,standard_nt,126.64,2,0,1,Transamerica Life Insurance Co.,Immediate Solution - Preferred,2026-08-15,2026-08-15
americo,eagle_select_1,NE,70,female,0,25000,standard_nt,127.13,3,0,1,Americo,Eagle Select 1,2026-08-15,2026-08-15
moo,living_promise_level,NE,70,female,0,25000,standard_nt,128.29,4,0,1,United of Omaha,Living Promise Level,2026-08-15,2026-08-15
foresters,planright_preferred,NE,70,female,0,25000,standard_nt,131.84,5,0,0,foresters,PlanRight/Preferred,2026-08-15,2026-08-15
transamerica,express_premier,NE,70,female,0,25000,standard_nt,132.12,6,0,1,Transamerica Life Insurance Co.,Express Premier,2026-08-15,2026-08-15
aflac,preferred,NE,70,female,0,25000,standard_nt,133.63,7,0,0,Aflac,Preferred,2026-08-15,2026-08-15
lbl,simpl_preferred,NE,70,female,0,25000,standard_nt,137.06,8,0,0,lbl,SIMPL Preferred,2026-08-15,2026-08-15
aetna,preferred,NE,70,female,0,25000,standard_nt,140.22,9,0,1,Aetna,Preferred,2026-08-15,2026-08-15
corebridge,simplinow_level,NE,70,female,0,25000,standard_nt,140.79,10,0,1,Corebridge Financial,SimpliNow Level,2026-08-15,2026-08-15
royal,ensured_legacy_standard,NE,70,female,0,25000,standard_nt,144.9,11,0,0,royal,Ensured Legacy/Standard,2026-08-15,2026-08-15
amam,senior_choice_immediate,NE,70,female,0,25000,standard_nt,146.98,12,0,1,American Amicable,Senior Choice Immediate,2026-08-15,2026-08-15
amam,golden_solution_immediate,NE,70,female,0,25000,standard_nt,148.39,13,0,1,American Amicable,Golden Solution Immediate,2026-08-15,2026-08-15
cigna,primary_plan,NE,70,female,0,25000,standard_nt,152.38,14,0,0,cigna,PRIMARY PLAN,2026-08-15,2026-08-15
logo,preferred,NE,70,female,0,25000,standard_nt,153.0,15,0,0,logo,Preferred,2026-08-15,2026-08-15
amam,platinum_solution_immediate,NE,70,female,0,25000,standard_nt,154.33,16,0,1,American Amicable,Platinum Solution Immediate,2026-08-15,2026-08-15
royal,simplified_issue_plan,NE,70,female,0,25000,standard_nt,159.1,17,0,0,royal,Simplified Issue Plan,2026-08-15,2026-08-15
americo,eagle_select_2,NE,70,female,0,25000,standard_nt,168.48,18,0,1,Americo,Eagle Select 2,2026-08-15,2026-08-15
transamerica,immediate_solution_standard,NE,70,female,0,25000,standard_nt,168.58,19,0,1,Transamerica Life Insurance Co.,Immediate Solution - Standard,2026-08-15,2026-08-15
logo,standard,NE,70,female,0,25000,standard_nt,170.8,20,0,0,logo,Standard,2026-08-15,2026-08-15
transamerica,express_select,NE,70,female,0,25000,standard_nt,175.87,21,0,1,Transamerica Life Insurance Co.,Express Select,2026-08-15,2026-08-15
lbl,simpl_standard,NE,70,female,0,25000,standard_nt,183.42,22,0,0,lbl,SIMPL Standard,2026-08-15,2026-08-15
aflac,standard,NE,70,female,0,25000,standard_nt,183.6,23,0,0,Aflac,Standard,2026-08-15,2026-08-15
aetna,standard,NE,70,female,0,25000,standard_nt,186.59,24,0,1,Aetna,Standard,2026-08-15,2026-08-15
corebridge,simplinow_graded,NE,70,female,0,25000,standard_nt,187.01,25,0,1,Corebridge Financial,SimpliNow Graded,2026-08-15,2026-08-15
gerber,gerber_guaranteed_life,NE,70,female,0,25000,standard_nt,187.47,26,0,0,gerber,Gerber Guaranteed Life,2026-08-15,2026-08-15
amam,senior_choice_graded,NE,70,female,0,25000,standard_nt,192.5,27,0,1,American Amicable,Senior Choice Graded,2026-08-15,2026-08-15
logo,graded,NE,70,female,0,25000,standard_nt,193.44,28,0,0,logo,Graded,2026-08-15,2026-08-15
foresters,planright_standard,NE,70,female,0,25000,standard_nt,203.81,29,0,0,foresters,PlanRight/Standard,2026-08-15,2026-08-15
aetna,primary_plan_rop,NE,70,female,0,25000,standard_nt,217.0,30,0,1,Aetna,PRIMARY PLAN ROP,2026-08-15,2026-08-15
americo,eagle_select_3,NE,70,female,0,25000,standard_nt,222.35,31,0,1,Americo,Eagle Select 3,2026-08-15,2026-08-15
cigna,primary_plan_rop,NE,70,female,0,25000,standard_nt,230.74,32,0,0,cigna,PRIMARY PLAN ROP,2026-08-15,2026-08-15
corebridge,giwl_20_000_and_up,NE,70,female,0,25000,standard_nt,240.09,33,0,1,Corebridge Financial,GIWL $20;000 and up,2026-08-15,2026-08-15
aflac,primary_plan_rop,NE,70,female,0,25000,standard_nt,240.93,34,0,0,Aflac,Primary Plan ROP,2026-08-15,2026-08-15
amam,senior_choice_rop,NE,70,female,0,25000,standard_nt,242.62,35,0,1,American Amicable,Senior Choice ROP,2026-08-15,2026-08-15
logo,express_issue_graded,NE,70,female,0,25000,standard_nt,268.39,36,0,0,logo,Express Issue Graded,2026-08-15,2026-08-15
transamerica,express_graded,NE,70,female,0,25000,standard_nt,269.22,37,0,1,Transamerica Life Insurance Co.,Express Graded,2026-08-15,2026-08-15
transamerica,easy_solution,NE,70,female,0,25000,standard_nt,308.46,38,0,1,Transamerica Life Insurance Co.,Easy Solution,2026-08-15,2026-08-15
logo,guaranteed_issue,NE,70,female,0,25000,standard_nt,316.42,39,0,0,logo,Guaranteed Issue,2026-08-15,2026-08-15
logo,superior_choice_gi,NE,70,female,0,25000,standard_nt,378.5,40,0,0,logo,Superior Choice - GI,2026-08-15,2026-08-15
americo,eagle_select_1,NE,70,female,0,50000,standard_nt,250.47,1,1,1,Americo,Eagle Select 1,2026-08-15,2026-08-15
moo,living_promise_level,NE,70,female,0,50000,standard_nt,253.38,2,0,1,United of Omaha,Living Promise Level,2026-08-15,2026-08-15
transamerica,express_premier,NE,70,female,0,50000,standard_nt,260.62,3,0,1,Transamerica Life Insurance Co.,Express Premier,2026-08-15,2026-08-15
amam,senior_choice_immediate,NE,70,female,0,50000,standard_nt,291.32,4,0,1,American Amicable,Senior Choice Immediate,2026-08-15,2026-08-15
logo,preferred,NE,70,female,0,50000,standard_nt,301.83,5,0,0,logo,Preferred,2026-08-15,2026-08-15
americo,eagle_select_2,NE,70,female,0,50000,standard_nt,333.16,6,0,1,Americo,Eagle Select 2,2026-08-15,2026-08-15
logo,standard,NE,70,female,0,50000,standard_nt,337.44,7,0,0,logo,Standard,2026-08-15,2026-08-15
transamerica,express_select,NE,70,female,0,50000,standard_nt,348.13,8,0,1,Transamerica Life Insurance Co.,Express Select,2026-08-15,2026-08-15
americo,eagle_select_1,NE,75,male,0,10000,standard_nt,97.1,1,1,1,Americo,Eagle Select 1,2026-08-15,2026-08-15
transamerica,immediate_solution_preferred,NE,75,male,0,10000,standard_nt,97.19,2,0,1,Transamerica Life Insurance Co.,Immediate Solution - Preferred,2026-08-15,2026-08-15
aflac,preferred,NE,75,male,0,10000,standard_nt,99.94,3,0,0,Aflac,Preferred,2026-08-15,2026-08-15
moo,living_promise_level,NE,75,male,0,10000,standard_nt,99.97,4,0,1,United of Omaha,Living Promise Level,2026-08-15,2026-08-15
aetna,preferred,NE,75,male,0,10000,standard_nt,101.41,5,0,1,Aetna,Preferred,2026-08-15,2026-08-15
lbl,simpl_preferred,NE,75,male,0,10000,standard_nt,103.01,6,0,0,lbl,SIMPL Preferred,2026-08-15,2026-08-15
logo,preferred,NE,75,male,0,10000,standard_nt,103.02,7,0,0,logo,Preferred,2026-08-15,2026-08-15
cigna,primary_plan,NE,75,male,0,10000,standard_nt,103.87,8,0,0,cigna,PRIMARY PLAN,2026-08-15,2026-08-15
amam,senior_choice_immediate,NE,75,male,0,10000,standard_nt,108.01,9,0,1,American Amicable,Senior Choice Immediate,2026-08-15,2026-08-15
royal,ensured_legacy_standard,NE,75,male,0,10000,standard_nt,108.18,10,0,0,royal,Ensured Legacy/Standard,2026-08-15,2026-08-15
foresters,planright_preferred,NE,75,male,0,10000,standard_nt,109.38,11,0,0,foresters,PlanRight/Preferred,2026-08-15,2026-08-15
corebridge,simplinow_level,NE,75,male,0,10000,standard_nt,109.64,12,0,1,Corebridge Financial,SimpliNow Level,2026-08-15,2026-08-15
transamerica,express_premier,NE,75,male,0,10000,standard_nt,110.04,13,0,1,Transamerica Life Insurance Co.,Express Premier,2026-08-15,2026-08-15
amam,golden_solution_immediate,NE,75,male,0,10000,standard_nt,111.59,14,0,1,American Amicable,Golden Solution Immediate,2026-08-15,2026-08-15
moo,living_promise_graded,NE,75,male,0,10000,standard_nt,113.21,15,0,1,United of Omaha,Living Promise Graded,2026-08-15,2026-08-15
amam,platinum_solution_immediate,NE,75,male,0,10000,standard_nt,116.56,16,0,1,American Amicable,Platinum Solution Immediate,2026-08-15,2026-08-15
royal,simplified_issue_plan,NE,75,male,0,10000,standard_nt,119.17,17,0,0,royal,Simplified Issue Plan,2026-08-15,2026-08-15
corebridge,simplinow_graded,NE,75,male,0,10000,standard_nt,120.71,18,0,1,Corebridge Financial,SimpliNow Graded,2026-08-15,2026-08-15
logo,standard,NE,75,male,0,10000,standard_nt,121.79,19,0,0,logo,Standard,2026-08-15,2026-08-15
americo,eagle_select_2,NE,75,male,0,10000,standard_nt,134.29,20,0,1,Americo,Eagle Select 2,2026-08-15,2026-08-15
transamerica,immediate_solution_standard,NE,75,male,0,10000,standard_nt,134.85,21,0,1,Transamerica Life Insurance Co.,Immediate Solution - Standard,2026-08-15,2026-08-15
gerber,gerber_guaranteed_life,NE,75,male,0,10000,standard_nt,139.52,22,0,0,gerber,Gerber Guaranteed Life,2026-08-15,2026-08-15
aflac,standard,NE,75,male,0,10000,standard_nt,142.5,23,0,0,Aflac,Standard,2026-08-15,2026-08-15
aetna,standard,NE,75,male,0,10000,standard_nt,143.76,24,0,1,Aetna,Standard,2026-08-15,2026-08-15
logo,superior_choice,NE,75,male,0,10000,standard_nt,145.87,25,0,0,logo,Superior Choice,2026-08-15,2026-08-15
gtl,heritage_plan,NE,75,male,0,10000,standard_nt,147.83,26,0,0,gtl,Heritage Plan,2026-08-15,2026-08-15
amam,senior_choice_graded,NE,75,male,0,10000,standard_nt,148.8,27,0,1,American Amicable,Senior Choice Graded,2026-08-15,2026-08-15
logo,graded,NE,75,male,0,10000,standard_nt,148.86,28,0,0,logo,Graded,2026-08-15,2026-08-15
lbl,simpl_standard,NE,75,male,0,10000,standard_nt,150.17,29,0,0,lbl,SIMPL Standard,2026-08-15,2026-08-15
cigna,primary_plan_rop,NE,75,male,0,10000,standard_nt,154.34,30,0,0,cigna,PRIMARY PLAN ROP,2026-08-15,2026-08-15
transamerica,express_select,NE,75,male,0,10000,standard_nt,155.49,31,0,1,Transamerica Life Insurance Co.,Express Select,2026-08-15,2026-08-15
transamerica,express_graded,NE,75,male,0,10000,standard_nt,158.18,32,0,1,Transamerica Life Insurance Co.,Express Graded,2026-08-15,2026-08-15
lbl,mwl,NE,75,male,0,10000,standard_nt,159.43,33,0,0,lbl,MWL,2026-08-15,2026-08-15
amam,golden_solution_graded,NE,75,male,0,10000,standard_nt,161.57,34,0,1,American Amicable,Golden Solution Graded,2026-08-15,2026-08-15
corebridge,giwl_up_to_19_999,NE,75,male,0,10000,standard_nt,162.95,35,0,1,Corebridge Financial,GIWL up to $19;999,2026-08-15,2026-08-15
amam,senior_choice_rop,NE,75,male,0,10000,standard_nt,163.89,36,0,1,American Amicable,Senior Choice ROP,2026-08-15,2026-08-15
amam,platinum_solution_graded,NE,75,male,0,10000,standard_nt,165.85,37,0,1,American Amicable,Platinum Solution Graded,2026-08-15,2026-08-15
foresters,planright_standard,NE,75,male,0,10000,standard_nt,167.12,38,0,0,foresters,PlanRight/Standard,2026-08-15,2026-08-15
foresters,planright_rop,NE,75,male,0,10000,standard_nt,171.36,39,0,0,foresters,PlanRight ROP,2026-08-15,2026-08-15
amam,golden_solution_rop,NE,75,male,0,10000,standard_nt,171.42,40,0,1,American Amicable,Golden Solution ROP,2026-08-15,2026-08-15
amam,platinum_solution_rop,NE,75,male,0,10000,standard_nt,175.7,41,0,1,American Amicable,Platinum Solution ROP,2026-08-15,2026-08-15
royal,graded_benefit_life,NE,75,male,0,10000,standard_nt,178.53,42,0,0,royal,Graded Benefit Life,2026-08-15,2026-08-15
royal,ensured_legacy_graded,NE,75,male,0,10000,standard_nt,180.96,43,0,0,royal,Ensured Legacy - Graded,2026-08-15,2026-08-15
logo,express_issue_graded,NE,75,male,0,10000,standard_nt,181.21,44,0,0,logo,Express Issue Graded,2026-08-15,2026-08-15
aetna,primary_plan_rop,NE,75,male,0,10000,standard_nt,185.24,45,0,1,Aetna,PRIMARY PLAN ROP,2026-08-15,2026-08-15
logo,guaranteed_issue,NE,75,male,0,10000,standard_nt,190.05,46,0,0,logo,Guaranteed Issue,2026-08-15,2026-08-15
logo,superior_choice_gi,NE,75,male,0,10000,standard_nt,194.02,47,0,0,logo,Superior Choice - GI,2026-08-15,2026-08-15
aflac,primary_plan_rop,NE,75,male,0,10000,standard_nt,199.99,48,0,0,Aflac,Primary Plan ROP,2026-08-15,2026-08-15
americo,eagle_select_3,NE,75,male,0,10000,standard_nt,202.11,49,0,1,Americo,Eagle Select 3,2026-08-15,2026-08-15
transamerica,easy_solution,NE,75,male,0,10000,standard_nt,231.66,50,0,1,Transamerica Life Insurance Co.,Easy Solution,2026-08-15,2026-08-15
royal,ensured_legacy_guaranteed_issue,NE,75,male,0,10000,standard_nt,313.2,51,0,0,royal,Ensured Legacy - Guaranteed Issue,2026-08-15,2026-08-15
americo,eagle_select_1,NE,75,male,0,15000,standard_nt,143.75,1,1,1,Americo,Eagle Select 1,2026-08-15,2026-08-15
transamerica,immediate_solution_preferred,NE,75,male,0,15000,standard_nt,143.98,2,0,1,Transamerica Life Insurance Co.,Immediate Solution - Preferred,2026-08-15,2026-08-15
aflac,preferred,NE,75,male,0,15000,standard_nt,147.81,3,0,0,Aflac,Preferred,2026-08-15,2026-08-15
moo,living_promise_level,NE,75,male,0,15000,standard_nt,148.36,4,0,1,United of Omaha,Living Promise Level,2026-08-15,2026-08-15
aetna,preferred,NE,75,male,0,15000,standard_nt,150.37,5,0,1,Aetna,Preferred,2026-08-15,2026-08-15
lbl,simpl_preferred,NE,75,male,0,15000,standard_nt,152.21,6,0,0,lbl,SIMPL Preferred,2026-08-15,2026-08-15
logo,preferred,NE,75,male,0,15000,standard_nt,152.45,7,0,0,logo,Preferred,2026-08-15,2026-08-15
cigna,primary_plan,NE,75,male,0,15000,standard_nt,155.81,8,0,0,cigna,PRIMARY PLAN,2026-08-15,2026-08-15
royal,ensured_legacy_standard,NE,75,male,0,15000,standard_nt,160.1,9,0,0,royal,Ensured Legacy/Standard,2026-08-15,2026-08-15
amam,senior_choice_immediate,NE,75,male,0,15000,standard_nt,160.7,10,0,1,American Amicable,Senior Choice Immediate,2026-08-15,2026-08-15
foresters,planright_preferred,NE,75,male,0,15000,standard_nt,162.5,11,0,0,foresters,PlanRight/Preferred,2026-08-15,2026-08-15
corebridge,simplinow_level,NE,75,male,0,15000,standard_nt,162.87,12,0,1,Corebridge Financial,SimpliNow Level,2026-08-15,2026-08-15
transamerica,express_premier,NE,75,male,0,15000,standard_nt,163.26,13,0,1,Transamerica Life Insurance Co.,Express Premier,2026-08-15,2026-08-15
amam,golden_solution_immediate,NE,75,male,0,15000,standard_nt,166.07,14,0,1,American Amicable,Golden Solution Immediate,2026-08-15,2026-08-15
moo,living_promise_graded,NE,75,male,0,15000,standard_nt,169.28,15,0,1,United of Omaha,Living Promise Graded,2026-08-15,2026-08-15
amam,platinum_solution_immediate,NE,75,male,0,15000,standard_nt,171.31,16,0,1,American Amicable,Platinum Solution Immediate,2026-08-15,2026-08-15
royal,simplified_issue_plan,NE,75,male,0,15000,standard_nt,178.21,17,0,0,royal,Simplified Issue Plan,2026-08-15,2026-08-15
corebridge,simplinow_graded,NE,75,male,0,15000,standard_nt,180.53,18,0,1,Corebridge Financial,SimpliNow Graded,2026-08-15,2026-08-15
logo,standard,NE,75,male,0,15000,standard_nt,180.6,19,0,0,logo,Standard,2026-08-15,2026-08-15
americo,eagle_select_2,NE,75,male,0,15000,standard_nt,199.54,20,0,1,Americo,Eagle Select 2,2026-08-15,2026-08-15
transamerica,immediate_solution_standard,NE,75,male,0,15000,standard_nt,200.47,21,0,1,Transamerica Life Insurance Co.,Immediate Solution - Standard,2026-08-15,2026-08-15
gerber,gerber_guaranteed_life,NE,75,male,0,15000,standard_nt,208.83,22,0,0,gerber,Gerber Guaranteed Life,2026-08-15,2026-08-15
aflac,standard,NE,75,male,0,15000,standard_nt,211.65,23,0,0,Aflac,Standard,2026-08-15,2026-08-15
aetna,standard,NE,75,male,0,15000,standard_nt,213.89,24,0,1,Aetna,Standard,2026-08-15,2026-08-15
gtl,heritage_plan,NE,75,male,0,15000,standard_nt,219.49,25,0,0,gtl,Heritage Plan,2026-08-15,2026-08-15
logo,graded,NE,75,male,0,15000,standard_nt,221.21,26,0,0,logo,Graded,2026-08-15,2026-08-15
amam,senior_choice_graded,NE,75,male,0,15000,standard_nt,221.88,27,0,1,American Amicable,Senior Choice Graded,2026-08-15,2026-08-15
lbl,simpl_standard,NE,75,male,0,15000,standard_nt,222.94,28,0,0,lbl,SIMPL Standard,2026-08-15,2026-08-15
transamerica,express_select,NE,75,male,0,15000,standard_nt,231.44,29,0,1,Transamerica Life Insurance Co.,Express Select,2026-08-15,2026-08-15
cigna,primary_plan_rop,NE,75,male,0,15000,standard_nt,231.51,30,0,0,cigna,PRIMARY PLAN ROP,2026-08-15,2026-08-15
transamerica,express_graded,NE,75,male,0,15000,standard_nt,235.46,31,0,1,Transamerica Life Insurance Co.,Express Graded,2026-08-15,2026-08-15
lbl,mwl,NE,75,male,0,15000,standard_nt,236.83,32,0,0,lbl,MWL,2026-08-15,2026-08-15
amam,golden_solution_graded,NE,75,male,0,15000,standard_nt,241.03,33,0,1,American Amicable,Golden Solution Graded,2026-08-15,2026-08-15
corebridge,giwl_up_to_19_999,NE,75,male,0,15000,standard_nt,243.42,34,0,1,Corebridge Financial,GIWL up to $19;999,2026-08-15,2026-08-15
amam,senior_choice_rop,NE,75,male,0,15000,standard_nt,244.52,35,0,1,American Amicable,Senior Choice ROP,2026-08-15,2026-08-15
amam,platinum_solution_graded,NE,75,male,0,15000,standard_nt,245.26,36,0,1,American Amicable,Platinum Solution Graded,2026-08-15,2026-08-15
foresters,planright_standard,NE,75,male,0,15000,standard_nt,249.1,37,0,0,foresters,PlanRight/Standard,2026-08-15,2026-08-15
foresters,planright_rop,NE,75,male,0,15000,standard_nt,255.47,38,0,0,foresters,PlanRight ROP,2026-08-15,2026-08-15
amam,golden_solution_rop,NE,75,male,0,15000,standard_nt,255.82,39,0,1,American Amicable,Golden Solution ROP,2026-08-15,2026-08-15
amam,platinum_solution_rop,NE,75,male,0,15000,standard_nt,260.03,40,0,1,American Amicable,Platinum Solution ROP,2026-08-15,2026-08-15
royal,graded_benefit_life,NE,75,male,0,15000,standard_nt,267.26,41,0,0,royal,Graded Benefit Life,2026-08-15,2026-08-15
royal,ensured_legacy_graded,NE,75,male,0,15000,standard_nt,269.27,42,0,0,royal,Ensured Legacy - Graded,2026-08-15,2026-08-15
logo,express_issue_graded,NE,75,male,0,15000,standard_nt,269.64,43,0,0,logo,Express Issue Graded,2026-08-15,2026-08-15
aetna,primary_plan_rop,NE,75,male,0,15000,standard_nt,276.11,44,0,1,Aetna,PRIMARY PLAN ROP,2026-08-15,2026-08-15
logo,guaranteed_issue,NE,75,male,0,15000,standard_nt,282.9,45,0,0,logo,Guaranteed Issue,2026-08-15,2026-08-15
aflac,primary_plan_rop,NE,75,male,0,15000,standard_nt,297.88,46,0,0,Aflac,Primary Plan ROP,2026-08-15,2026-08-15
americo,eagle_select_3,NE,75,male,0,15000,standard_nt,301.27,47,0,1,Americo,Eagle Select 3,2026-08-15,2026-08-15
transamerica,easy_solution,NE,75,male,0,15000,standard_nt,345.69,48,0,1,Transamerica Life Insurance Co.,Easy Solution,2026-08-15,2026-08-15
royal,ensured_legacy_preferred,NE,75,male,0,25000,standard_nt,236.75,1,1,0,royal,Ensured Legacy/Preferred,2026-08-15,2026-08-15
americo,eagle_select_1,NE,75,male,0,25000,standard_nt,237.05,2,0,1,Americo,Eagle Select 1,2026-08-15,2026-08-15
transamerica,immediate_solution_preferred,NE,75,male,0,25000,standard_nt,237.56,3,0,1,Transamerica Life Insurance Co.,Immediate Solution - Preferred,2026-08-15,2026-08-15
aflac,preferred,NE,75,male,0,25000,standard_nt,243.56,4,0,0,Aflac,Preferred,2026-08-15,2026-08-15
moo,living_promise_level,NE,75,male,0,25000,standard_nt,245.14,5,0,1,United of Omaha,Living Promise Level,2026-08-15,2026-08-15
aetna,preferred,NE,75,male,0,25000,standard_nt,248.28,6,0,1,Aetna,Preferred,2026-08-15,2026-08-15
lbl,simpl_preferred,NE,75,male,0,25000,standard_nt,250.6,7,0,0,lbl,SIMPL Preferred,2026-08-15,2026-08-15
logo,preferred,NE,75,male,0,25000,standard_nt,251.31,8,0,0,logo,Preferred,2026-08-15,2026-08-15
cigna,primary_plan,NE,75,male,0,25000,standard_nt,259.68,9,0,0,cigna,PRIMARY PLAN,2026-08-15,2026-08-15
royal,ensured_legacy_standard,NE,75,male,0,25000,standard_nt,263.94,10,0,0,royal,Ensured Legacy/Standard,2026-08-15,2026-08-15
transamerica,express_premier,NE,75,male,0,25000,standard_nt,265.89,11,0,1,Transamerica Life Insurance Co.,Express Premier,2026-08-15,2026-08-15
amam,senior_choice_immediate,NE,75,male,0,25000,standard_nt,266.07,12,0,1,American Amicable,Senior Choice Immediate,2026-08-15,2026-08-15
foresters,planright_preferred,NE,75,male,0,25000,standard_nt,268.73,13,0,0,foresters,PlanRight/Preferred,2026-08-15,2026-08-15
corebridge,simplinow_level,NE,75,male,0,25000,standard_nt,269.31,14,0,1,Corebridge Financial,SimpliNow Level,2026-08-15,2026-08-15
amam,golden_solution_immediate,NE,75,male,0,25000,standard_nt,275.02,15,0,1,American Amicable,Golden Solution Immediate,2026-08-15,2026-08-15
amam,platinum_solution_immediate,NE,75,male,0,25000,standard_nt,280.83,16,0,1,American Amicable,Platinum Solution Immediate,2026-08-15,2026-08-15
royal,simplified_issue_plan,NE,75,male,0,25000,standard_nt,296.3,17,0,0,royal,Simplified Issue Plan,2026-08-15,2026-08-15
logo,standard,NE,75,male,0,25000,standard_nt,298.23,18,0,0,logo,Standard,2026-08-15,2026-08-15
corebridge,simplinow_graded,NE,75,male,0,25000,standard_nt,300.18,19,0,1,Corebridge Financial,SimpliNow Graded,2026-08-15,2026-08-15
americo,eagle_select_2,NE,75,male,0,25000,standard_nt,330.03,20,0,1,Americo,Eagle Select 2,2026-08-15,2026-08-15
transamerica,immediate_solution_standard,NE,75,male,0,25000,standard_nt,331.71,21,0,1,Transamerica Life Insurance Co.,Immediate Solution - Standard,2026-08-15,2026-08-15
gerber,gerber_guaranteed_life,NE,75,male,0,25000,standard_nt,347.43,22,0,0,gerber,Gerber Guaranteed Life,2026-08-15,2026-08-15
aflac,standard,NE,75,male,0,25000,standard_nt,349.96,23,0,0,Aflac,Standard,2026-08-15,2026-08-15
aetna,standard,NE,75,male,0,25000,standard_nt,354.16,24,0,1,Aetna,Standard,2026-08-15,2026-08-15
logo,graded,NE,75,male,0,25000,standard_nt,365.91,25,0,0,logo,Graded,2026-08-15,2026-08-15
amam,senior_choice_graded,NE,75,male,0,25000,standard_nt,368.04,26,0,1,American Amicable,Senior Choice Graded,2026-08-15,2026-08-15
lbl,simpl_standard,NE,75,male,0,25000,standard_nt,368.49,27,0,0,lbl,SIMPL Standard,2026-08-15,2026-08-15
transamerica,express_select,NE,75,male,0,25000,standard_nt,370.81,28,0,1,Transamerica Life Insurance Co.,Express Select,2026-08-15,2026-08-15
cigna,primary_plan_rop,NE,75,male,0,25000,standard_nt,385.85,29,0,0,cigna,PRIMARY PLAN ROP,2026-08-15,2026-08-15
transamerica,express_graded,NE,75,male,0,25000,standard_nt,390.03,30,0,1,Transamerica Life Insurance Co.,Express Graded,2026-08-15,2026-08-15
amam,senior_choice_rop,NE,75,male,0,25000,standard_nt,405.77,31,0,1,American Amicable,Senior Choice ROP,2026-08-15,2026-08-15
foresters,planright_standard,NE,75,male,0,25000,standard_nt,413.07,32,0,0,foresters,PlanRight/Standard,2026-08-15,2026-08-15
corebridge,giwl_20_000_and_up,NE,75,male,0,25000,standard_nt,445.94,33,0,1,Corebridge Financial,GIWL $20;000 and up,2026-08-15,2026-08-15
logo,express_issue_graded,NE,75,male,0,25000,standard_nt,446.51,34,0,0,logo,Express Issue Graded,2026-08-15,2026-08-15
aetna,primary_plan_rop,NE,75,male,0,25000,standard_nt,457.84,35,0,1,Aetna,PRIMARY PLAN ROP,2026-08-15,2026-08-15
logo,guaranteed_issue,NE,75,male,0,25000,standard_nt,468.6,36,0,0,logo,Guaranteed Issue,2026-08-15,2026-08-15
aflac,primary_plan_rop,NE,75,male,0,25000,standard_nt,493.68,37,0,0,Aflac,Primary Plan ROP,2026-08-15,2026-08-15
americo,eagle_select_3,NE,75,male,0,25000,standard_nt,499.58,38,0,1,Americo,Eagle Select 3,2026-08-15,2026-08-15
transamerica,easy_solution,NE,75,male,0,25000,standard_nt,573.75,39,0,1,Transamerica Life Insurance Co.,Easy Solution,2026-08-15,2026-08-15
americo,eagle_select_1,NE,75,male,0,50000,standard_nt,470.3,1,1,1,Americo,Eagle Select 1,2026-08-15,2026-08-15
moo,living_promise_level,NE,75,male,0,50000,standard_nt,487.07,2,0,1,United of Omaha,Living Promise Level,2026-08-15,2026-08-15
logo,preferred,NE,75,male,0,50000,standard_nt,498.46,3,0,0,logo,Preferred,2026-08-15,2026-08-15
transamerica,express_premier,NE,75,male,0,50000,standard_nt,528.17,4,0,1,Transamerica Life Insurance Co.,Express Premier,2026-08-15,2026-08-15
amam,senior_choice_immediate,NE,75,male,0,50000,standard_nt,529.5,5,0,1,American Amicable,Senior Choice Immediate,2026-08-15,2026-08-15
logo,standard,NE,75,male,0,50000,standard_nt,592.3,6,0,0,logo,Standard,2026-08-15,2026-08-15
americo,eagle_select_2,NE,75,male,0,50000,standard_nt,656.26,7,0,1,Americo,Eagle Select 2,2026-08-15,2026-08-15
transamerica,express_select,NE,75,male,0,50000,standard_nt,738.01,8,0,1,Transamerica Life Insurance Co.,Express Select,2026-08-15,2026-08-15
transamerica,immediate_solution_preferred,NE,75,female,0,10000,standard_nt,70.86,1,1,1,Transamerica Life Insurance Co.,Immediate Solution - Preferred,2026-08-15,2026-08-15
americo,eagle_select_1,NE,75,female,0,10000,standard_nt,72.4,2,0,1,Americo,Eagle Select 1,2026-08-15,2026-08-15
moo,living_promise_level,NE,75,female,0,10000,standard_nt,72.41,3,0,1,United of Omaha,Living Promise Level,2026-08-15,2026-08-15
aetna,preferred,NE,75,female,0,10000,standard_nt,75.86,4,0,1,Aetna,Preferred,2026-08-15,2026-08-15
corebridge,simplinow_level,NE,75,female,0,10000,standard_nt,79.33,5,0,1,Corebridge Financial,SimpliNow Level,2026-08-15,2026-08-15
cigna,primary_plan,NE,75,female,0,10000,standard_nt,81.02,6,0,0,cigna,PRIMARY PLAN,2026-08-15,2026-08-15
lbl,simpl_preferred,NE,75,female,0,10000,standard_nt,81.58,7,0,0,lbl,SIMPL Preferred,2026-08-15,2026-08-15
amam,senior_choice_immediate,NE,75,female,0,10000,standard_nt,81.73,8,0,1,American Amicable,Senior Choice Immediate,2026-08-15,2026-08-15
royal,ensured_legacy_standard,NE,75,female,0,10000,standard_nt,81.92,9,0,0,royal,Ensured Legacy/Standard,2026-08-15,2026-08-15
aflac,preferred,NE,75,female,0,10000,standard_nt,81.94,10,0,0,Aflac,Preferred,2026-08-15,2026-08-15
foresters,planright_preferred,NE,75,female,0,10000,standard_nt,82.13,11,0,0,foresters,PlanRight/Preferred,2026-08-15,2026-08-15
amam,golden_solution_immediate,NE,75,female,0,10000,standard_nt,82.49,12,0,1,American Amicable,Golden Solution Immediate,2026-08-15,2026-08-15
transamerica,express_premier,NE,75,female,0,10000,standard_nt,82.88,13,0,1,Transamerica Life Insurance Co.,Express Premier,2026-08-15,2026-08-15
logo,preferred,NE,75,female,0,10000,standard_nt,85.42,14,0,0,logo,Preferred,2026-08-15,2026-08-15
amam,platinum_solution_immediate,NE,75,female,0,10000,standard_nt,87.74,15,0,1,American Amicable,Platinum Solution Immediate,2026-08-15,2026-08-15
moo,living_promise_graded,NE,75,female,0,10000,standard_nt,88.47,16,0,1,United of Omaha,Living Promise Graded,2026-08-15,2026-08-15
royal,simplified_issue_plan,NE,75,female,0,10000,standard_nt,88.83,17,0,0,royal,Simplified Issue Plan,2026-08-15,2026-08-15
transamerica,immediate_solution_standard,NE,75,female,0,10000,standard_nt,93.63,18,0,1,Transamerica Life Insurance Co.,Immediate Solution - Standard,2026-08-15,2026-08-15
aetna,standard,NE,75,female,0,10000,standard_nt,97.91,19,0,1,Aetna,Standard,2026-08-15,2026-08-15
americo,eagle_select_2,NE,75,female,0,10000,standard_nt,99.19,20,0,1,Americo,Eagle Select 2,2026-08-15,2026-08-15
logo,standard,NE,75,female,0,10000,standard_nt,99.59,21,0,0,logo,Standard,2026-08-15,2026-08-15
amam,golden_solution_graded,NE,75,female,0,10000,standard_nt,103.76,22,0,1,American Amicable,Golden Solution Graded,2026-08-15,2026-08-15
corebridge,simplinow_graded,NE,75,female,0,10000,standard_nt,104.41,23,0,1,Corebridge Financial,SimpliNow Graded,2026-08-15,2026-08-15
amam,platinum_solution_graded,NE,75,female,0,10000,standard_nt,107.46,24,0,1,American Amicable,Platinum Solution Graded,2026-08-15,2026-08-15
aflac,standard,NE,75,female,0,10000,standard_nt,107.49,25,0,0,Aflac,Standard,2026-08-15,2026-08-15
lbl,simpl_standard,NE,75,female,0,10000,standard_nt,107.94,26,0,0,lbl,SIMPL Standard,2026-08-15,2026-08-15
gerber,gerber_guaranteed_life,NE,75,female,0,10000,standard_nt,108.17,27,0,0,gerber,Gerber Guaranteed Life,2026-08-15,2026-08-15
amam,senior_choice_graded,NE,75,female,0,10000,standard_nt,108.92,28,0,1,American Amicable,Senior Choice Graded,2026-08-15,2026-08-15
logo,superior_choice,NE,75,female,0,10000,standard_nt,111.8,29,0,0,logo,Superior Choice,2026-08-15,2026-08-15
gtl,heritage_plan,NE,75,female,0,10000,standard_nt,114.5,30,0,0,gtl,Heritage Plan,2026-08-15,2026-08-15
cigna,primary_plan_rop,NE,75,female,0,10000,standard_nt,116.24,31,0,0,cigna,PRIMARY PLAN ROP,2026-08-15,2026-08-15
transamerica,express_select,NE,75,female,0,10000,standard_nt,116.89,32,0,1,Transamerica Life Insurance Co.,Express Select,2026-08-15,2026-08-15
lbl,mwl,NE,75,female,0,10000,standard_nt,118.24,33,0,0,lbl,MWL,2026-08-15,2026-08-15
logo,graded,NE,75,female,0,10000,standard_nt,118.83,34,0,0,logo,Graded,2026-08-15,2026-08-15
americo,eagle_select_3,NE,75,female,0,10000,standard_nt,121.14,35,0,1,Americo,Eagle Select 3,2026-08-15,2026-08-15
amam,golden_solution_rop,NE,75,female,0,10000,standard_nt,124.46,36,0,1,American Amicable,Golden Solution ROP,2026-08-15,2026-08-15
corebridge,giwl_up_to_19_999,NE,75,female,0,10000,standard_nt,125.96,37,0,1,Corebridge Financial,GIWL up to $19;999,2026-08-15,2026-08-15
foresters,planright_standard,NE,75,female,0,10000,standard_nt,126.81,38,0,0,foresters,PlanRight/Standard,2026-08-15,2026-08-15
royal,ensured_legacy_graded,NE,75,female,0,10000,standard_nt,126.93,39,0,0,royal,Ensured Legacy - Graded,2026-08-15,2026-08-15
amam,platinum_solution_rop,NE,75,female,0,10000,standard_nt,128.01,40,0,1,American Amicable,Platinum Solution ROP,2026-08-15,2026-08-15
transamerica,express_graded,NE,75,female,0,10000,standard_nt,131.1,41,0,1,Transamerica Life Insurance Co.,Express Graded,2026-08-15,2026-08-15
foresters,planright_rop,NE,75,female,0,10000,standard_nt,131.67,42,0,0,foresters,PlanRight ROP,2026-08-15,2026-08-15
amam,senior_choice_rop,NE,75,female,0,10000,standard_nt,134.4,43,0,1,American Amicable,Senior Choice ROP,2026-08-15,2026-08-15
aflac,primary_plan_rop,NE,75,female,0,10000,standard_nt,137.99,44,0,0,Aflac,Primary Plan ROP,2026-08-15,2026-08-15
logo,express_issue_graded,NE,75,female,0,10000,standard_nt,140.69,45,0,0,logo,Express Issue Graded,2026-08-15,2026-08-15
aetna,primary_plan_rop,NE,75,female,0,10000,standard_nt,144.29,46,0,1,Aetna,PRIMARY PLAN ROP,2026-08-15,2026-08-15
royal,graded_benefit_life,NE,75,female,0,10000,standard_nt,144.52,47,0,0,royal,Graded Benefit Life,2026-08-15,2026-08-15
logo,guaranteed_issue,NE,75,female,0,10000,standard_nt,155.7,48,0,0,logo,Guaranteed Issue,2026-08-15,2026-08-15
transamerica,easy_solution,NE,75,female,0,10000,standard_nt,155.87,49,0,1,Transamerica Life Insurance Co.,Easy Solution,2026-08-15,2026-08-15
logo,superior_choice_gi,NE,75,female,0,10000,standard_nt,190.87,50,0,0,logo,Superior Choice - GI,2026-08-15,2026-08-15
royal,ensured_legacy_guaranteed_issue,NE,75,female,0,10000,standard_nt,239.25,51,0,0,royal,Ensured Legacy - Guaranteed Issue,2026-08-15,2026-08-15
transamerica,immediate_solution_preferred,NE,75,female,0,15000,standard_nt,104.49,1,1,1,Transamerica Life Insurance Co.,Immediate Solution - Preferred,2026-08-15,2026-08-15
americo,eagle_select_1,NE,75,female,0,15000,standard_nt,106.7,2,0,1,Americo,Eagle Select 1,2026-08-15,2026-08-15
moo,living_promise_level,NE,75,female,0,15000,standard_nt,107.01,3,0,1,United of Omaha,Living Promise Level,2026-08-15,2026-08-15
aetna,preferred,NE,75,female,0,15000,standard_nt,112.04,4,0,1,Aetna,Preferred,2026-08-15,2026-08-15
corebridge,simplinow_level,NE,75,female,0,15000,standard_nt,117.4,5,0,1,Corebridge Financial,SimpliNow Level,2026-08-15,2026-08-15
lbl,simpl_preferred,NE,75,female,0,15000,standard_nt,120.06,6,0,0,lbl,SIMPL Preferred,2026-08-15,2026-08-15
royal,ensured_legacy_standard,NE,75,female,0,15000,standard_nt,120.7,7,0,0,royal,Ensured Legacy/Standard,2026-08-15,2026-08-15
aflac,preferred,NE,75,female,0,15000,standard_nt,120.82,8,0,0,Aflac,Preferred,2026-08-15,2026-08-15
amam,senior_choice_immediate,NE,75,female,0,15000,standard_nt,121.27,9,0,1,American Amicable,Senior Choice Immediate,2026-08-15,2026-08-15
cigna,primary_plan,NE,75,female,0,15000,standard_nt,121.54,10,0,0,cigna,PRIMARY PLAN,2026-08-15,2026-08-15
foresters,planright_preferred,NE,75,female,0,15000,standard_nt,121.62,11,0,0,foresters,PlanRight/Preferred,2026-08-15,2026-08-15
amam,golden_solution_immediate,NE,75,female,0,15000,standard_nt,122.42,12,0,1,American Amicable,Golden Solution Immediate,2026-08-15,2026-08-15
transamerica,express_premier,NE,75,female,0,15000,standard_nt,122.51,13,0,1,Transamerica Life Insurance Co.,Express Premier,2026-08-15,2026-08-15
logo,preferred,NE,75,female,0,15000,standard_nt,126.05,14,0,0,logo,Preferred,2026-08-15,2026-08-15
amam,platinum_solution_immediate,NE,75,female,0,15000,standard_nt,128.1,15,0,1,American Amicable,Platinum Solution Immediate,2026-08-15,2026-08-15
moo,living_promise_graded,NE,75,female,0,15000,standard_nt,132.17,16,0,1,United of Omaha,Living Promise Graded,2026-08-15,2026-08-15
royal,simplified_issue_plan,NE,75,female,0,15000,standard_nt,132.7,17,0,0,royal,Simplified Issue Plan,2026-08-15,2026-08-15
transamerica,immediate_solution_standard,NE,75,female,0,15000,standard_nt,138.64,18,0,1,Transamerica Life Insurance Co.,Immediate Solution - Standard,2026-08-15,2026-08-15
aetna,standard,NE,75,female,0,15000,standard_nt,145.12,19,0,1,Aetna,Standard,2026-08-15,2026-08-15
americo,eagle_select_2,NE,75,female,0,15000,standard_nt,146.88,20,0,1,Americo,Eagle Select 2,2026-08-15,2026-08-15
logo,standard,NE,75,female,0,15000,standard_nt,147.3,21,0,0,logo,Standard,2026-08-15,2026-08-15
amam,golden_solution_graded,NE,75,female,0,15000,standard_nt,154.32,22,0,1,American Amicable,Golden Solution Graded,2026-08-15,2026-08-15
corebridge,simplinow_graded,NE,75,female,0,15000,standard_nt,156.08,23,0,1,Corebridge Financial,SimpliNow Graded,2026-08-15,2026-08-15
amam,platinum_solution_graded,NE,75,female,0,15000,standard_nt,157.67,24,0,1,American Amicable,Platinum Solution Graded,2026-08-15,2026-08-15
aflac,standard,NE,75,female,0,15000,standard_nt,159.14,25,0,0,Aflac,Standard,2026-08-15,2026-08-15
lbl,simpl_standard,NE,75,female,0,15000,standard_nt,159.6,26,0,0,lbl,SIMPL Standard,2026-08-15,2026-08-15
gerber,gerber_guaranteed_life,NE,75,female,0,15000,standard_nt,161.8,27,0,0,gerber,Gerber Guaranteed Life,2026-08-15,2026-08-15
amam,senior_choice_graded,NE,75,female,0,15000,standard_nt,162.06,28,0,1,American Amicable,Senior Choice Graded,2026-08-15,2026-08-15
gtl,heritage_plan,NE,75,female,0,15000,standard_nt,169.49,29,0,0,gtl,Heritage Plan,2026-08-15,2026-08-15
transamerica,express_select,NE,75,female,0,15000,standard_nt,173.53,30,0,1,Transamerica Life Insurance Co.,Express Select,2026-08-15,2026-08-15
cigna,primary_plan_rop,NE,75,female,0,15000,standard_nt,174.37,31,0,0,cigna,PRIMARY PLAN ROP,2026-08-15,2026-08-15
lbl,mwl,NE,75,female,0,15000,standard_nt,175.05,32,0,0,lbl,MWL,2026-08-15,2026-08-15
logo,graded,NE,75,female,0,15000,standard_nt,176.17,33,0,0,logo,Graded,2026-08-15,2026-08-15
americo,eagle_select_3,NE,75,female,0,15000,standard_nt,179.82,34,0,1,Americo,Eagle Select 3,2026-08-15,2026-08-15
amam,golden_solution_rop,NE,75,female,0,15000,standard_nt,185.37,35,0,1,American Amicable,Golden Solution ROP,2026-08-15,2026-08-15
corebridge,giwl_up_to_19_999,NE,75,female,0,15000,standard_nt,187.94,36,0,1,Corebridge Financial,GIWL up to $19;999,2026-08-15,2026-08-15
royal,ensured_legacy_graded,NE,75,female,0,15000,standard_nt,188.22,37,0,0,royal,Ensured Legacy - Graded,2026-08-15,2026-08-15
amam,platinum_solution_rop,NE,75,female,0,15000,standard_nt,188.5,38,0,1,American Amicable,Platinum Solution ROP,2026-08-15,2026-08-15
foresters,planright_standard,NE,75,female,0,15000,standard_nt,188.63,39,0,0,foresters,PlanRight/Standard,2026-08-15,2026-08-15
transamerica,express_graded,NE,75,female,0,15000,standard_nt,194.85,40,0,1,Transamerica Life Insurance Co.,Express Graded,2026-08-15,2026-08-15
foresters,planright_rop,NE,75,female,0,15000,standard_nt,195.93,41,0,0,foresters,PlanRight ROP,2026-08-15,2026-08-15
amam,senior_choice_rop,NE,75,female,0,15000,standard_nt,200.28,42,0,1,American Amicable,Senior Choice ROP,2026-08-15,2026-08-15
aflac,primary_plan_rop,NE,75,female,0,15000,standard_nt,204.88,43,0,0,Aflac,Primary Plan ROP,2026-08-15,2026-08-15
logo,express_issue_graded,NE,75,female,0,15000,standard_nt,208.86,44,0,0,logo,Express Issue Graded,2026-08-15,2026-08-15
aetna,primary_plan_rop,NE,75,female,0,15000,standard_nt,214.68,45,0,1,Aetna,PRIMARY PLAN ROP,2026-08-15,2026-08-15
royal,graded_benefit_life,NE,75,female,0,15000,standard_nt,216.24,46,0,0,royal,Graded Benefit Life,2026-08-15,2026-08-15
logo,guaranteed_issue,NE,75,female,0,15000,standard_nt,231.37,47,0,0,logo,Guaranteed Issue,2026-08-15,2026-08-15
transamerica,easy_solution,NE,75,female,0,15000,standard_nt,232.0,48,0,1,Transamerica Life Insurance Co.,Easy Solution,2026-08-15,2026-08-15
transamerica,immediate_solution_preferred,NE,75,female,0,25000,standard_nt,171.74,1,1,1,Transamerica Life Insurance Co.,Immediate Solution - Preferred,2026-08-15,2026-08-15
royal,ensured_legacy_preferred,NE,75,female,0,25000,standard_nt,171.83,2,0,0,royal,Ensured Legacy/Preferred,2026-08-15,2026-08-15
americo,eagle_select_1,NE,75,female,0,25000,standard_nt,175.3,3,0,1,Americo,Eagle Select 1,2026-08-15,2026-08-15
moo,living_promise_level,NE,75,female,0,25000,standard_nt,176.22,4,0,1,United of Omaha,Living Promise Level,2026-08-15,2026-08-15
aetna,preferred,NE,75,female,0,25000,standard_nt,184.41,5,0,1,Aetna,Preferred,2026-08-15,2026-08-15
corebridge,simplinow_level,NE,75,female,0,25000,standard_nt,193.53,6,0,1,Corebridge Financial,SimpliNow Level,2026-08-15,2026-08-15
lbl,simpl_preferred,NE,75,female,0,25000,standard_nt,197.02,7,0,0,lbl,SIMPL Preferred,2026-08-15,2026-08-15
transamerica,express_premier,NE,75,female,0,25000,standard_nt,197.97,8,0,1,Transamerica Life Insurance Co.,Express Premier,2026-08-15,2026-08-15
royal,ensured_legacy_standard,NE,75,female,0,25000,standard_nt,198.27,9,0,0,royal,Ensured Legacy/Standard,2026-08-15,2026-08-15
aflac,preferred,NE,75,female,0,25000,standard_nt,198.56,10,0,0,Aflac,Preferred,2026-08-15,2026-08-15
amam,senior_choice_immediate,NE,75,female,0,25000,standard_nt,200.35,11,0,1,American Amicable,Senior Choice Immediate,2026-08-15,2026-08-15
foresters,planright_preferred,NE,75,female,0,25000,standard_nt,200.59,12,0,0,foresters,PlanRight/Preferred,2026-08-15,2026-08-15
amam,golden_solution_immediate,NE,75,female,0,25000,standard_nt,202.27,13,0,1,American Amicable,Golden Solution Immediate,2026-08-15,2026-08-15
cigna,primary_plan,NE,75,female,0,25000,standard_nt,202.56,14,0,0,cigna,PRIMARY PLAN,2026-08-15,2026-08-15
logo,preferred,NE,75,female,0,25000,standard_nt,207.31,15,0,0,logo,Preferred,2026-08-15,2026-08-15
amam,platinum_solution_immediate,NE,75,female,0,25000,standard_nt,208.8,16,0,1,American Amicable,Platinum Solution Immediate,2026-08-15,2026-08-15
royal,simplified_issue_plan,NE,75,female,0,25000,standard_nt,220.46,17,0,0,royal,Simplified Issue Plan,2026-08-15,2026-08-15
transamerica,immediate_solution_standard,NE,75,female,0,25000,standard_nt,228.67,18,0,1,Transamerica Life Insurance Co.,Immediate Solution - Standard,2026-08-15,2026-08-15
aetna,standard,NE,75,female,0,25000,standard_nt,239.53,19,0,1,Aetna,Standard,2026-08-15,2026-08-15
americo,eagle_select_2,NE,75,female,0,25000,standard_nt,242.27,20,0,1,Americo,Eagle Select 2,2026-08-15,2026-08-15
logo,standard,NE,75,female,0,25000,standard_nt,242.73,21,0,0,logo,Standard,2026-08-15,2026-08-15
corebridge,simplinow_graded,NE,75,female,0,25000,standard_nt,259.41,22,0,1,Corebridge Financial,SimpliNow Graded,2026-08-15,2026-08-15
aflac,standard,NE,75,female,0,25000,standard_nt,262.43,23,0,0,Aflac,Standard,2026-08-15,2026-08-15
lbl,simpl_standard,NE,75,female,0,25000,standard_nt,262.93,24,0,0,lbl,SIMPL Standard,2026-08-15,2026-08-15
amam,senior_choice_graded,NE,75,female,0,25000,standard_nt,268.33,25,0,1,American Amicable,Senior Choice Graded,2026-08-15,2026-08-15
gerber,gerber_guaranteed_life,NE,75,female,0,25000,standard_nt,269.05,26,0,0,gerber,Gerber Guaranteed Life,2026-08-15,2026-08-15
transamerica,express_select,NE,75,female,0,25000,standard_nt,274.27,27,0,1,Transamerica Life Insurance Co.,Express Select,2026-08-15,2026-08-15
cigna,primary_plan_rop,NE,75,female,0,25000,standard_nt,290.61,28,0,0,cigna,PRIMARY PLAN ROP,2026-08-15,2026-08-15
logo,graded,NE,75,female,0,25000,standard_nt,290.84,29,0,0,logo,Graded,2026-08-15,2026-08-15
americo,eagle_select_3,NE,75,female,0,25000,standard_nt,297.16,30,0,1,Americo,Eagle Select 3,2026-08-15,2026-08-15
foresters,planright_standard,NE,75,female,0,25000,standard_nt,312.29,31,0,0,foresters,PlanRight/Standard,2026-08-15,2026-08-15
transamerica,express_graded,NE,75,female,0,25000,standard_nt,322.35,32,0,1,Transamerica Life Insurance Co.,Express Graded,2026-08-15,2026-08-15
amam,senior_choice_rop,NE,75,female,0,25000,standard_nt,332.05,33,0,1,American Amicable,Senior Choice ROP,2026-08-15,2026-08-15
aflac,primary_plan_rop,NE,75,female,0,25000,standard_nt,338.67,34,0,0,Aflac,Primary Plan ROP,2026-08-15,2026-08-15
corebridge,giwl_20_000_and_up,NE,75,female,0,25000,standard_nt,345.09,35,0,1,Corebridge Financial,GIWL $20;000 and up,2026-08-15,2026-08-15
logo,express_issue_graded,NE,75,female,0,25000,standard_nt,345.19,36,0,0,logo,Express Issue Graded,2026-08-15,2026-08-15
aetna,primary_plan_rop,NE,75,female,0,25000,standard_nt,355.47,37,0,1,Aetna,PRIMARY PLAN ROP,2026-08-15,2026-08-15
logo,guaranteed_issue,NE,75,female,0,25000,standard_nt,382.71,38,0,0,logo,Guaranteed Issue,2026-08-15,2026-08-15
transamerica,easy_solution,NE,75,female,0,25000,standard_nt,384.27,39,0,1,Transamerica Life Insurance Co.,Easy Solution,2026-08-15,2026-08-15
americo,eagle_select_1,NE,75,female,0,50000,standard_nt,346.8,1,1,1,Americo,Eagle Select 1,2026-08-15,2026-08-15
moo,living_promise_level,NE,75,female,0,50000,standard_nt,349.23,2,0,1,United of Omaha,Living Promise Level,2026-08-15,2026-08-15
transamerica,express_premier,NE,75,female,0,50000,standard_nt,392.33,3,0,1,Transamerica Life Insurance Co.,Express Premier,2026-08-15,2026-08-15
amam,senior_choice_immediate,NE,75,female,0,50000,standard_nt,398.07,4,0,1,American Amicable,Senior Choice Immediate,2026-08-15,2026-08-15
logo,preferred,NE,75,female,0,50000,standard_nt,410.46,5,0,0,logo,Preferred,2026-08-15,2026-08-15
americo,eagle_select_2,NE,75,female,0,50000,standard_nt,480.75,6,0,1,Americo,Eagle Select 2,2026-08-15,2026-08-15
logo,standard,NE,75,female,0,50000,standard_nt,481.3,7,0,0,logo,Standard,2026-08-15,2026-08-15
transamerica,express_select,NE,75,female,0,50000,standard_nt,544.94,8,0,1,Transamerica Life Insurance Co.,Express Select,2026-08-15,2026-08-15
americo,eagle_select_1,NE,80,male,0,10000,standard_nt,135.78,1,1,1,Americo,Eagle Select 1,2026-08-15,2026-08-15
transamerica,immediate_solution_preferred,NE,80,male,0,10000,standard_nt,136.19,2,0,1,Transamerica Life Insurance Co.,Immediate Solution - Preferred,2026-08-15,2026-08-15
logo,preferred,NE,80,male,0,10000,standard_nt,136.59,3,0,0,logo,Preferred,2026-08-15,2026-08-15
cigna,primary_plan,NE,80,male,0,10000,standard_nt,139.0,4,0,0,cigna,PRIMARY PLAN,2026-08-15,2026-08-15
moo,living_promise_level,NE,80,male,0,10000,standard_nt,139.73,5,0,1,United of Omaha,Living Promise Level,2026-08-15,2026-08-15
aetna,preferred,NE,80,male,0,10000,standard_nt,140.26,6,0,1,Aetna,Preferred,2026-08-15,2026-08-15
lbl,simpl_preferred,NE,80,male,0,10000,standard_nt,147.93,7,0,0,lbl,SIMPL Preferred,2026-08-15,2026-08-15
foresters,planright_preferred,NE,80,male,0,10000,standard_nt,151.35,8,0,0,foresters,PlanRight/Preferred,2026-08-15,2026-08-15
transamerica,express_premier,NE,80,male,0,10000,standard_nt,152.6,9,0,1,Transamerica Life Insurance Co.,Express Premier,2026-08-15,2026-08-15
corebridge,simplinow_level,NE,80,male,0,10000,standard_nt,153.38,10,0,1,Corebridge Financial,SimpliNow Level,2026-08-15,2026-08-15
royal,ensured_legacy_standard,NE,80,male,0,10000,standard_nt,153.47,11,0,0,royal,Ensured Legacy/Standard,2026-08-15,2026-08-15
amam,senior_choice_immediate,NE,80,male,0,10000,standard_nt,155.82,12,0,1,American Amicable,Senior Choice Immediate,2026-08-15,2026-08-15
aflac,preferred,NE,80,male,0,10000,standard_nt,155.95,13,0,0,Aflac,Preferred,2026-08-15,2026-08-15
moo,living_promise_graded,NE,80,male,0,10000,standard_nt,156.82,14,0,1,United of Omaha,Living Promise Graded,2026-08-15,2026-08-15
corebridge,simplinow_graded,NE,80,male,0,10000,standard_nt,158.66,15,0,1,Corebridge Financial,SimpliNow Graded,2026-08-15,2026-08-15
amam,golden_solution_immediate,NE,80,male,0,10000,standard_nt,161.03,16,0,1,American Amicable,Golden Solution Immediate,2026-08-15,2026-08-15
amam,platinum_solution_immediate,NE,80,male,0,10000,standard_nt,166.25,17,0,1,American Amicable,Platinum Solution Immediate,2026-08-15,2026-08-15
royal,simplified_issue_plan,NE,80,male,0,10000,standard_nt,167.31,18,0,0,royal,Simplified Issue Plan,2026-08-15,2026-08-15
logo,standard,NE,80,male,0,10000,standard_nt,181.3,19,0,0,logo,Standard,2026-08-15,2026-08-15
transamerica,immediate_solution_standard,NE,80,male,0,10000,standard_nt,190.12,20,0,1,Transamerica Life Insurance Co.,Immediate Solution - Standard,2026-08-15,2026-08-15
cigna,primary_plan_rop,NE,80,male,0,10000,standard_nt,191.05,21,0,0,cigna,PRIMARY PLAN ROP,2026-08-15,2026-08-15
americo,eagle_select_2,NE,80,male,0,10000,standard_nt,191.2,22,0,1,Americo,Eagle Select 2,2026-08-15,2026-08-15
aetna,standard,NE,80,male,0,10000,standard_nt,202.82,23,0,1,Aetna,Standard,2026-08-15,2026-08-15
logo,superior_choice,NE,80,male,0,10000,standard_nt,207.35,24,0,0,logo,Superior Choice,2026-08-15,2026-08-15
transamerica,express_select,NE,80,male,0,10000,standard_nt,218.09,25,0,1,Transamerica Life Insurance Co.,Express Select,2026-08-15,2026-08-15
aflac,standard,NE,80,male,0,10000,standard_nt,222.22,26,0,0,Aflac,Standard,2026-08-15,2026-08-15
lbl,simpl_standard,NE,80,male,0,10000,standard_nt,223.95,27,0,0,lbl,SIMPL Standard,2026-08-15,2026-08-15
corebridge,giwl_up_to_19_999,NE,80,male,0,10000,standard_nt,224.71,28,0,1,Corebridge Financial,GIWL up to $19;999,2026-08-15,2026-08-15
logo,graded,NE,80,male,0,10000,standard_nt,224.95,29,0,0,logo,Graded,2026-08-15,2026-08-15
amam,senior_choice_graded,NE,80,male,0,10000,standard_nt,226.34,30,0,1,American Amicable,Senior Choice Graded,2026-08-15,2026-08-15
lbl,mwl,NE,80,male,0,10000,standard_nt,228.16,31,0,0,lbl,MWL,2026-08-15,2026-08-15
foresters,planright_standard,NE,80,male,0,10000,standard_nt,229.03,32,0,0,foresters,PlanRight/Standard,2026-08-15,2026-08-15
transamerica,express_graded,NE,80,male,0,10000,standard_nt,235.8,33,0,1,Transamerica Life Insurance Co.,Express Graded,2026-08-15,2026-08-15
amam,senior_choice_rop,NE,80,male,0,10000,standard_nt,241.98,34,0,1,American Amicable,Senior Choice ROP,2026-08-15,2026-08-15
amam,golden_solution_graded,NE,80,male,0,10000,standard_nt,245.89,35,0,1,American Amicable,Golden Solution Graded,2026-08-15,2026-08-15
gtl,heritage_plan,NE,80,male,0,10000,standard_nt,246.16,36,0,0,gtl,Heritage Plan,2026-08-15,2026-08-15
gerber,gerber_guaranteed_life,NE,80,male,0,10000,standard_nt,247.33,37,0,0,gerber,Gerber Guaranteed Life,2026-08-15,2026-08-15
logo,superior_choice_gi,NE,80,male,0,10000,standard_nt,249.22,38,0,0,logo,Superior Choice - GI,2026-08-15,2026-08-15
royal,graded_benefit_life,NE,80,male,0,10000,standard_nt,249.57,39,0,0,royal,Graded Benefit Life,2026-08-15,2026-08-15
amam,platinum_solution_graded,NE,80,male,0,10000,standard_nt,250.11,40,0,1,American Amicable,Platinum Solution Graded,2026-08-15,2026-08-15
amam,golden_solution_rop,NE,80,male,0,10000,standard_nt,252.0,41,0,1,American Amicable,Golden Solution ROP,2026-08-15,2026-08-15
royal,ensured_legacy_graded,NE,80,male,0,10000,standard_nt,254.91,42,0,0,royal,Ensured Legacy - Graded,2026-08-15,2026-08-15
amam,platinum_solution_rop,NE,80,male,0,10000,standard_nt,256.22,43,0,1,American Amicable,Platinum Solution ROP,2026-08-15,2026-08-15
foresters,planright_rop,NE,80,male,0,10000,standard_nt,259.25,44,0,0,foresters,PlanRight ROP,2026-08-15,2026-08-15
logo,express_issue_graded,NE,80,male,0,10000,standard_nt,260.51,45,0,0,logo,Express Issue Graded,2026-08-15,2026-08-15
transamerica,easy_solution,NE,80,male,0,10000,standard_nt,334.63,46,0,1,Transamerica Life Insurance Co.,Easy Solution,2026-08-15,2026-08-15
royal,ensured_legacy_guaranteed_issue,NE,80,male,0,10000,standard_nt,365.4,47,0,0,royal,Ensured Legacy - Guaranteed Issue,2026-08-15,2026-08-15
americo,eagle_select_1,NE,80,male,0,15000,standard_nt,201.78,1,1,1,Americo,Eagle Select 1,2026-08-15,2026-08-15
transamerica,immediate_solution_preferred,NE,80,male,0,15000,standard_nt,202.48,2,0,1,Transamerica Life Insurance Co.,Immediate Solution - Preferred,2026-08-15,2026-08-15
logo,preferred,NE,80,male,0,15000,standard_nt,202.81,3,0,0,logo,Preferred,2026-08-15,2026-08-15
moo,living_promise_level,NE,80,male,0,15000,standard_nt,207.99,4,0,1,United of Omaha,Living Promise Level,2026-08-15,2026-08-15
cigna,primary_plan,NE,80,male,0,15000,standard_nt,208.5,5,0,0,cigna,PRIMARY PLAN,2026-08-15,2026-08-15
aetna,preferred,NE,80,male,0,15000,standard_nt,208.64,6,0,1,Aetna,Preferred,2026-08-15,2026-08-15
lbl,simpl_preferred,NE,80,male,0,15000,standard_nt,219.59,7,0,0,lbl,SIMPL Preferred,2026-08-15,2026-08-15
foresters,planright_preferred,NE,80,male,0,15000,standard_nt,225.45,8,0,0,foresters,PlanRight/Preferred,2026-08-15,2026-08-15
transamerica,express_premier,NE,80,male,0,15000,standard_nt,227.09,9,0,1,Transamerica Life Insurance Co.,Express Premier,2026-08-15,2026-08-15
royal,ensured_legacy_standard,NE,80,male,0,15000,standard_nt,228.03,10,0,0,royal,Ensured Legacy/Standard,2026-08-15,2026-08-15
corebridge,simplinow_level,NE,80,male,0,15000,standard_nt,228.47,11,0,1,Corebridge Financial,SimpliNow Level,2026-08-15,2026-08-15
aflac,preferred,NE,80,male,0,15000,standard_nt,231.83,12,0,0,Aflac,Preferred,2026-08-15,2026-08-15
amam,senior_choice_immediate,NE,80,male,0,15000,standard_nt,232.41,13,0,1,American Amicable,Senior Choice Immediate,2026-08-15,2026-08-15
moo,living_promise_graded,NE,80,male,0,15000,standard_nt,234.69,14,0,1,United of Omaha,Living Promise Graded,2026-08-15,2026-08-15
corebridge,simplinow_graded,NE,80,male,0,15000,standard_nt,237.46,15,0,1,Corebridge Financial,SimpliNow Graded,2026-08-15,2026-08-15
amam,golden_solution_immediate,NE,80,male,0,15000,standard_nt,240.23,16,0,1,American Amicable,Golden Solution Immediate,2026-08-15,2026-08-15
amam,platinum_solution_immediate,NE,80,male,0,15000,standard_nt,245.85,17,0,1,American Amicable,Platinum Solution Immediate,2026-08-15,2026-08-15
royal,simplified_issue_plan,NE,80,male,0,15000,standard_nt,250.42,18,0,0,royal,Simplified Issue Plan,2026-08-15,2026-08-15
logo,standard,NE,80,male,0,15000,standard_nt,269.87,19,0,0,logo,Standard,2026-08-15,2026-08-15
transamerica,immediate_solution_standard,NE,80,male,0,15000,standard_nt,283.38,20,0,1,Transamerica Life Insurance Co.,Immediate Solution - Standard,2026-08-15,2026-08-15
americo,eagle_select_2,NE,80,male,0,15000,standard_nt,284.9,21,0,1,Americo,Eagle Select 2,2026-08-15,2026-08-15
cigna,primary_plan_rop,NE,80,male,0,15000,standard_nt,286.57,22,0,0,cigna,PRIMARY PLAN ROP,2026-08-15,2026-08-15
aetna,standard,NE,80,male,0,15000,standard_nt,302.49,23,0,1,Aetna,Standard,2026-08-15,2026-08-15
transamerica,express_select,NE,80,male,0,15000,standard_nt,325.34,24,0,1,Transamerica Life Insurance Co.,Express Select,2026-08-15,2026-08-15
aflac,standard,NE,80,male,0,15000,standard_nt,331.22,25,0,0,Aflac,Standard,2026-08-15,2026-08-15
lbl,simpl_standard,NE,80,male,0,15000,standard_nt,333.61,26,0,0,lbl,SIMPL Standard,2026-08-15,2026-08-15
logo,graded,NE,80,male,0,15000,standard_nt,335.34,27,0,0,logo,Graded,2026-08-15,2026-08-15
corebridge,giwl_up_to_19_999,NE,80,male,0,15000,standard_nt,336.07,28,0,1,Corebridge Financial,GIWL up to $19;999,2026-08-15,2026-08-15
amam,senior_choice_graded,NE,80,male,0,15000,standard_nt,338.18,29,0,1,American Amicable,Senior Choice Graded,2026-08-15,2026-08-15
lbl,mwl,NE,80,male,0,15000,standard_nt,339.92,30,0,0,lbl,MWL,2026-08-15,2026-08-15
foresters,planright_standard,NE,80,male,0,15000,standard_nt,341.97,31,0,0,foresters,PlanRight/Standard,2026-08-15,2026-08-15
transamerica,express_graded,NE,80,male,0,15000,standard_nt,351.9,32,0,1,Transamerica Life Insurance Co.,Express Graded,2026-08-15,2026-08-15
amam,senior_choice_rop,NE,80,male,0,15000,standard_nt,361.65,33,0,1,American Amicable,Senior Choice ROP,2026-08-15,2026-08-15
gtl,heritage_plan,NE,80,male,0,15000,standard_nt,366.99,34,0,0,gtl,Heritage Plan,2026-08-15,2026-08-15
amam,golden_solution_graded,NE,80,male,0,15000,standard_nt,367.51,35,0,1,American Amicable,Golden Solution Graded,2026-08-15,2026-08-15
gerber,gerber_guaranteed_life,NE,80,male,0,15000,standard_nt,370.53,36,0,0,gerber,Gerber Guaranteed Life,2026-08-15,2026-08-15
amam,platinum_solution_graded,NE,80,male,0,15000,standard_nt,371.65,37,0,1,American Amicable,Platinum Solution Graded,2026-08-15,2026-08-15
royal,graded_benefit_life,NE,80,male,0,15000,standard_nt,373.82,38,0,0,royal,Graded Benefit Life,2026-08-15,2026-08-15
amam,golden_solution_rop,NE,80,male,0,15000,standard_nt,376.68,39,0,1,American Amicable,Golden Solution ROP,2026-08-15,2026-08-15
royal,ensured_legacy_graded,NE,80,male,0,15000,standard_nt,380.19,40,0,0,royal,Ensured Legacy - Graded,2026-08-15,2026-08-15
amam,platinum_solution_rop,NE,80,male,0,15000,standard_nt,380.81,41,0,1,American Amicable,Platinum Solution ROP,2026-08-15,2026-08-15
foresters,planright_rop,NE,80,male,0,15000,standard_nt,387.29,42,0,0,foresters,PlanRight ROP,2026-08-15,2026-08-15
logo,express_issue_graded,NE,80,male,0,15000,standard_nt,388.59,43,0,0,logo,Express Issue Graded,2026-08-15,2026-08-15
transamerica,easy_solution,NE,80,male,0,15000,standard_nt,500.14,44,0,1,Transamerica Life Insurance Co.,Easy Solution,2026-08-15,2026-08-15
americo,eagle_select_1,NE,80,male,0,25000,standard_nt,333.76,1,1,1,Americo,Eagle Select 1,2026-08-15,2026-08-15
transamerica,immediate_solution_preferred,NE,80,male,0,25000,standard_nt,335.06,2,0,1,Transamerica Life Insurance Co.,Immediate Solution - Preferred,2026-08-15,2026-08-15
logo,preferred,NE,80,male,0,25000,standard_nt,335.24,3,0,0,logo,Preferred,2026-08-15,2026-08-15
moo,living_promise_level,NE,80,male,0,25000,standard_nt,344.52,4,0,1,United of Omaha,Living Promise Level,2026-08-15,2026-08-15
aetna,preferred,NE,80,male,0,25000,standard_nt,345.41,5,0,1,Aetna,Preferred,2026-08-15,2026-08-15
cigna,primary_plan,NE,80,male,0,25000,standard_nt,347.51,6,0,0,cigna,PRIMARY PLAN,2026-08-15,2026-08-15
lbl,simpl_preferred,NE,80,male,0,25000,standard_nt,362.9,7,0,0,lbl,SIMPL Preferred,2026-08-15,2026-08-15
foresters,planright_preferred,NE,80,male,0,25000,standard_nt,373.65,8,0,0,foresters,PlanRight/Preferred,2026-08-15,2026-08-15
transamerica,express_premier,NE,80,male,0,25000,standard_nt,376.08,9,0,1,Transamerica Life Insurance Co.,Express Premier,2026-08-15,2026-08-15
royal,ensured_legacy_standard,NE,80,male,0,25000,standard_nt,377.14,10,0,0,royal,Ensured Legacy/Standard,2026-08-15,2026-08-15
corebridge,simplinow_level,NE,80,male,0,25000,standard_nt,378.65,11,0,1,Corebridge Financial,SimpliNow Level,2026-08-15,2026-08-15
amam,senior_choice_immediate,NE,80,male,0,25000,standard_nt,385.59,12,0,1,American Amicable,Senior Choice Immediate,2026-08-15,2026-08-15
corebridge,simplinow_graded,NE,80,male,0,25000,standard_nt,395.05,13,0,1,Corebridge Financial,SimpliNow Graded,2026-08-15,2026-08-15
royal,simplified_issue_plan,NE,80,male,0,25000,standard_nt,416.66,14,0,0,royal,Simplified Issue Plan,2026-08-15,2026-08-15
logo,standard,NE,80,male,0,25000,standard_nt,447.0,15,0,0,logo,Standard,2026-08-15,2026-08-15
transamerica,immediate_solution_standard,NE,80,male,0,25000,standard_nt,469.9,16,0,1,Transamerica Life Insurance Co.,Immediate Solution - Standard,2026-08-15,2026-08-15
americo,eagle_select_2,NE,80,male,0,25000,standard_nt,472.29,17,0,1,Americo,Eagle Select 2,2026-08-15,2026-08-15
cigna,primary_plan_rop,NE,80,male,0,25000,standard_nt,477.62,18,0,0,cigna,PRIMARY PLAN ROP,2026-08-15,2026-08-15
aetna,standard,NE,80,male,0,25000,standard_nt,501.81,19,0,1,Aetna,Standard,2026-08-15,2026-08-15
transamerica,express_select,NE,80,male,0,25000,standard_nt,539.82,20,0,1,Transamerica Life Insurance Co.,Express Select,2026-08-15,2026-08-15
lbl,simpl_standard,NE,80,male,0,25000,standard_nt,552.94,21,0,0,lbl,SIMPL Standard,2026-08-15,2026-08-15
logo,graded,NE,80,male,0,25000,standard_nt,556.13,22,0,0,logo,Graded,2026-08-15,2026-08-15
amam,senior_choice_graded,NE,80,male,0,25000,standard_nt,561.88,23,0,1,American Amicable,Senior Choice Graded,2026-08-15,2026-08-15
corebridge,giwl_20_000_and_up,NE,80,male,0,25000,standard_nt,565.62,24,0,1,Corebridge Financial,GIWL $20;000 and up,2026-08-15,2026-08-15
foresters,planright_standard,NE,80,male,0,25000,standard_nt,567.85,25,0,0,foresters,PlanRight/Standard,2026-08-15,2026-08-15
transamerica,express_graded,NE,80,male,0,25000,standard_nt,584.09,26,0,1,Transamerica Life Insurance Co.,Express Graded,2026-08-15,2026-08-15
amam,senior_choice_rop,NE,80,male,0,25000,standard_nt,601.0,27,0,1,American Amicable,Senior Choice ROP,2026-08-15,2026-08-15
gerber,gerber_guaranteed_life,NE,80,male,0,25000,standard_nt,616.93,28,0,0,gerber,Gerber Guaranteed Life,2026-08-15,2026-08-15
logo,express_issue_graded,NE,80,male,0,25000,standard_nt,644.76,29,0,0,logo,Express Issue Graded,2026-08-15,2026-08-15
transamerica,easy_solution,NE,80,male,0,25000,standard_nt,831.17,30,0,1,Transamerica Life Insurance Co.,Easy Solution,2026-08-15,2026-08-15
americo,eagle_select_1,NE,80,male,0,50000,standard_nt,663.72,1,1,1,Americo,Eagle Select 1,2026-08-15,2026-08-15
logo,preferred,NE,80,male,0,50000,standard_nt,666.31,2,0,0,logo,Preferred,2026-08-15,2026-08-15
moo,living_promise_level,NE,80,male,0,50000,standard_nt,685.84,3,0,1,United of Omaha,Living Promise Level,2026-08-15,2026-08-15
logo,standard,NE,80,male,0,50000,standard_nt,889.85,4,0,0,logo,Standard,2026-08-15,2026-08-15
americo,eagle_select_2,NE,80,male,0,50000,standard_nt,940.78,5,0,1,Americo,Eagle Select 2,2026-08-15,2026-08-15
americo,eagle_select_1,NE,80,female,0,10000,standard_nt,98.42,1,1,1,Americo,Eagle Select 1,2026-08-15,2026-08-15
moo,living_promise_level,NE,80,female,0,10000,standard_nt,98.43,2,0,1,United of Omaha,Living Promise Level,2026-08-15,2026-08-15
transamerica,immediate_solution_preferred,NE,80,female,0,10000,standard_nt,101.15,3,0,1,Transamerica Life Insurance Co.,Immediate Solution - Preferred,2026-08-15,2026-08-15
aetna,preferred,NE,80,female,0,10000,standard_nt,101.41,4,0,1,Aetna,Preferred,2026-08-15,2026-08-15
corebridge,simplinow_level,NE,80,female,0,10000,standard_nt,107.95,5,0,1,Corebridge Financial,SimpliNow Level,2026-08-15,2026-08-15
cigna,primary_plan,NE,80,female,0,10000,standard_nt,108.39,6,0,0,cigna,PRIMARY PLAN,2026-08-15,2026-08-15
logo,preferred,NE,80,female,0,10000,standard_nt,108.47,7,0,0,logo,Preferred,2026-08-15,2026-08-15
transamerica,express_premier,NE,80,female,0,10000,standard_nt,111.5,8,0,1,Transamerica Life Insurance Co.,Express Premier,2026-08-15,2026-08-15
amam,senior_choice_immediate,NE,80,female,0,10000,standard_nt,113.68,9,0,1,American Amicable,Senior Choice Immediate,2026-08-15,2026-08-15
amam,golden_solution_immediate,NE,80,female,0,10000,standard_nt,114.75,10,0,1,American Amicable,Golden Solution Immediate,2026-08-15,2026-08-15
aflac,preferred,NE,80,female,0,10000,standard_nt,115.96,11,0,0,Aflac,Preferred,2026-08-15,2026-08-15
lbl,simpl_preferred,NE,80,female,0,10000,standard_nt,116.01,12,0,0,lbl,SIMPL Preferred,2026-08-15,2026-08-15
amam,platinum_solution_immediate,NE,80,female,0,10000,standard_nt,120.35,13,0,1,American Amicable,Platinum Solution Immediate,2026-08-15,2026-08-15
royal,ensured_legacy_standard,NE,80,female,0,10000,standard_nt,121.43,14,0,0,royal,Ensured Legacy/Standard,2026-08-15,2026-08-15
foresters,planright_preferred,NE,80,female,0,10000,standard_nt,122.1,15,0,0,foresters,PlanRight/Preferred,2026-08-15,2026-08-15
moo,living_promise_graded,NE,80,female,0,10000,standard_nt,125.67,16,0,1,United of Omaha,Living Promise Graded,2026-08-15,2026-08-15
royal,simplified_issue_plan,NE,80,female,0,10000,standard_nt,129.1,17,0,0,royal,Simplified Issue Plan,2026-08-15,2026-08-15
corebridge,simplinow_graded,NE,80,female,0,10000,standard_nt,131.7,18,0,1,Corebridge Financial,SimpliNow Graded,2026-08-15,2026-08-15
transamerica,immediate_solution_standard,NE,80,female,0,10000,standard_nt,135.17,19,0,1,Transamerica Life Insurance Co.,Immediate Solution - Standard,2026-08-15,2026-08-15
aetna,standard,NE,80,female,0,10000,standard_nt,140.26,20,0,1,Aetna,Standard,2026-08-15,2026-08-15
cigna,primary_plan_rop,NE,80,female,0,10000,standard_nt,144.79,21,0,0,cigna,PRIMARY PLAN ROP,2026-08-15,2026-08-15
logo,standard,NE,80,female,0,10000,standard_nt,148.58,22,0,0,logo,Standard,2026-08-15,2026-08-15
americo,eagle_select_2,NE,80,female,0,10000,standard_nt,150.77,23,0,1,Americo,Eagle Select 2,2026-08-15,2026-08-15
logo,superior_choice,NE,80,female,0,10000,standard_nt,152.46,24,0,0,logo,Superior Choice,2026-08-15,2026-08-15
amam,golden_solution_graded,NE,80,female,0,10000,standard_nt,155.28,25,0,1,American Amicable,Golden Solution Graded,2026-08-15,2026-08-15
amam,platinum_solution_graded,NE,80,female,0,10000,standard_nt,158.63,26,0,1,American Amicable,Platinum Solution Graded,2026-08-15,2026-08-15
lbl,simpl_standard,NE,80,female,0,10000,standard_nt,160.33,27,0,0,lbl,SIMPL Standard,2026-08-15,2026-08-15
amam,senior_choice_graded,NE,80,female,0,10000,standard_nt,163.07,28,0,1,American Amicable,Senior Choice Graded,2026-08-15,2026-08-15
transamerica,express_select,NE,80,female,0,10000,standard_nt,163.11,29,0,1,Transamerica Life Insurance Co.,Express Select,2026-08-15,2026-08-15
lbl,mwl,NE,80,female,0,10000,standard_nt,163.25,30,0,0,lbl,MWL,2026-08-15,2026-08-15
amam,golden_solution_rop,NE,80,female,0,10000,standard_nt,166.89,31,0,1,American Amicable,Golden Solution ROP,2026-08-15,2026-08-15
amam,platinum_solution_rop,NE,80,female,0,10000,standard_nt,170.16,32,0,1,American Amicable,Platinum Solution ROP,2026-08-15,2026-08-15
aflac,standard,NE,80,female,0,10000,standard_nt,172.5,33,0,0,Aflac,Standard,2026-08-15,2026-08-15
gerber,gerber_guaranteed_life,NE,80,female,0,10000,standard_nt,176.37,34,0,0,gerber,Gerber Guaranteed Life,2026-08-15,2026-08-15
foresters,planright_standard,NE,80,female,0,10000,standard_nt,176.91,35,0,0,foresters,PlanRight/Standard,2026-08-15,2026-08-15
royal,ensured_legacy_graded,NE,80,female,0,10000,standard_nt,178.96,36,0,0,royal,Ensured Legacy - Graded,2026-08-15,2026-08-15
logo,express_issue_graded,NE,80,female,0,10000,standard_nt,179.12,37,0,0,logo,Express Issue Graded,2026-08-15,2026-08-15
gtl,heritage_plan,NE,80,female,0,10000,standard_nt,179.49,38,0,0,gtl,Heritage Plan,2026-08-15,2026-08-15
amam,senior_choice_rop,NE,80,female,0,10000,standard_nt,181.98,39,0,1,American Amicable,Senior Choice ROP,2026-08-15,2026-08-15
transamerica,express_graded,NE,80,female,0,10000,standard_nt,185.51,40,0,1,Transamerica Life Insurance Co.,Express Graded,2026-08-15,2026-08-15
logo,graded,NE,80,female,0,10000,standard_nt,185.79,41,0,0,logo,Graded,2026-08-15,2026-08-15
foresters,planright_rop,NE,80,female,0,10000,standard_nt,192.15,42,0,0,foresters,PlanRight ROP,2026-08-15,2026-08-15
royal,graded_benefit_life,NE,80,female,0,10000,standard_nt,202.34,43,0,0,royal,Graded Benefit Life,2026-08-15,2026-08-15
corebridge,giwl_up_to_19_999,NE,80,female,0,10000,standard_nt,206.41,44,0,1,Corebridge Financial,GIWL up to $19;999,2026-08-15,2026-08-15
transamerica,easy_solution,NE,80,female,0,10000,standard_nt,218.83,45,0,1,Transamerica Life Insurance Co.,Easy Solution,2026-08-15,2026-08-15
logo,superior_choice_gi,NE,80,female,0,10000,standard_nt,245.17,46,0,0,logo,Superior Choice - GI,2026-08-15,2026-08-15
royal,ensured_legacy_guaranteed_issue,NE,80,female,0,10000,standard_nt,343.65,47,0,0,royal,Ensured Legacy - Guaranteed Issue,2026-08-15,2026-08-15
americo,eagle_select_1,NE,80,female,0,15000,standard_nt,145.73,1,1,1,Americo,Eagle Select 1,2026-08-15,2026-08-15
moo,living_promise_level,NE,80,female,0,15000,standard_nt,146.04,2,0,1,United of Omaha,Living Promise Level,2026-08-15,2026-08-15
transamerica,immediate_solution_preferred,NE,80,female,0,15000,standard_nt,149.92,3,0,1,Transamerica Life Insurance Co.,Immediate Solution - Preferred,2026-08-15,2026-08-15
aetna,preferred,NE,80,female,0,15000,standard_nt,150.37,4,0,1,Aetna,Preferred,2026-08-15,2026-08-15
corebridge,simplinow_level,NE,80,female,0,15000,standard_nt,160.33,5,0,1,Corebridge Financial,SimpliNow Level,2026-08-15,2026-08-15
logo,preferred,NE,80,female,0,15000,standard_nt,160.62,6,0,0,logo,Preferred,2026-08-15,2026-08-15
cigna,primary_plan,NE,80,female,0,15000,standard_nt,162.58,7,0,0,cigna,PRIMARY PLAN,2026-08-15,2026-08-15
transamerica,express_premier,NE,80,female,0,15000,standard_nt,165.44,8,0,1,Transamerica Life Insurance Co.,Express Premier,2026-08-15,2026-08-15
amam,senior_choice_immediate,NE,80,female,0,15000,standard_nt,169.2,9,0,1,American Amicable,Senior Choice Immediate,2026-08-15,2026-08-15
amam,golden_solution_immediate,NE,80,female,0,15000,standard_nt,170.81,10,0,1,American Amicable,Golden Solution Immediate,2026-08-15,2026-08-15
lbl,simpl_preferred,NE,80,female,0,15000,standard_nt,171.7,11,0,0,lbl,SIMPL Preferred,2026-08-15,2026-08-15
aflac,preferred,NE,80,female,0,15000,standard_nt,171.83,12,0,0,Aflac,Preferred,2026-08-15,2026-08-15
amam,platinum_solution_immediate,NE,80,female,0,15000,standard_nt,177.0,13,0,1,American Amicable,Platinum Solution Immediate,2026-08-15,2026-08-15
royal,ensured_legacy_standard,NE,80,female,0,15000,standard_nt,179.98,14,0,0,royal,Ensured Legacy/Standard,2026-08-15,2026-08-15
foresters,planright_preferred,NE,80,female,0,15000,standard_nt,181.57,15,0,0,foresters,PlanRight/Preferred,2026-08-15,2026-08-15
moo,living_promise_graded,NE,80,female,0,15000,standard_nt,187.97,16,0,1,United of Omaha,Living Promise Graded,2026-08-15,2026-08-15
royal,simplified_issue_plan,NE,80,female,0,15000,standard_nt,193.1,17,0,0,royal,Simplified Issue Plan,2026-08-15,2026-08-15
corebridge,simplinow_graded,NE,80,female,0,15000,standard_nt,197.02,18,0,1,Corebridge Financial,SimpliNow Graded,2026-08-15,2026-08-15
transamerica,immediate_solution_standard,NE,80,female,0,15000,standard_nt,200.94,19,0,1,Transamerica Life Insurance Co.,Immediate Solution - Standard,2026-08-15,2026-08-15
aetna,standard,NE,80,female,0,15000,standard_nt,208.64,20,0,1,Aetna,Standard,2026-08-15,2026-08-15
cigna,primary_plan_rop,NE,80,female,0,15000,standard_nt,217.18,21,0,0,cigna,PRIMARY PLAN ROP,2026-08-15,2026-08-15
logo,standard,NE,80,female,0,15000,standard_nt,220.79,22,0,0,logo,Standard,2026-08-15,2026-08-15
americo,eagle_select_2,NE,80,female,0,15000,standard_nt,224.26,23,0,1,Americo,Eagle Select 2,2026-08-15,2026-08-15
amam,golden_solution_graded,NE,80,female,0,15000,standard_nt,231.61,24,0,1,American Amicable,Golden Solution Graded,2026-08-15,2026-08-15
amam,platinum_solution_graded,NE,80,female,0,15000,standard_nt,234.42,25,0,1,American Amicable,Platinum Solution Graded,2026-08-15,2026-08-15
lbl,simpl_standard,NE,80,female,0,15000,standard_nt,238.18,26,0,0,lbl,SIMPL Standard,2026-08-15,2026-08-15
lbl,mwl,NE,80,female,0,15000,standard_nt,242.56,27,0,0,lbl,MWL,2026-08-15,2026-08-15
transamerica,express_select,NE,80,female,0,15000,standard_nt,242.87,28,0,1,Transamerica Life Insurance Co.,Express Select,2026-08-15,2026-08-15
amam,senior_choice_graded,NE,80,female,0,15000,standard_nt,243.29,29,0,1,American Amicable,Senior Choice Graded,2026-08-15,2026-08-15
amam,golden_solution_rop,NE,80,female,0,15000,standard_nt,249.02,30,0,1,American Amicable,Golden Solution ROP,2026-08-15,2026-08-15
amam,platinum_solution_rop,NE,80,female,0,15000,standard_nt,251.72,31,0,1,American Amicable,Platinum Solution ROP,2026-08-15,2026-08-15
aflac,standard,NE,80,female,0,15000,standard_nt,256.65,32,0,0,Aflac,Standard,2026-08-15,2026-08-15
foresters,planright_standard,NE,80,female,0,15000,standard_nt,263.79,33,0,0,foresters,PlanRight/Standard,2026-08-15,2026-08-15
gerber,gerber_guaranteed_life,NE,80,female,0,15000,standard_nt,264.1,34,0,0,gerber,Gerber Guaranteed Life,2026-08-15,2026-08-15
royal,ensured_legacy_graded,NE,80,female,0,15000,standard_nt,266.26,35,0,0,royal,Ensured Legacy - Graded,2026-08-15,2026-08-15
logo,express_issue_graded,NE,80,female,0,15000,standard_nt,266.5,36,0,0,logo,Express Issue Graded,2026-08-15,2026-08-15
gtl,heritage_plan,NE,80,female,0,15000,standard_nt,266.99,37,0,0,gtl,Heritage Plan,2026-08-15,2026-08-15
amam,senior_choice_rop,NE,80,female,0,15000,standard_nt,271.64,38,0,1,American Amicable,Senior Choice ROP,2026-08-15,2026-08-15
transamerica,express_graded,NE,80,female,0,15000,standard_nt,276.46,39,0,1,Transamerica Life Insurance Co.,Express Graded,2026-08-15,2026-08-15
logo,graded,NE,80,female,0,15000,standard_nt,276.6,40,0,0,logo,Graded,2026-08-15,2026-08-15
foresters,planright_rop,NE,80,female,0,15000,standard_nt,286.65,41,0,0,foresters,PlanRight ROP,2026-08-15,2026-08-15
royal,graded_benefit_life,NE,80,female,0,15000,standard_nt,302.97,42,0,0,royal,Graded Benefit Life,2026-08-15,2026-08-15
corebridge,giwl_up_to_19_999,NE,80,female,0,15000,standard_nt,308.62,43,0,1,Corebridge Financial,GIWL up to $19;999,2026-08-15,2026-08-15
transamerica,easy_solution,NE,80,female,0,15000,standard_nt,326.45,44,0,1,Transamerica Life Insurance Co.,Easy Solution,2026-08-15,2026-08-15
americo,eagle_select_1,NE,80,female,0,25000,standard_nt,240.35,1,1,1,Americo,Eagle Select 1,2026-08-15,2026-08-15
moo,living_promise_level,NE,80,female,0,25000,standard_nt,241.28,2,0,1,United of Omaha,Living Promise Level,2026-08-15,2026-08-15
transamerica,immediate_solution_preferred,NE,80,female,0,25000,standard_nt,247.46,3,0,1,Transamerica Life Insurance Co.,Immediate Solution - Preferred,2026-08-15,2026-08-15
aetna,preferred,NE,80,female,0,25000,standard_nt,248.28,4,0,1,Aetna,Preferred,2026-08-15,2026-08-15
logo,preferred,NE,80,female,0,25000,standard_nt,264.93,5,0,0,logo,Preferred,2026-08-15,2026-08-15
corebridge,simplinow_level,NE,80,female,0,25000,standard_nt,265.08,6,0,1,Corebridge Financial,SimpliNow Level,2026-08-15,2026-08-15
cigna,primary_plan,NE,80,female,0,25000,standard_nt,270.97,7,0,0,cigna,PRIMARY PLAN,2026-08-15,2026-08-15
transamerica,express_premier,NE,80,female,0,25000,standard_nt,273.33,8,0,1,Transamerica Life Insurance Co.,Express Premier,2026-08-15,2026-08-15
amam,senior_choice_immediate,NE,80,female,0,25000,standard_nt,280.24,9,0,1,American Amicable,Senior Choice Immediate,2026-08-15,2026-08-15
lbl,simpl_preferred,NE,80,female,0,25000,standard_nt,283.09,10,0,0,lbl,SIMPL Preferred,2026-08-15,2026-08-15
royal,ensured_legacy_standard,NE,80,female,0,25000,standard_nt,297.06,11,0,0,royal,Ensured Legacy/Standard,2026-08-15,2026-08-15
foresters,planright_preferred,NE,80,female,0,25000,standard_nt,300.52,12,0,0,foresters,PlanRight/Preferred,2026-08-15,2026-08-15
royal,simplified_issue_plan,NE,80,female,0,25000,standard_nt,321.12,13,0,0,royal,Simplified Issue Plan,2026-08-15,2026-08-15
corebridge,simplinow_graded,NE,80,female,0,25000,standard_nt,327.66,14,0,1,Corebridge Financial,SimpliNow Graded,2026-08-15,2026-08-15
transamerica,immediate_solution_standard,NE,80,female,0,25000,standard_nt,332.5,15,0,1,Transamerica Life Insurance Co.,Immediate Solution - Standard,2026-08-15,2026-08-15
aetna,standard,NE,80,female,0,25000,standard_nt,345.41,16,0,1,Aetna,Standard,2026-08-15,2026-08-15
cigna,primary_plan_rop,NE,80,female,0,25000,standard_nt,361.97,17,0,0,cigna,PRIMARY PLAN ROP,2026-08-15,2026-08-15
logo,standard,NE,80,female,0,25000,standard_nt,365.2,18,0,0,logo,Standard,2026-08-15,2026-08-15
americo,eagle_select_2,NE,80,female,0,25000,standard_nt,371.24,19,0,1,Americo,Eagle Select 2,2026-08-15,2026-08-15
lbl,simpl_standard,NE,80,female,0,25000,standard_nt,393.88,20,0,0,lbl,SIMPL Standard,2026-08-15,2026-08-15
transamerica,express_select,NE,80,female,0,25000,standard_nt,402.37,21,0,1,Transamerica Life Insurance Co.,Express Select,2026-08-15,2026-08-15
amam,senior_choice_graded,NE,80,female,0,25000,standard_nt,403.72,22,0,1,American Amicable,Senior Choice Graded,2026-08-15,2026-08-15
foresters,planright_standard,NE,80,female,0,25000,standard_nt,437.54,23,0,0,foresters,PlanRight/Standard,2026-08-15,2026-08-15
gerber,gerber_guaranteed_life,NE,80,female,0,25000,standard_nt,439.55,24,0,0,gerber,Gerber Guaranteed Life,2026-08-15,2026-08-15
logo,express_issue_graded,NE,80,female,0,25000,standard_nt,441.26,25,0,0,logo,Express Issue Graded,2026-08-15,2026-08-15
amam,senior_choice_rop,NE,80,female,0,25000,standard_nt,450.98,26,0,1,American Amicable,Senior Choice ROP,2026-08-15,2026-08-15
logo,graded,NE,80,female,0,25000,standard_nt,458.23,27,0,0,logo,Graded,2026-08-15,2026-08-15
transamerica,express_graded,NE,80,female,0,25000,standard_nt,458.36,28,0,1,Transamerica Life Insurance Co.,Express Graded,2026-08-15,2026-08-15
transamerica,easy_solution,NE,80,female,0,25000,standard_nt,541.67,29,0,1,Transamerica Life Insurance Co.,Easy Solution,2026-08-15,2026-08-15
corebridge,giwl_20_000_and_up,NE,80,female,0,25000,standard_nt,558.76,30,0,1,Corebridge Financial,GIWL $20;000 and up,2026-08-15,2026-08-15
americo,eagle_select_1,NE,80,female,0,50000,standard_nt,476.9,1,1,1,Americo,Eagle Select 1,2026-08-15,2026-08-15
moo,living_promise_level,NE,80,female,0,50000,standard_nt,479.35,2,0,1,United of Omaha,Living Promise Level,2026-08-15,2026-08-15
logo,preferred,NE,80,female,0,50000,standard_nt,525.7,3,0,0,logo,Preferred,2026-08-15,2026-08-15
logo,standard,NE,80,female,0,50000,standard_nt,726.25,4,0,0,logo,Standard,2026-08-15,2026-08-15
americo,eagle_select_2,NE,80,female,0,50000,standard_nt,738.67,5,0,1,Americo,Eagle Select 2,2026-08-15,2026-08-15
americo,eagle_select_1,NE,85,male,0,10000,standard_nt,187.58,1,1,1,Americo,Eagle Select 1,2026-08-15,2026-08-15
cigna,primary_plan,NE,85,male,0,10000,standard_nt,189.18,2,0,0,cigna,PRIMARY PLAN,2026-08-15,2026-08-15
moo,living_promise_level,NE,85,male,0,10000,standard_nt,192.74,3,0,1,United of Omaha,Living Promise Level,2026-08-15,2026-08-15
aetna,preferred,NE,85,male,0,10000,standard_nt,195.82,4,0,1,Aetna,Preferred,2026-08-15,2026-08-15
royal,simplified_issue_plan,NE,85,male,0,10000,standard_nt,213.2,5,0,0,royal,Simplified Issue Plan,2026-08-15,2026-08-15
transamerica,immediate_solution_preferred,NE,85,male,0,10000,standard_nt,213.7,6,0,1,Transamerica Life Insurance Co.,Immediate Solution - Preferred,2026-08-15,2026-08-15
foresters,planright_preferred,NE,85,male,0,10000,standard_nt,216.99,7,0,0,foresters,PlanRight/Preferred,2026-08-15,2026-08-15
amam,senior_choice_immediate,NE,85,male,0,10000,standard_nt,221.31,8,0,1,American Amicable,Senior Choice Immediate,2026-08-15,2026-08-15
royal,ensured_legacy_standard,NE,85,male,0,10000,standard_nt,221.48,9,0,0,royal,Ensured Legacy/Standard,2026-08-15,2026-08-15
amam,golden_solution_immediate,NE,85,male,0,10000,standard_nt,228.74,10,0,1,American Amicable,Golden Solution Immediate,2026-08-15,2026-08-15
transamerica,express_premier,NE,85,male,0,10000,standard_nt,232.63,11,0,1,Transamerica Life Insurance Co.,Express Premier,2026-08-15,2026-08-15
amam,platinum_solution_immediate,NE,85,male,0,10000,standard_nt,234.32,12,0,1,American Amicable,Platinum Solution Immediate,2026-08-15,2026-08-15
cigna,primary_plan_rop,NE,85,male,0,10000,standard_nt,235.19,13,0,0,cigna,PRIMARY PLAN ROP,2026-08-15,2026-08-15
americo,eagle_select_2,NE,85,male,0,10000,standard_nt,261.44,14,0,1,Americo,Eagle Select 2,2026-08-15,2026-08-15
amam,senior_choice_graded,NE,85,male,0,10000,standard_nt,277.51,15,0,1,American Amicable,Senior Choice Graded,2026-08-15,2026-08-15
transamerica,immediate_solution_standard,NE,85,male,0,10000,standard_nt,280.28,16,0,1,Transamerica Life Insurance Co.,Immediate Solution - Standard,2026-08-15,2026-08-15
logo,superior_choice,NE,85,male,0,10000,standard_nt,294.23,17,0,0,logo,Superior Choice,2026-08-15,2026-08-15
amam,golden_solution_graded,NE,85,male,0,10000,standard_nt,301.52,18,0,1,American Amicable,Golden Solution Graded,2026-08-15,2026-08-15
amam,platinum_solution_graded,NE,85,male,0,10000,standard_nt,305.71,19,0,1,American Amicable,Platinum Solution Graded,2026-08-15,2026-08-15
aetna,standard,NE,85,male,0,10000,standard_nt,312.2,20,0,1,Aetna,Standard,2026-08-15,2026-08-15
gtl,heritage_plan,NE,85,male,0,10000,standard_nt,316.99,21,0,0,gtl,Heritage Plan,2026-08-15,2026-08-15
foresters,planright_standard,NE,85,male,0,10000,standard_nt,326.54,22,0,0,foresters,PlanRight/Standard,2026-08-15,2026-08-15
royal,graded_benefit_life,NE,85,male,0,10000,standard_nt,329.0,23,0,0,royal,Graded Benefit Life,2026-08-15,2026-08-15
logo,superior_choice_gi,NE,85,male,0,10000,standard_nt,331.39,24,0,0,logo,Superior Choice - GI,2026-08-15,2026-08-15
amam,senior_choice_rop,NE,85,male,0,10000,standard_nt,338.28,25,0,1,American Amicable,Senior Choice ROP,2026-08-15,2026-08-15
royal,ensured_legacy_graded,NE,85,male,0,10000,standard_nt,351.46,26,0,0,royal,Ensured Legacy - Graded,2026-08-15,2026-08-15
amam,golden_solution_rop,NE,85,male,0,10000,standard_nt,360.66,27,0,1,American Amicable,Golden Solution ROP,2026-08-15,2026-08-15
amam,platinum_solution_rop,NE,85,male,0,10000,standard_nt,364.8,28,0,1,American Amicable,Platinum Solution ROP,2026-08-15,2026-08-15
transamerica,express_select,NE,85,male,0,10000,standard_nt,377.51,29,0,1,Transamerica Life Insurance Co.,Express Select,2026-08-15,2026-08-15
americo,eagle_select_1,NE,85,male,0,15000,standard_nt,279.47,1,1,1,Americo,Eagle Select 1,2026-08-15,2026-08-15
cigna,primary_plan,NE,85,male,0,15000,standard_nt,283.76,2,0,0,cigna,PRIMARY PLAN,2026-08-15,2026-08-15
moo,living_promise_level,NE,85,male,0,15000,standard_nt,287.51,3,0,1,United of Omaha,Living Promise Level,2026-08-15,2026-08-15
aetna,preferred,NE,85,male,0,15000,standard_nt,291.99,4,0,1,Aetna,Preferred,2026-08-15,2026-08-15
transamerica,immediate_solution_preferred,NE,85,male,0,15000,standard_nt,318.74,5,0,1,Transamerica Life Insurance Co.,Immediate Solution - Preferred,2026-08-15,2026-08-15
royal,simplified_issue_plan,NE,85,male,0,15000,standard_nt,319.25,6,0,0,royal,Simplified Issue Plan,2026-08-15,2026-08-15
foresters,planright_preferred,NE,85,male,0,15000,standard_nt,323.91,7,0,0,foresters,PlanRight/Preferred,2026-08-15,2026-08-15
royal,ensured_legacy_standard,NE,85,male,0,15000,standard_nt,330.05,8,0,0,royal,Ensured Legacy/Standard,2026-08-15,2026-08-15
amam,senior_choice_immediate,NE,85,male,0,15000,standard_nt,330.65,9,0,1,American Amicable,Senior Choice Immediate,2026-08-15,2026-08-15
amam,golden_solution_immediate,NE,85,male,0,15000,standard_nt,341.79,10,0,1,American Amicable,Golden Solution Immediate,2026-08-15,2026-08-15
transamerica,express_premier,NE,85,male,0,15000,standard_nt,347.14,11,0,1,Transamerica Life Insurance Co.,Express Premier,2026-08-15,2026-08-15
amam,platinum_solution_immediate,NE,85,male,0,15000,standard_nt,347.96,12,0,1,American Amicable,Platinum Solution Immediate,2026-08-15,2026-08-15
cigna,primary_plan_rop,NE,85,male,0,15000,standard_nt,352.79,13,0,0,cigna,PRIMARY PLAN ROP,2026-08-15,2026-08-15
americo,eagle_select_2,NE,85,male,0,15000,standard_nt,390.26,14,0,1,Americo,Eagle Select 2,2026-08-15,2026-08-15
amam,senior_choice_graded,NE,85,male,0,15000,standard_nt,414.94,15,0,1,American Amicable,Senior Choice Graded,2026-08-15,2026-08-15
transamerica,immediate_solution_standard,NE,85,male,0,15000,standard_nt,418.61,16,0,1,Transamerica Life Insurance Co.,Immediate Solution - Standard,2026-08-15,2026-08-15
amam,golden_solution_graded,NE,85,male,0,15000,standard_nt,450.96,17,0,1,American Amicable,Golden Solution Graded,2026-08-15,2026-08-15
amam,platinum_solution_graded,NE,85,male,0,15000,standard_nt,455.05,18,0,1,American Amicable,Platinum Solution Graded,2026-08-15,2026-08-15
aetna,standard,NE,85,male,0,15000,standard_nt,466.55,19,0,1,Aetna,Standard,2026-08-15,2026-08-15
gtl,heritage_plan,NE,85,male,0,15000,standard_nt,473.23,20,0,0,gtl,Heritage Plan,2026-08-15,2026-08-15
foresters,planright_standard,NE,85,male,0,15000,standard_nt,488.24,21,0,0,foresters,PlanRight/Standard,2026-08-15,2026-08-15
royal,graded_benefit_life,NE,85,male,0,15000,standard_nt,492.95,22,0,0,royal,Graded Benefit Life,2026-08-15,2026-08-15
amam,senior_choice_rop,NE,85,male,0,15000,standard_nt,506.1,23,0,1,American Amicable,Senior Choice ROP,2026-08-15,2026-08-15
royal,ensured_legacy_graded,NE,85,male,0,15000,standard_nt,525.02,24,0,0,royal,Ensured Legacy - Graded,2026-08-15,2026-08-15
amam,golden_solution_rop,NE,85,male,0,15000,standard_nt,539.67,25,0,1,American Amicable,Golden Solution ROP,2026-08-15,2026-08-15
amam,platinum_solution_rop,NE,85,male,0,15000,standard_nt,543.69,26,0,1,American Amicable,Platinum Solution ROP,2026-08-15,2026-08-15
transamerica,express_select,NE,85,male,0,15000,standard_nt,564.46,27,0,1,Transamerica Life Insurance Co.,Express Select,2026-08-15,2026-08-15
americo,eagle_select_1,NE,85,male,0,25000,standard_nt,463.24,1,1,1,Americo,Eagle Select 1,2026-08-15,2026-08-15
cigna,primary_plan,NE,85,male,0,25000,standard_nt,472.94,2,0,0,cigna,PRIMARY PLAN,2026-08-15,2026-08-15
moo,living_promise_level,NE,85,male,0,25000,standard_nt,477.04,3,0,1,United of Omaha,Living Promise Level,2026-08-15,2026-08-15
aetna,preferred,NE,85,male,0,25000,standard_nt,484.31,4,0,1,Aetna,Preferred,2026-08-15,2026-08-15
transamerica,immediate_solution_preferred,NE,85,male,0,25000,standard_nt,528.82,5,0,1,Transamerica Life Insurance Co.,Immediate Solution - Preferred,2026-08-15,2026-08-15
royal,simplified_issue_plan,NE,85,male,0,25000,standard_nt,531.37,6,0,0,royal,Simplified Issue Plan,2026-08-15,2026-08-15
royal,ensured_legacy_standard,NE,85,male,0,25000,standard_nt,547.19,7,0,0,royal,Ensured Legacy/Standard,2026-08-15,2026-08-15
amam,senior_choice_immediate,NE,85,male,0,25000,standard_nt,549.32,8,0,1,American Amicable,Senior Choice Immediate,2026-08-15,2026-08-15
transamerica,express_premier,NE,85,male,0,25000,standard_nt,576.15,9,0,1,Transamerica Life Insurance Co.,Express Premier,2026-08-15,2026-08-15
cigna,primary_plan_rop,NE,85,male,0,25000,standard_nt,587.98,10,0,0,cigna,PRIMARY PLAN ROP,2026-08-15,2026-08-15
americo,eagle_select_2,NE,85,male,0,25000,standard_nt,647.9,11,0,1,Americo,Eagle Select 2,2026-08-15,2026-08-15
amam,senior_choice_graded,NE,85,male,0,25000,standard_nt,689.81,12,0,1,American Amicable,Senior Choice Graded,2026-08-15,2026-08-15
transamerica,immediate_solution_standard,NE,85,male,0,25000,standard_nt,695.28,13,0,1,Transamerica Life Insurance Co.,Immediate Solution - Standard,2026-08-15,2026-08-15
aetna,standard,NE,85,male,0,25000,standard_nt,775.25,14,0,1,Aetna,Standard,2026-08-15,2026-08-15
amam,senior_choice_rop,NE,85,male,0,25000,standard_nt,841.74,15,0,1,American Amicable,Senior Choice ROP,2026-08-15,2026-08-15
transamerica,express_select,NE,85,male,0,25000,standard_nt,938.37,16,0,1,Transamerica Life Insurance Co.,Express Select,2026-08-15,2026-08-15
americo,eagle_select_1,NE,85,male,0,50000,standard_nt,922.69,1,1,1,Americo,Eagle Select 1,2026-08-15,2026-08-15
moo,living_promise_level,NE,85,male,0,50000,standard_nt,950.89,2,0,1,United of Omaha,Living Promise Level,2026-08-15,2026-08-15
americo,eagle_select_2,NE,85,male,0,50000,standard_nt,1292.0,3,0,1,Americo,Eagle Select 2,2026-08-15,2026-08-15
americo,eagle_select_1,NE,85,female,0,10000,standard_nt,135.89,1,1,1,Americo,Eagle Select 1,2026-08-15,2026-08-15
moo,living_promise_level,NE,85,female,0,10000,standard_nt,135.9,2,0,1,United of Omaha,Living Promise Level,2026-08-15,2026-08-15
aetna,preferred,NE,85,female,0,10000,standard_nt,136.68,3,0,1,Aetna,Preferred,2026-08-15,2026-08-15
cigna,primary_plan,NE,85,female,0,10000,standard_nt,145.9,4,0,0,cigna,PRIMARY PLAN,2026-08-15,2026-08-15
transamerica,immediate_solution_preferred,NE,85,female,0,10000,standard_nt,158.41,5,0,1,Transamerica Life Insurance Co.,Immediate Solution - Preferred,2026-08-15,2026-08-15
royal,ensured_legacy_standard,NE,85,female,0,10000,standard_nt,164.35,6,0,0,royal,Ensured Legacy/Standard,2026-08-15,2026-08-15
amam,senior_choice_immediate,NE,85,female,0,10000,standard_nt,166.02,7,0,1,American Amicable,Senior Choice Immediate,2026-08-15,2026-08-15
amam,golden_solution_immediate,NE,85,female,0,10000,standard_nt,167.6,8,0,1,American Amicable,Golden Solution Immediate,2026-08-15,2026-08-15
royal,simplified_issue_plan,NE,85,female,0,10000,standard_nt,171.81,9,0,0,royal,Simplified Issue Plan,2026-08-15,2026-08-15
transamerica,express_premier,NE,85,female,0,10000,standard_nt,172.93,10,0,1,Transamerica Life Insurance Co.,Express Premier,2026-08-15,2026-08-15
amam,platinum_solution_immediate,NE,85,female,0,10000,standard_nt,173.76,11,0,1,American Amicable,Platinum Solution Immediate,2026-08-15,2026-08-15
cigna,primary_plan_rop,NE,85,female,0,10000,standard_nt,178.34,12,0,0,cigna,PRIMARY PLAN ROP,2026-08-15,2026-08-15
foresters,planright_preferred,NE,85,female,0,10000,standard_nt,182.55,13,0,0,foresters,PlanRight/Preferred,2026-08-15,2026-08-15
transamerica,immediate_solution_standard,NE,85,female,0,10000,standard_nt,202.01,14,0,1,Transamerica Life Insurance Co.,Immediate Solution - Standard,2026-08-15,2026-08-15
amam,golden_solution_graded,NE,85,female,0,10000,standard_nt,210.7,15,0,1,American Amicable,Golden Solution Graded,2026-08-15,2026-08-15
amam,platinum_solution_graded,NE,85,female,0,10000,standard_nt,213.66,16,0,1,American Amicable,Platinum Solution Graded,2026-08-15,2026-08-15
logo,superior_choice,NE,85,female,0,10000,standard_nt,213.82,17,0,0,logo,Superior Choice,2026-08-15,2026-08-15
aetna,standard,NE,85,female,0,10000,standard_nt,219.98,18,0,1,Aetna,Standard,2026-08-15,2026-08-15
gtl,heritage_plan,NE,85,female,0,10000,standard_nt,221.16,19,0,0,gtl,Heritage Plan,2026-08-15,2026-08-15
amam,senior_choice_graded,NE,85,female,0,10000,standard_nt,221.31,20,0,1,American Amicable,Senior Choice Graded,2026-08-15,2026-08-15
americo,eagle_select_2,NE,85,female,0,10000,standard_nt,224.44,21,0,1,Americo,Eagle Select 2,2026-08-15,2026-08-15
amam,golden_solution_rop,NE,85,female,0,10000,standard_nt,245.19,22,0,1,American Amicable,Golden Solution ROP,2026-08-15,2026-08-15
amam,platinum_solution_rop,NE,85,female,0,10000,standard_nt,247.91,23,0,1,American Amicable,Platinum Solution ROP,2026-08-15,2026-08-15
transamerica,express_select,NE,85,female,0,10000,standard_nt,248.3,24,0,1,Transamerica Life Insurance Co.,Express Select,2026-08-15,2026-08-15
royal,ensured_legacy_graded,NE,85,female,0,10000,standard_nt,258.63,25,0,0,royal,Ensured Legacy - Graded,2026-08-15,2026-08-15
amam,senior_choice_rop,NE,85,female,0,10000,standard_nt,262.51,26,0,1,American Amicable,Senior Choice ROP,2026-08-15,2026-08-15
royal,graded_benefit_life,NE,85,female,0,10000,standard_nt,265.05,27,0,0,royal,Graded Benefit Life,2026-08-15,2026-08-15
foresters,planright_standard,NE,85,female,0,10000,standard_nt,268.62,28,0,0,foresters,PlanRight/Standard,2026-08-15,2026-08-15
logo,superior_choice_gi,NE,85,female,0,10000,standard_nt,331.39,29,0,0,logo,Superior Choice - GI,2026-08-15,2026-08-15
americo,eagle_select_1,NE,85,female,0,15000,standard_nt,201.93,1,1,1,Americo,Eagle Select 1,2026-08-15,2026-08-15
moo,living_promise_level,NE,85,female,0,15000,standard_nt,202.25,2,0,1,United of Omaha,Living Promise Level,2026-08-15,2026-08-15
aetna,preferred,NE,85,female,0,15000,standard_nt,203.26,3,0,1,Aetna,Preferred,2026-08-15,2026-08-15
cigna,primary_plan,NE,85,female,0,15000,standard_nt,218.85,4,0,0,cigna,PRIMARY PLAN,2026-08-15,2026-08-15
transamerica,immediate_solution_preferred,NE,85,female,0,15000,standard_nt,235.81,5,0,1,Transamerica Life Insurance Co.,Immediate Solution - Preferred,2026-08-15,2026-08-15
royal,ensured_legacy_standard,NE,85,female,0,15000,standard_nt,244.35,6,0,0,royal,Ensured Legacy/Standard,2026-08-15,2026-08-15
amam,senior_choice_immediate,NE,85,female,0,15000,standard_nt,247.71,7,0,1,American Amicable,Senior Choice Immediate,2026-08-15,2026-08-15
amam,golden_solution_immediate,NE,85,female,0,15000,standard_nt,250.09,8,0,1,American Amicable,Golden Solution Immediate,2026-08-15,2026-08-15
amam,platinum_solution_immediate,NE,85,female,0,15000,standard_nt,257.13,9,0,1,American Amicable,Platinum Solution Immediate,2026-08-15,2026-08-15
royal,simplified_issue_plan,NE,85,female,0,15000,standard_nt,257.18,10,0,0,royal,Simplified Issue Plan,2026-08-15,2026-08-15
transamerica,express_premier,NE,85,female,0,15000,standard_nt,257.59,11,0,1,Transamerica Life Insurance Co.,Express Premier,2026-08-15,2026-08-15
cigna,primary_plan_rop,NE,85,female,0,15000,standard_nt,267.51,12,0,0,cigna,PRIMARY PLAN ROP,2026-08-15,2026-08-15
foresters,planright_preferred,NE,85,female,0,15000,standard_nt,272.25,13,0,0,foresters,PlanRight/Preferred,2026-08-15,2026-08-15
transamerica,immediate_solution_standard,NE,85,female,0,15000,standard_nt,301.21,14,0,1,Transamerica Life Insurance Co.,Immediate Solution - Standard,2026-08-15,2026-08-15
amam,golden_solution_graded,NE,85,female,0,15000,standard_nt,314.73,15,0,1,American Amicable,Golden Solution Graded,2026-08-15,2026-08-15
amam,platinum_solution_graded,NE,85,female,0,15000,standard_nt,316.96,16,0,1,American Amicable,Platinum Solution Graded,2026-08-15,2026-08-15
aetna,standard,NE,85,female,0,15000,standard_nt,328.21,17,0,1,Aetna,Standard,2026-08-15,2026-08-15
gtl,heritage_plan,NE,85,female,0,15000,standard_nt,329.49,18,0,0,gtl,Heritage Plan,2026-08-15,2026-08-15
amam,senior_choice_graded,NE,85,female,0,15000,standard_nt,330.65,19,0,1,American Amicable,Senior Choice Graded,2026-08-15,2026-08-15
americo,eagle_select_2,NE,85,female,0,15000,standard_nt,334.76,20,0,1,Americo,Eagle Select 2,2026-08-15,2026-08-15
amam,golden_solution_rop,NE,85,female,0,15000,standard_nt,366.47,21,0,1,American Amicable,Golden Solution ROP,2026-08-15,2026-08-15
amam,platinum_solution_rop,NE,85,female,0,15000,standard_nt,368.35,22,0,1,American Amicable,Platinum Solution ROP,2026-08-15,2026-08-15
transamerica,express_select,NE,85,female,0,15000,standard_nt,370.64,23,0,1,Transamerica Life Insurance Co.,Express Select,2026-08-15,2026-08-15
royal,ensured_legacy_graded,NE,85,female,0,15000,standard_nt,385.78,24,0,0,royal,Ensured Legacy - Graded,2026-08-15,2026-08-15
amam,senior_choice_rop,NE,85,female,0,15000,standard_nt,392.45,25,0,1,American Amicable,Senior Choice ROP,2026-08-15,2026-08-15
royal,graded_benefit_life,NE,85,female,0,15000,standard_nt,397.04,26,0,0,royal,Graded Benefit Life,2026-08-15,2026-08-15
foresters,planright_standard,NE,85,female,0,15000,standard_nt,401.35,27,0,0,foresters,PlanRight/Standard,2026-08-15,2026-08-15
americo,eagle_select_1,NE,85,female,0,25000,standard_nt,334.02,1,1,1,Americo,Eagle Select 1,2026-08-15,2026-08-15
moo,living_promise_level,NE,85,female,0,25000,standard_nt,334.95,2,0,1,United of Omaha,Living Promise Level,2026-08-15,2026-08-15
aetna,preferred,NE,85,female,0,25000,standard_nt,336.44,3,0,1,Aetna,Preferred,2026-08-15,2026-08-15
cigna,primary_plan,NE,85,female,0,25000,standard_nt,364.74,4,0,0,cigna,PRIMARY PLAN,2026-08-15,2026-08-15
transamerica,immediate_solution_preferred,NE,85,female,0,25000,standard_nt,390.61,5,0,1,Transamerica Life Insurance Co.,Immediate Solution - Preferred,2026-08-15,2026-08-15
royal,ensured_legacy_standard,NE,85,female,0,25000,standard_nt,404.35,6,0,0,royal,Ensured Legacy/Standard,2026-08-15,2026-08-15
amam,senior_choice_immediate,NE,85,female,0,25000,standard_nt,411.09,7,0,1,American Amicable,Senior Choice Immediate,2026-08-15,2026-08-15
transamerica,express_premier,NE,85,female,0,25000,standard_nt,426.9,8,0,1,Transamerica Life Insurance Co.,Express Premier,2026-08-15,2026-08-15
royal,simplified_issue_plan,NE,85,female,0,25000,standard_nt,427.9,9,0,0,royal,Simplified Issue Plan,2026-08-15,2026-08-15
cigna,primary_plan_rop,NE,85,female,0,25000,standard_nt,445.86,10,0,0,cigna,PRIMARY PLAN ROP,2026-08-15,2026-08-15
transamerica,immediate_solution_standard,NE,85,female,0,25000,standard_nt,499.62,11,0,1,Transamerica Life Insurance Co.,Immediate Solution - Standard,2026-08-15,2026-08-15
aetna,standard,NE,85,female,0,25000,standard_nt,544.69,12,0,1,Aetna,Standard,2026-08-15,2026-08-15
amam,senior_choice_graded,NE,85,female,0,25000,standard_nt,549.32,13,0,1,American Amicable,Senior Choice Graded,2026-08-15,2026-08-15
americo,eagle_select_2,NE,85,female,0,25000,standard_nt,555.39,14,0,1,Americo,Eagle Select 2,2026-08-15,2026-08-15
transamerica,express_select,NE,85,female,0,25000,standard_nt,615.33,15,0,1,Transamerica Life Insurance Co.,Express Select,2026-08-15,2026-08-15
amam,senior_choice_rop,NE,85,female,0,25000,standard_nt,652.32,16,0,1,American Amicable,Senior Choice ROP,2026-08-15,2026-08-15
americo,eagle_select_1,NE,85,female,0,50000,standard_nt,664.24,1,1,1,Americo,Eagle Select 1,2026-08-15,2026-08-15
moo,living_promise_level,NE,85,female,0,50000,standard_nt,666.7,2,0,1,United of Omaha,Living Promise Level,2026-08-15,2026-08-15
americo,eagle_select_2,NE,85,female,0,50000,standard_nt,1106.99,3,0,1,Americo,Eagle Select 2,2026-08-15,2026-08-15
royal,simplified_issue_plan,NE,45,male,0,5000,standard_nt,13.38,1,1,0,royal,Simplified Issue Plan,2026-08-15,2026-08-15
logo,superior_choice,NE,45,male,0,5000,standard_nt,14.03,2,0,0,logo,Superior Choice,2026-08-15,2026-08-15
logo,preferred,NE,45,male,0,5000,standard_nt,14.33,3,0,0,logo,Preferred,2026-08-15,2026-08-15
moo,living_promise_level,NE,45,male,0,5000,standard_nt,15.15,4,0,1,United of Omaha,Living Promise Level,2026-08-15,2026-08-15
americo,eagle_select_1,NE,45,male,0,5000,standard_nt,15.45,5,0,1,Americo,Eagle Select 1,2026-08-15,2026-08-15
transamerica,immediate_solution_preferred,NE,45,male,0,5000,standard_nt,15.62,6,0,1,Transamerica Life Insurance Co.,Immediate Solution - Preferred,2026-08-15,2026-08-15
logo,standard,NE,45,male,0,5000,standard_nt,16.12,7,0,0,logo,Standard,2026-08-15,2026-08-15
lbl,simpl_preferred,NE,45,male,0,5000,standard_nt,16.66,8,0,0,lbl,SIMPL Preferred,2026-08-15,2026-08-15
aetna,preferred,NE,45,male,0,5000,standard_nt,16.71,9,0,1,Aetna,Preferred,2026-08-15,2026-08-15
transamerica,immediate_solution_standard,NE,45,male,0,5000,standard_nt,17.93,10,0,1,Transamerica Life Insurance Co.,Immediate Solution - Standard,2026-08-15,2026-08-15
moo,living_promise_graded,NE,45,male,0,5000,standard_nt,18.69,11,0,1,United of Omaha,Living Promise Graded,2026-08-15,2026-08-15
aetna,standard,NE,45,male,0,5000,standard_nt,18.94,12,0,1,Aetna,Standard,2026-08-15,2026-08-15
lbl,simpl_standard,NE,45,male,0,5000,standard_nt,19.08,13,0,0,lbl,SIMPL Standard,2026-08-15,2026-08-15
royal,graded_benefit_life,NE,45,male,0,5000,standard_nt,19.53,14,0,0,royal,Graded Benefit Life,2026-08-15,2026-08-15
americo,eagle_select_2,NE,45,male,0,5000,standard_nt,20.26,15,0,1,Americo,Eagle Select 2,2026-08-15,2026-08-15
aflac,standard,NE,45,male,0,5000,standard_nt,21.88,16,0,0,Aflac,Standard,2026-08-15,2026-08-15
americo,eagle_select_3,NE,45,male,0,5000,standard_nt,21.92,17,0,1,Americo,Eagle Select 3,2026-08-15,2026-08-15
aetna,primary_plan_rop,NE,45,male,0,5000,standard_nt,22.49,18,0,1,Aetna,PRIMARY PLAN ROP,2026-08-15,2026-08-15
lbl,mwl,NE,45,male,0,5000,standard_nt,23.3,19,0,0,lbl,MWL,2026-08-15,2026-08-15
logo,graded,NE,45,male,0,5000,standard_nt,24.49,20,0,0,logo,Graded,2026-08-15,2026-08-15
logo,superior_choice_gi,NE,45,male,0,5000,standard_nt,26.83,21,0,0,logo,Superior Choice - GI,2026-08-15,2026-08-15
logo,express_issue_graded,NE,45,male,0,5000,standard_nt,28.43,22,0,0,logo,Express Issue Graded,2026-08-15,2026-08-15
gtl,heritage_plan,NE,45,male,0,5000,standard_nt,29.5,23,0,0,gtl,Heritage Plan,2026-08-15,2026-08-15
transamerica,express_graded,NE,45,male,0,5000,standard_nt,32.85,24,0,1,Transamerica Life Insurance Co.,Express Graded,2026-08-15,2026-08-15
transamerica,easy_solution,NE,45,male,0,5000,standard_nt,34.63,25,0,1,Transamerica Life Insurance Co.,Easy Solution,2026-08-15,2026-08-15
aflac,primary_plan_rop,NE,45,male,0,5000,standard_nt,35.1,26,0,0,Aflac,Primary Plan ROP,2026-08-15,2026-08-15
transamerica,express_select,NE,45,male,0,5000,standard_nt,40.61,27,0,1,Transamerica Life Insurance Co.,Express Select,2026-08-15,2026-08-15
logo,guaranteed_issue,NE,45,male,0,5000,standard_nt,44.41,28,0,0,logo,Guaranteed Issue,2026-08-15,2026-08-15
cigna,primary_plan,NE,50,female,0,5000,standard_nt,11.23,1,1,0,cigna,PRIMARY PLAN,2026-08-15,2026-08-15
royal,simplified_issue_plan,NE,50,female,0,5000,standard_nt,13.44,2,0,0,royal,Simplified Issue Plan,2026-08-15,2026-08-15
moo,living_promise_level,NE,50,female,0,5000,standard_nt,13.75,3,0,1,United of Omaha,Living Promise Level,2026-08-15,2026-08-15
transamerica,immediate_solution_preferred,NE,50,female,0,5000,standard_nt,13.91,4,0,1,Transamerica Life Insurance Co.,Immediate Solution - Preferred,2026-08-15,2026-08-15
foresters,planright_preferred,NE,50,female,0,5000,standard_nt,14.6,5,0,0,foresters,PlanRight/Preferred,2026-08-15,2026-08-15
amam,senior_choice_immediate,NE,50,female,0,5000,standard_nt,14.65,6,0,1,American Amicable,Senior Choice Immediate,2026-08-15,2026-08-15
amam,golden_solution_immediate,NE,50,female,0,5000,standard_nt,14.77,7,0,1,American Amicable,Golden Solution Immediate,2026-08-15,2026-08-15
americo,eagle_select_1,NE,50,female,0,5000,standard_nt,14.78,8,0,1,Americo,Eagle Select 1,2026-08-15,2026-08-15
corebridge,simplinow_level,NE,50,female,0,5000,standard_nt,14.81,9,0,1,Corebridge Financial,SimpliNow Level,2026-08-15,2026-08-15
logo,preferred,NE,50,female,0,5000,standard_nt,15.11,10,0,0,logo,Preferred,2026-08-15,2026-08-15
aetna,preferred,NE,50,female,0,5000,standard_nt,15.4,11,0,1,Aetna,Preferred,2026-08-15,2026-08-15
lbl,simpl_preferred,NE,50,female,0,5000,standard_nt,15.47,12,0,0,lbl,SIMPL Preferred,2026-08-15,2026-08-15
transamerica,immediate_solution_standard,NE,50,female,0,5000,standard_nt,15.63,13,0,1,Transamerica Life Insurance Co.,Immediate Solution - Standard,2026-08-15,2026-08-15
moo,living_promise_graded,NE,50,female,0,5000,standard_nt,15.64,14,0,1,United of Omaha,Living Promise Graded,2026-08-15,2026-08-15
logo,superior_choice,NE,50,female,0,5000,standard_nt,15.71,15,0,0,logo,Superior Choice,2026-08-15,2026-08-15
amam,golden_solution_graded,NE,50,female,0,5000,standard_nt,15.87,16,0,1,American Amicable,Golden Solution Graded,2026-08-15,2026-08-15
logo,standard,NE,50,female,0,5000,standard_nt,16.24,17,0,0,logo,Standard,2026-08-15,2026-08-15
corebridge,simplinow_graded,NE,50,female,0,5000,standard_nt,16.51,18,0,1,Corebridge Financial,SimpliNow Graded,2026-08-15,2026-08-15
amam,senior_choice_graded,NE,50,female,0,5000,standard_nt,16.54,19,0,1,American Amicable,Senior Choice Graded,2026-08-15,2026-08-15
cigna,primary_plan_rop,NE,50,female,0,5000,standard_nt,17.12,20,0,0,cigna,PRIMARY PLAN ROP,2026-08-15,2026-08-15
gerber,gerber_guaranteed_life,NE,50,female,0,5000,standard_nt,17.7,21,0,0,gerber,Gerber Guaranteed Life,2026-08-15,2026-08-15
amam,golden_solution_rop,NE,50,female,0,5000,standard_nt,18.06,22,0,1,American Amicable,Golden Solution ROP,2026-08-15,2026-08-15
lbl,simpl_standard,NE,50,female,0,5000,standard_nt,18.66,23,0,0,lbl,SIMPL Standard,2026-08-15,2026-08-15
royal,ensured_legacy_standard,NE,50,female,0,5000,standard_nt,19.25,24,0,0,royal,Ensured Legacy/Standard,2026-08-15,2026-08-15
amam,platinum_solution_immediate,NE,50,female,0,5000,standard_nt,19.29,25,0,1,American Amicable,Platinum Solution Immediate,2026-08-15,2026-08-15
amam,senior_choice_rop,NE,50,female,0,5000,standard_nt,19.39,26,0,1,American Amicable,Senior Choice ROP,2026-08-15,2026-08-15
americo,eagle_select_2,NE,50,female,0,5000,standard_nt,19.71,27,0,1,Americo,Eagle Select 2,2026-08-15,2026-08-15
logo,graded,NE,50,female,0,5000,standard_nt,19.94,28,0,0,logo,Graded,2026-08-15,2026-08-15
aflac,standard,NE,50,female,0,5000,standard_nt,20.08,29,0,0,Aflac,Standard,2026-08-15,2026-08-15
foresters,planright_standard,NE,50,female,0,5000,standard_nt,20.11,30,0,0,foresters,PlanRight/Standard,2026-08-15,2026-08-15
foresters,planright_rop,NE,50,female,0,5000,standard_nt,20.16,31,0,0,foresters,PlanRight ROP,2026-08-15,2026-08-15
amam,platinum_solution_graded,NE,50,female,0,5000,standard_nt,20.18,32,0,1,American Amicable,Platinum Solution Graded,2026-08-15,2026-08-15
aetna,standard,NE,50,female,0,5000,standard_nt,20.26,33,0,1,Aetna,Standard,2026-08-15,2026-08-15
lbl,mwl,NE,50,female,0,5000,standard_nt,20.93,34,0,0,lbl,MWL,2026-08-15,2026-08-15
royal,graded_benefit_life,NE,50,female,0,5000,standard_nt,20.96,35,0,0,royal,Graded Benefit Life,2026-08-15,2026-08-15
aetna,primary_plan_rop,NE,50,female,0,5000,standard_nt,21.22,36,0,1,Aetna,PRIMARY PLAN ROP,2026-08-15,2026-08-15
americo,eagle_select_3,NE,50,female,0,5000,standard_nt,21.37,37,0,1,Americo,Eagle Select 3,2026-08-15,2026-08-15
gtl,heritage_plan,NE,50,female,0,5000,standard_nt,21.58,38,0,0,gtl,Heritage Plan,2026-08-15,2026-08-15
corebridge,giwl_up_to_19_999,NE,50,female,0,5000,standard_nt,21.94,39,0,1,Corebridge Financial,GIWL up to $19;999,2026-08-15,2026-08-15
amam,platinum_solution_rop,NE,50,female,0,5000,standard_nt,22.35,40,0,1,American Amicable,Platinum Solution ROP,2026-08-15,2026-08-15
royal,ensured_legacy_graded,NE,50,female,0,5000,standard_nt,24.79,41,0,0,royal,Ensured Legacy - Graded,2026-08-15,2026-08-15
logo,superior_choice_gi,NE,50,female,0,5000,standard_nt,26.25,42,0,0,logo,Superior Choice - GI,2026-08-15,2026-08-15
aflac,primary_plan_rop,NE,50,female,0,5000,standard_nt,28.6,43,0,0,Aflac,Primary Plan ROP,2026-08-15,2026-08-15
logo,express_issue_graded,NE,50,female,0,5000,standard_nt,30.15,44,0,0,logo,Express Issue Graded,2026-08-15,2026-08-15
transamerica,express_select,NE,50,female,0,5000,standard_nt,32.57,45,0,1,Transamerica Life Insurance Co.,Express Select,2026-08-15,2026-08-15
transamerica,easy_solution,NE,50,female,0,5000,standard_nt,33.18,46,0,1,Transamerica Life Insurance Co.,Easy Solution,2026-08-15,2026-08-15
royal,ensured_legacy_guaranteed_issue,NE,50,female,0,5000,standard_nt,35.41,47,0,0,royal,Ensured Legacy - Guaranteed Issue,2026-08-15,2026-08-15
transamerica,express_graded,NE,50,female,0,5000,standard_nt,35.67,48,0,1,Transamerica Life Insurance Co.,Express Graded,2026-08-15,2026-08-15
logo,guaranteed_issue,NE,50,female,0,5000,standard_nt,44.97,49,0,0,logo,Guaranteed Issue,2026-08-15,2026-08-15
cigna,primary_plan,NE,50,male,0,5000,standard_nt,15.6,1,1,0,cigna,PRIMARY PLAN,2026-08-15,2026-08-15
royal,simplified_issue_plan,NE,50,male,0,5000,standard_nt,16.16,2,0,0,royal,Simplified Issue Plan,2026-08-15,2026-08-15
moo,living_promise_level,NE,50,male,0,5000,standard_nt,16.94,3,0,1,United of Omaha,Living Promise Level,2026-08-15,2026-08-15
logo,superior_choice,NE,50,male,0,5000,standard_nt,16.95,4,0,0,logo,Superior Choice,2026-08-15,2026-08-15
transamerica,immediate_solution_preferred,NE,50,male,0,5000,standard_nt,17.06,5,0,1,Transamerica Life Insurance Co.,Immediate Solution - Preferred,2026-08-15,2026-08-15
amam,senior_choice_immediate,NE,50,male,0,5000,standard_nt,17.14,6,0,1,American Amicable,Senior Choice Immediate,2026-08-15,2026-08-15
americo,eagle_select_1,NE,50,male,0,5000,standard_nt,17.23,7,0,1,Americo,Eagle Select 1,2026-08-15,2026-08-15
foresters,planright_preferred,NE,50,male,0,5000,standard_nt,17.57,8,0,0,foresters,PlanRight/Preferred,2026-08-15,2026-08-15
amam,golden_solution_immediate,NE,50,male,0,5000,standard_nt,17.64,9,0,1,American Amicable,Golden Solution Immediate,2026-08-15,2026-08-15
logo,preferred,NE,50,male,0,5000,standard_nt,17.79,10,0,0,logo,Preferred,2026-08-15,2026-08-15
corebridge,simplinow_level,NE,50,male,0,5000,standard_nt,18.31,11,0,1,Corebridge Financial,SimpliNow Level,2026-08-15,2026-08-15
lbl,simpl_preferred,NE,50,male,0,5000,standard_nt,18.91,12,0,0,lbl,SIMPL Preferred,2026-08-15,2026-08-15
aetna,preferred,NE,50,male,0,5000,standard_nt,18.94,13,0,1,Aetna,Preferred,2026-08-15,2026-08-15
transamerica,immediate_solution_standard,NE,50,male,0,5000,standard_nt,19.11,14,0,1,Transamerica Life Insurance Co.,Immediate Solution - Standard,2026-08-15,2026-08-15
logo,standard,NE,50,male,0,5000,standard_nt,19.52,15,0,0,logo,Standard,2026-08-15,2026-08-15
amam,senior_choice_graded,NE,50,male,0,5000,standard_nt,20.28,16,0,1,American Amicable,Senior Choice Graded,2026-08-15,2026-08-15
moo,living_promise_graded,NE,50,male,0,5000,standard_nt,20.58,17,0,1,United of Omaha,Living Promise Graded,2026-08-15,2026-08-15
amam,golden_solution_graded,NE,50,male,0,5000,standard_nt,21.82,18,0,1,American Amicable,Golden Solution Graded,2026-08-15,2026-08-15
royal,ensured_legacy_standard,NE,50,male,0,5000,standard_nt,21.84,19,0,0,royal,Ensured Legacy/Standard,2026-08-15,2026-08-15
aetna,standard,NE,50,male,0,5000,standard_nt,22.01,20,0,1,Aetna,Standard,2026-08-15,2026-08-15
americo,eagle_select_2,NE,50,male,0,5000,standard_nt,22.05,21,0,1,Americo,Eagle Select 2,2026-08-15,2026-08-15
amam,platinum_solution_immediate,NE,50,male,0,5000,standard_nt,22.11,22,0,1,American Amicable,Platinum Solution Immediate,2026-08-15,2026-08-15
lbl,simpl_standard,NE,50,male,0,5000,standard_nt,22.12,23,0,0,lbl,SIMPL Standard,2026-08-15,2026-08-15
gerber,gerber_guaranteed_life,NE,50,male,0,5000,standard_nt,22.51,24,0,0,gerber,Gerber Guaranteed Life,2026-08-15,2026-08-15
corebridge,simplinow_graded,NE,50,male,0,5000,standard_nt,22.56,25,0,1,Corebridge Financial,SimpliNow Graded,2026-08-15,2026-08-15
royal,graded_benefit_life,NE,50,male,0,5000,standard_nt,23.05,26,0,0,royal,Graded Benefit Life,2026-08-15,2026-08-15
amam,senior_choice_rop,NE,50,male,0,5000,standard_nt,23.43,27,0,1,American Amicable,Senior Choice ROP,2026-08-15,2026-08-15
foresters,planright_standard,NE,50,male,0,5000,standard_nt,24.1,28,0,0,foresters,PlanRight/Standard,2026-08-15,2026-08-15
americo,eagle_select_3,NE,50,male,0,5000,standard_nt,24.18,29,0,1,Americo,Eagle Select 3,2026-08-15,2026-08-15
aflac,standard,NE,50,male,0,5000,standard_nt,24.32,30,0,0,Aflac,Standard,2026-08-15,2026-08-15
cigna,primary_plan_rop,NE,50,male,0,5000,standard_nt,24.46,31,0,0,cigna,PRIMARY PLAN ROP,2026-08-15,2026-08-15
amam,golden_solution_rop,NE,50,male,0,5000,standard_nt,24.51,32,0,1,American Amicable,Golden Solution ROP,2026-08-15,2026-08-15
foresters,planright_rop,NE,50,male,0,5000,standard_nt,24.89,33,0,0,foresters,PlanRight ROP,2026-08-15,2026-08-15
lbl,mwl,NE,50,male,0,5000,standard_nt,25.75,34,0,0,lbl,MWL,2026-08-15,2026-08-15
amam,platinum_solution_graded,NE,50,male,0,5000,standard_nt,26.21,35,0,1,American Amicable,Platinum Solution Graded,2026-08-15,2026-08-15
aetna,primary_plan_rop,NE,50,male,0,5000,standard_nt,26.47,36,0,1,Aetna,PRIMARY PLAN ROP,2026-08-15,2026-08-15
logo,superior_choice_gi,NE,50,male,0,5000,standard_nt,27.54,37,0,0,logo,Superior Choice - GI,2026-08-15,2026-08-15
logo,graded,NE,50,male,0,5000,standard_nt,27.88,38,0,0,logo,Graded,2026-08-15,2026-08-15
amam,platinum_solution_rop,NE,50,male,0,5000,standard_nt,28.89,39,0,1,American Amicable,Platinum Solution ROP,2026-08-15,2026-08-15
gtl,heritage_plan,NE,50,male,0,5000,standard_nt,29.92,40,0,0,gtl,Heritage Plan,2026-08-15,2026-08-15
corebridge,giwl_up_to_19_999,NE,50,male,0,5000,standard_nt,31.42,41,0,1,Corebridge Financial,GIWL up to $19;999,2026-08-15,2026-08-15
logo,express_issue_graded,NE,50,male,0,5000,standard_nt,31.69,42,0,0,logo,Express Issue Graded,2026-08-15,2026-08-15
royal,ensured_legacy_graded,NE,50,male,0,5000,standard_nt,32.63,43,0,0,royal,Ensured Legacy - Graded,2026-08-15,2026-08-15
transamerica,express_select,NE,50,male,0,5000,standard_nt,35.15,44,0,1,Transamerica Life Insurance Co.,Express Select,2026-08-15,2026-08-15
transamerica,express_graded,NE,50,male,0,5000,standard_nt,36.09,45,0,1,Transamerica Life Insurance Co.,Express Graded,2026-08-15,2026-08-15
aflac,primary_plan_rop,NE,50,male,0,5000,standard_nt,37.1,46,0,0,Aflac,Primary Plan ROP,2026-08-15,2026-08-15
transamerica,easy_solution,NE,50,male,0,5000,standard_nt,39.7,47,0,1,Transamerica Life Insurance Co.,Easy Solution,2026-08-15,2026-08-15
royal,ensured_legacy_guaranteed_issue,NE,50,male,0,5000,standard_nt,45.07,48,0,0,royal,Ensured Legacy - Guaranteed Issue,2026-08-15,2026-08-15
logo,guaranteed_issue,NE,50,male,0,5000,standard_nt,47.79,49,0,0,logo,Guaranteed Issue,2026-08-15,2026-08-15
cigna,primary_plan,NE,55,female,0,5000,standard_nt,14.01,1,1,0,cigna,PRIMARY PLAN,2026-08-15,2026-08-15
moo,living_promise_level,NE,55,female,0,5000,standard_nt,15.45,2,0,1,United of Omaha,Living Promise Level,2026-08-15,2026-08-15
transamerica,immediate_solution_preferred,NE,55,female,0,5000,standard_nt,15.59,3,0,1,Transamerica Life Insurance Co.,Immediate Solution - Preferred,2026-08-15,2026-08-15
royal,simplified_issue_plan,NE,55,female,0,5000,standard_nt,16.17,4,0,0,royal,Simplified Issue Plan,2026-08-15,2026-08-15
corebridge,simplinow_level,NE,55,female,0,5000,standard_nt,16.67,5,0,1,Corebridge Financial,SimpliNow Level,2026-08-15,2026-08-15
americo,eagle_select_1,NE,55,female,0,5000,standard_nt,16.7,6,0,1,Americo,Eagle Select 1,2026-08-15,2026-08-15
lbl,simpl_preferred,NE,55,female,0,5000,standard_nt,17.76,7,0,0,lbl,SIMPL Preferred,2026-08-15,2026-08-15
foresters,planright_preferred,NE,55,female,0,5000,standard_nt,17.81,8,0,0,foresters,PlanRight/Preferred,2026-08-15,2026-08-15
logo,preferred,NE,55,female,0,5000,standard_nt,18.11,9,0,0,logo,Preferred,2026-08-15,2026-08-15
amam,senior_choice_immediate,NE,55,female,0,5000,standard_nt,18.16,10,0,1,American Amicable,Senior Choice Immediate,2026-08-15,2026-08-15
amam,golden_solution_immediate,NE,55,female,0,5000,standard_nt,18.31,11,0,1,American Amicable,Golden Solution Immediate,2026-08-15,2026-08-15
transamerica,immediate_solution_standard,NE,55,female,0,5000,standard_nt,18.85,12,0,1,Transamerica Life Insurance Co.,Immediate Solution - Standard,2026-08-15,2026-08-15
aetna,preferred,NE,55,female,0,5000,standard_nt,18.94,13,0,1,Aetna,Preferred,2026-08-15,2026-08-15
logo,standard,NE,55,female,0,5000,standard_nt,19.16,14,0,0,logo,Standard,2026-08-15,2026-08-15
moo,living_promise_graded,NE,55,female,0,5000,standard_nt,19.18,15,0,1,United of Omaha,Living Promise Graded,2026-08-15,2026-08-15
logo,superior_choice,NE,55,female,0,5000,standard_nt,19.33,16,0,0,logo,Superior Choice,2026-08-15,2026-08-15
amam,golden_solution_graded,NE,55,female,0,5000,standard_nt,19.57,17,0,1,American Amicable,Golden Solution Graded,2026-08-15,2026-08-15
amam,senior_choice_graded,NE,55,female,0,5000,standard_nt,20.43,18,0,1,American Amicable,Senior Choice Graded,2026-08-15,2026-08-15
corebridge,simplinow_graded,NE,55,female,0,5000,standard_nt,20.45,19,0,1,Corebridge Financial,SimpliNow Graded,2026-08-15,2026-08-15
americo,eagle_select_2,NE,55,female,0,5000,standard_nt,20.99,20,0,1,Americo,Eagle Select 2,2026-08-15,2026-08-15
royal,ensured_legacy_standard,NE,55,female,0,5000,standard_nt,21.17,21,0,0,royal,Ensured Legacy/Standard,2026-08-15,2026-08-15
aflac,standard,NE,55,female,0,5000,standard_nt,21.33,22,0,0,Aflac,Standard,2026-08-15,2026-08-15
lbl,simpl_standard,NE,55,female,0,5000,standard_nt,21.74,23,0,0,lbl,SIMPL Standard,2026-08-15,2026-08-15
cigna,primary_plan_rop,NE,55,female,0,5000,standard_nt,22.08,24,0,0,cigna,PRIMARY PLAN ROP,2026-08-15,2026-08-15
logo,graded,NE,55,female,0,5000,standard_nt,22.57,25,0,0,logo,Graded,2026-08-15,2026-08-15
amam,golden_solution_rop,NE,55,female,0,5000,standard_nt,22.59,26,0,1,American Amicable,Golden Solution ROP,2026-08-15,2026-08-15
gerber,gerber_guaranteed_life,NE,55,female,0,5000,standard_nt,22.6,27,0,0,gerber,Gerber Guaranteed Life,2026-08-15,2026-08-15
americo,eagle_select_3,NE,55,female,0,5000,standard_nt,22.72,28,0,1,Americo,Eagle Select 3,2026-08-15,2026-08-15
amam,platinum_solution_immediate,NE,55,female,0,5000,standard_nt,22.88,29,0,1,American Amicable,Platinum Solution Immediate,2026-08-15,2026-08-15
foresters,planright_standard,NE,55,female,0,5000,standard_nt,23.16,30,0,0,foresters,PlanRight/Standard,2026-08-15,2026-08-15
foresters,planright_rop,NE,55,female,0,5000,standard_nt,23.47,31,0,0,foresters,PlanRight ROP,2026-08-15,2026-08-15
aetna,standard,NE,55,female,0,5000,standard_nt,23.8,32,0,1,Aetna,Standard,2026-08-15,2026-08-15
amam,platinum_solution_graded,NE,55,female,0,5000,standard_nt,23.85,33,0,1,American Amicable,Platinum Solution Graded,2026-08-15,2026-08-15
amam,senior_choice_rop,NE,55,female,0,5000,standard_nt,24.21,34,0,1,American Amicable,Senior Choice ROP,2026-08-15,2026-08-15
lbl,mwl,NE,55,female,0,5000,standard_nt,24.39,35,0,0,lbl,MWL,2026-08-15,2026-08-15
royal,graded_benefit_life,NE,55,female,0,5000,standard_nt,25.32,36,0,0,royal,Graded Benefit Life,2026-08-15,2026-08-15
gtl,heritage_plan,NE,55,female,0,5000,standard_nt,25.75,37,0,0,gtl,Heritage Plan,2026-08-15,2026-08-15
royal,ensured_legacy_graded,NE,55,female,0,5000,standard_nt,26.19,38,0,0,royal,Ensured Legacy - Graded,2026-08-15,2026-08-15
aetna,primary_plan_rop,NE,55,female,0,5000,standard_nt,26.21,39,0,1,Aetna,PRIMARY PLAN ROP,2026-08-15,2026-08-15
corebridge,giwl_up_to_19_999,NE,55,female,0,5000,standard_nt,26.3,40,0,1,Corebridge Financial,GIWL up to $19;999,2026-08-15,2026-08-15
amam,platinum_solution_rop,NE,55,female,0,5000,standard_nt,26.84,41,0,1,American Amicable,Platinum Solution ROP,2026-08-15,2026-08-15
logo,superior_choice_gi,NE,55,female,0,5000,standard_nt,27.0,42,0,0,logo,Superior Choice - GI,2026-08-15,2026-08-15
aflac,primary_plan_rop,NE,55,female,0,5000,standard_nt,29.59,43,0,0,Aflac,Primary Plan ROP,2026-08-15,2026-08-15
logo,express_issue_graded,NE,55,female,0,5000,standard_nt,34.7,44,0,0,logo,Express Issue Graded,2026-08-15,2026-08-15
transamerica,express_select,NE,55,female,0,5000,standard_nt,35.63,45,0,1,Transamerica Life Insurance Co.,Express Select,2026-08-15,2026-08-15
transamerica,easy_solution,NE,55,female,0,5000,standard_nt,38.12,46,0,1,Transamerica Life Insurance Co.,Easy Solution,2026-08-15,2026-08-15
transamerica,express_graded,NE,55,female,0,5000,standard_nt,39.58,47,0,1,Transamerica Life Insurance Co.,Express Graded,2026-08-15,2026-08-15
royal,ensured_legacy_guaranteed_issue,NE,55,female,0,5000,standard_nt,41.85,48,0,0,royal,Ensured Legacy - Guaranteed Issue,2026-08-15,2026-08-15
logo,guaranteed_issue,NE,55,female,0,5000,standard_nt,49.34,49,0,0,logo,Guaranteed Issue,2026-08-15,2026-08-15
cigna,primary_plan,NE,55,male,0,5000,standard_nt,19.18,1,1,0,cigna,PRIMARY PLAN,2026-08-15,2026-08-15
moo,living_promise_level,NE,55,male,0,5000,standard_nt,19.57,2,0,1,United of Omaha,Living Promise Level,2026-08-15,2026-08-15
transamerica,immediate_solution_preferred,NE,55,male,0,5000,standard_nt,19.66,3,0,1,Transamerica Life Insurance Co.,Immediate Solution - Preferred,2026-08-15,2026-08-15
americo,eagle_select_1,NE,55,male,0,5000,standard_nt,19.87,4,0,1,Americo,Eagle Select 1,2026-08-15,2026-08-15
royal,simplified_issue_plan,NE,55,male,0,5000,standard_nt,20.08,5,0,0,royal,Simplified Issue Plan,2026-08-15,2026-08-15
foresters,planright_preferred,NE,55,male,0,5000,standard_nt,21.2,6,0,0,foresters,PlanRight/Preferred,2026-08-15,2026-08-15
corebridge,simplinow_level,NE,55,male,0,5000,standard_nt,21.21,7,0,1,Corebridge Financial,SimpliNow Level,2026-08-15,2026-08-15
amam,senior_choice_immediate,NE,55,male,0,5000,standard_nt,21.34,8,0,1,American Amicable,Senior Choice Immediate,2026-08-15,2026-08-15
logo,preferred,NE,55,male,0,5000,standard_nt,21.35,9,0,0,logo,Preferred,2026-08-15,2026-08-15
logo,superior_choice,NE,55,male,0,5000,standard_nt,21.51,10,0,0,logo,Superior Choice,2026-08-15,2026-08-15
lbl,simpl_preferred,NE,55,male,0,5000,standard_nt,21.6,11,0,0,lbl,SIMPL Preferred,2026-08-15,2026-08-15
amam,golden_solution_immediate,NE,55,male,0,5000,standard_nt,21.97,12,0,1,American Amicable,Golden Solution Immediate,2026-08-15,2026-08-15
transamerica,immediate_solution_standard,NE,55,male,0,5000,standard_nt,22.97,13,0,1,Transamerica Life Insurance Co.,Immediate Solution - Standard,2026-08-15,2026-08-15
moo,living_promise_graded,NE,55,male,0,5000,standard_nt,23.21,14,0,1,United of Omaha,Living Promise Graded,2026-08-15,2026-08-15
logo,standard,NE,55,male,0,5000,standard_nt,23.54,15,0,0,logo,Standard,2026-08-15,2026-08-15
aetna,preferred,NE,55,male,0,5000,standard_nt,23.8,16,0,1,Aetna,Preferred,2026-08-15,2026-08-15
americo,eagle_select_2,NE,55,male,0,5000,standard_nt,24.79,17,0,1,Americo,Eagle Select 2,2026-08-15,2026-08-15
royal,ensured_legacy_standard,NE,55,male,0,5000,standard_nt,25.07,18,0,0,royal,Ensured Legacy/Standard,2026-08-15,2026-08-15
amam,senior_choice_graded,NE,55,male,0,5000,standard_nt,25.64,19,0,1,American Amicable,Senior Choice Graded,2026-08-15,2026-08-15
aetna,standard,NE,55,male,0,5000,standard_nt,25.99,20,0,1,Aetna,Standard,2026-08-15,2026-08-15
amam,platinum_solution_immediate,NE,55,male,0,5000,standard_nt,26.47,21,0,1,American Amicable,Platinum Solution Immediate,2026-08-15,2026-08-15
corebridge,simplinow_graded,NE,55,male,0,5000,standard_nt,26.5,22,0,1,Corebridge Financial,SimpliNow Graded,2026-08-15,2026-08-15
aflac,standard,NE,55,male,0,5000,standard_nt,27.07,23,0,0,Aflac,Standard,2026-08-15,2026-08-15
lbl,simpl_standard,NE,55,male,0,5000,standard_nt,27.45,24,0,0,lbl,SIMPL Standard,2026-08-15,2026-08-15
amam,golden_solution_graded,NE,55,male,0,5000,standard_nt,27.65,25,0,1,American Amicable,Golden Solution Graded,2026-08-15,2026-08-15
logo,superior_choice_gi,NE,55,male,0,5000,standard_nt,28.25,26,0,0,logo,Superior Choice - GI,2026-08-15,2026-08-15
americo,eagle_select_3,NE,55,male,0,5000,standard_nt,28.36,27,0,1,Americo,Eagle Select 3,2026-08-15,2026-08-15
amam,senior_choice_rop,NE,55,male,0,5000,standard_nt,28.64,28,0,1,American Amicable,Senior Choice ROP,2026-08-15,2026-08-15
royal,graded_benefit_life,NE,55,male,0,5000,standard_nt,28.88,29,0,0,royal,Graded Benefit Life,2026-08-15,2026-08-15
gerber,gerber_guaranteed_life,NE,55,male,0,5000,standard_nt,29.43,30,0,0,gerber,Gerber Guaranteed Life,2026-08-15,2026-08-15
amam,golden_solution_rop,NE,55,male,0,5000,standard_nt,30.11,31,0,1,American Amicable,Golden Solution ROP,2026-08-15,2026-08-15
lbl,mwl,NE,55,male,0,5000,standard_nt,30.13,32,0,0,lbl,MWL,2026-08-15,2026-08-15
aetna,primary_plan_rop,NE,55,male,0,5000,standard_nt,30.98,33,0,1,Aetna,PRIMARY PLAN ROP,2026-08-15,2026-08-15
cigna,primary_plan_rop,NE,55,male,0,5000,standard_nt,31.12,34,0,0,cigna,PRIMARY PLAN ROP,2026-08-15,2026-08-15
foresters,planright_standard,NE,55,male,0,5000,standard_nt,31.16,35,0,0,foresters,PlanRight/Standard,2026-08-15,2026-08-15
logo,graded,NE,55,male,0,5000,standard_nt,31.23,36,0,0,logo,Graded,2026-08-15,2026-08-15
foresters,planright_rop,NE,55,male,0,5000,standard_nt,31.5,37,0,0,foresters,PlanRight ROP,2026-08-15,2026-08-15
amam,platinum_solution_graded,NE,55,male,0,5000,standard_nt,32.03,38,0,1,American Amicable,Platinum Solution Graded,2026-08-15,2026-08-15
gtl,heritage_plan,NE,55,male,0,5000,standard_nt,32.42,39,0,0,gtl,Heritage Plan,2026-08-15,2026-08-15
royal,ensured_legacy_graded,NE,55,male,0,5000,standard_nt,33.93,40,0,0,royal,Ensured Legacy - Graded,2026-08-15,2026-08-15
corebridge,giwl_up_to_19_999,NE,55,male,0,5000,standard_nt,34.36,41,0,1,Corebridge Financial,GIWL up to $19;999,2026-08-15,2026-08-15
amam,platinum_solution_rop,NE,55,male,0,5000,standard_nt,34.5,42,0,1,American Amicable,Platinum Solution ROP,2026-08-15,2026-08-15
logo,express_issue_graded,NE,55,male,0,5000,standard_nt,36.84,43,0,0,logo,Express Issue Graded,2026-08-15,2026-08-15
aflac,primary_plan_rop,NE,55,male,0,5000,standard_nt,38.6,44,0,0,Aflac,Primary Plan ROP,2026-08-15,2026-08-15
transamerica,express_select,NE,55,male,0,5000,standard_nt,40.07,45,0,1,Transamerica Life Insurance Co.,Express Select,2026-08-15,2026-08-15
transamerica,express_graded,NE,55,male,0,5000,standard_nt,42.29,46,0,1,Transamerica Life Insurance Co.,Express Graded,2026-08-15,2026-08-15
transamerica,easy_solution,NE,55,male,0,5000,standard_nt,47.52,47,0,1,Transamerica Life Insurance Co.,Easy Solution,2026-08-15,2026-08-15
royal,ensured_legacy_guaranteed_issue,NE,55,male,0,5000,standard_nt,53.59,48,0,0,royal,Ensured Legacy - Guaranteed Issue,2026-08-15,2026-08-15
logo,guaranteed_issue,NE,55,male,0,5000,standard_nt,53.73,49,0,0,logo,Guaranteed Issue,2026-08-15,2026-08-15
cigna,primary_plan,NE,60,female,0,5000,standard_nt,17.82,1,1,0,cigna,PRIMARY PLAN,2026-08-15,2026-08-15
moo,living_promise_level,NE,60,female,0,5000,standard_nt,18.03,2,0,1,United of Omaha,Living Promise Level,2026-08-15,2026-08-15
transamerica,immediate_solution_preferred,NE,60,female,0,5000,standard_nt,18.14,3,0,1,Transamerica Life Insurance Co.,Immediate Solution - Preferred,2026-08-15,2026-08-15
americo,eagle_select_1,NE,60,female,0,5000,standard_nt,19.32,4,0,1,Americo,Eagle Select 1,2026-08-15,2026-08-15
aflac,preferred,NE,60,female,0,5000,standard_nt,19.42,5,0,0,Aflac,Preferred,2026-08-15,2026-08-15
corebridge,simplinow_level,NE,60,female,0,5000,standard_nt,19.51,6,0,1,Corebridge Financial,SimpliNow Level,2026-08-15,2026-08-15
royal,simplified_issue_plan,NE,60,female,0,5000,standard_nt,19.62,7,0,0,royal,Simplified Issue Plan,2026-08-15,2026-08-15
foresters,planright_preferred,NE,60,female,0,5000,standard_nt,20.19,8,0,0,foresters,PlanRight/Preferred,2026-08-15,2026-08-15
amam,senior_choice_immediate,NE,60,female,0,5000,standard_nt,20.45,9,0,1,American Amicable,Senior Choice Immediate,2026-08-15,2026-08-15
lbl,simpl_preferred,NE,60,female,0,5000,standard_nt,20.48,10,0,0,lbl,SIMPL Preferred,2026-08-15,2026-08-15
amam,golden_solution_immediate,NE,60,female,0,5000,standard_nt,20.62,11,0,1,American Amicable,Golden Solution Immediate,2026-08-15,2026-08-15
royal,ensured_legacy_standard,NE,60,female,0,5000,standard_nt,21.37,12,0,0,royal,Ensured Legacy/Standard,2026-08-15,2026-08-15
transamerica,immediate_solution_standard,NE,60,female,0,5000,standard_nt,21.49,13,0,1,Transamerica Life Insurance Co.,Immediate Solution - Standard,2026-08-15,2026-08-15
moo,living_promise_graded,NE,60,female,0,5000,standard_nt,21.79,14,0,1,United of Omaha,Living Promise Graded,2026-08-15,2026-08-15
logo,preferred,NE,60,female,0,5000,standard_nt,21.95,15,0,0,logo,Preferred,2026-08-15,2026-08-15
aetna,preferred,NE,60,female,0,5000,standard_nt,22.01,16,0,1,Aetna,Preferred,2026-08-15,2026-08-15
amam,golden_solution_graded,NE,60,female,0,5000,standard_nt,23.23,17,0,1,American Amicable,Golden Solution Graded,2026-08-15,2026-08-15
logo,standard,NE,60,female,0,5000,standard_nt,23.28,18,0,0,logo,Standard,2026-08-15,2026-08-15
americo,eagle_select_2,NE,60,female,0,5000,standard_nt,23.75,19,0,1,Americo,Eagle Select 2,2026-08-15,2026-08-15
aflac,standard,NE,60,female,0,5000,standard_nt,24.08,20,0,0,Aflac,Standard,2026-08-15,2026-08-15
amam,senior_choice_graded,NE,60,female,0,5000,standard_nt,24.28,21,0,1,American Amicable,Senior Choice Graded,2026-08-15,2026-08-15
logo,superior_choice,NE,60,female,0,5000,standard_nt,24.57,22,0,0,logo,Superior Choice,2026-08-15,2026-08-15
lbl,simpl_standard,NE,60,female,0,5000,standard_nt,24.96,23,0,0,lbl,SIMPL Standard,2026-08-15,2026-08-15
corebridge,simplinow_graded,NE,60,female,0,5000,standard_nt,25.17,24,0,1,Corebridge Financial,SimpliNow Graded,2026-08-15,2026-08-15
amam,platinum_solution_immediate,NE,60,female,0,5000,standard_nt,25.22,25,0,1,American Amicable,Platinum Solution Immediate,2026-08-15,2026-08-15
gerber,gerber_guaranteed_life,NE,60,female,0,5000,standard_nt,25.99,26,0,0,gerber,Gerber Guaranteed Life,2026-08-15,2026-08-15
logo,graded,NE,60,female,0,5000,standard_nt,26.75,27,0,0,logo,Graded,2026-08-15,2026-08-15
foresters,planright_standard,NE,60,female,0,5000,standard_nt,26.96,28,0,0,foresters,PlanRight/Standard,2026-08-15,2026-08-15
aetna,standard,NE,60,female,0,5000,standard_nt,27.3,29,0,1,Aetna,Standard,2026-08-15,2026-08-15
amam,platinum_solution_graded,NE,60,female,0,5000,standard_nt,27.49,30,0,1,American Amicable,Platinum Solution Graded,2026-08-15,2026-08-15
royal,ensured_legacy_graded,NE,60,female,0,5000,standard_nt,27.71,31,0,0,royal,Ensured Legacy - Graded,2026-08-15,2026-08-15
foresters,planright_rop,NE,60,female,0,5000,standard_nt,27.72,32,0,0,foresters,PlanRight ROP,2026-08-15,2026-08-15
amam,golden_solution_rop,NE,60,female,0,5000,standard_nt,27.82,33,0,1,American Amicable,Golden Solution ROP,2026-08-15,2026-08-15
cigna,primary_plan_rop,NE,60,female,0,5000,standard_nt,28.35,34,0,0,cigna,PRIMARY PLAN ROP,2026-08-15,2026-08-15
americo,eagle_select_3,NE,60,female,0,5000,standard_nt,28.4,35,0,1,Americo,Eagle Select 3,2026-08-15,2026-08-15
lbl,mwl,NE,60,female,0,5000,standard_nt,28.65,36,0,0,lbl,MWL,2026-08-15,2026-08-15
gtl,heritage_plan,NE,60,female,0,5000,standard_nt,29.5,37,0,0,gtl,Heritage Plan,2026-08-15,2026-08-15
royal,graded_benefit_life,NE,60,female,0,5000,standard_nt,29.61,38,0,0,royal,Graded Benefit Life,2026-08-15,2026-08-15
amam,senior_choice_rop,NE,60,female,0,5000,standard_nt,29.87,39,0,1,American Amicable,Senior Choice ROP,2026-08-15,2026-08-15
corebridge,giwl_up_to_19_999,NE,60,female,0,5000,standard_nt,30.3,40,0,1,Corebridge Financial,GIWL up to $19;999,2026-08-15,2026-08-15
aflac,primary_plan_rop,NE,60,female,0,5000,standard_nt,30.59,41,0,0,Aflac,Primary Plan ROP,2026-08-15,2026-08-15
aetna,primary_plan_rop,NE,60,female,0,5000,standard_nt,31.68,42,0,1,Aetna,PRIMARY PLAN ROP,2026-08-15,2026-08-15
amam,platinum_solution_rop,NE,60,female,0,5000,standard_nt,32.05,43,0,1,American Amicable,Platinum Solution ROP,2026-08-15,2026-08-15
transamerica,express_select,NE,60,female,0,5000,standard_nt,35.59,44,0,1,Transamerica Life Insurance Co.,Express Select,2026-08-15,2026-08-15
logo,superior_choice_gi,NE,60,female,0,5000,standard_nt,38.07,45,0,0,logo,Superior Choice - GI,2026-08-15,2026-08-15
logo,express_issue_graded,NE,60,female,0,5000,standard_nt,40.19,46,0,0,logo,Express Issue Graded,2026-08-15,2026-08-15
transamerica,express_graded,NE,60,female,0,5000,standard_nt,41.01,47,0,1,Transamerica Life Insurance Co.,Express Graded,2026-08-15,2026-08-15
transamerica,easy_solution,NE,60,female,0,5000,standard_nt,43.36,48,0,1,Transamerica Life Insurance Co.,Easy Solution,2026-08-15,2026-08-15
royal,ensured_legacy_guaranteed_issue,NE,60,female,0,5000,standard_nt,52.72,49,0,0,royal,Ensured Legacy - Guaranteed Issue,2026-08-15,2026-08-15
logo,guaranteed_issue,NE,60,female,0,5000,standard_nt,52.79,50,0,0,logo,Guaranteed Issue,2026-08-15,2026-08-15
americo,eagle_select_1,NE,60,male,0,5000,standard_nt,23.46,1,1,1,Americo,Eagle Select 1,2026-08-15,2026-08-15
moo,living_promise_level,NE,60,male,0,5000,standard_nt,23.48,2,0,1,United of Omaha,Living Promise Level,2026-08-15,2026-08-15
transamerica,immediate_solution_preferred,NE,60,male,0,5000,standard_nt,23.53,3,0,1,Transamerica Life Insurance Co.,Immediate Solution - Preferred,2026-08-15,2026-08-15
cigna,primary_plan,NE,60,male,0,5000,standard_nt,23.98,4,0,0,cigna,PRIMARY PLAN,2026-08-15,2026-08-15
aflac,preferred,NE,60,male,0,5000,standard_nt,24.68,5,0,0,Aflac,Preferred,2026-08-15,2026-08-15
amam,senior_choice_immediate,NE,60,male,0,5000,standard_nt,24.85,6,0,1,American Amicable,Senior Choice Immediate,2026-08-15,2026-08-15
foresters,planright_preferred,NE,60,male,0,5000,standard_nt,25.1,7,0,0,foresters,PlanRight/Preferred,2026-08-15,2026-08-15
royal,simplified_issue_plan,NE,60,male,0,5000,standard_nt,25.24,8,0,0,royal,Simplified Issue Plan,2026-08-15,2026-08-15
corebridge,simplinow_level,NE,60,male,0,5000,standard_nt,25.51,9,0,1,Corebridge Financial,SimpliNow Level,2026-08-15,2026-08-15
amam,golden_solution_immediate,NE,60,male,0,5000,standard_nt,25.6,10,0,1,American Amicable,Golden Solution Immediate,2026-08-15,2026-08-15
lbl,simpl_preferred,NE,60,male,0,5000,standard_nt,25.62,11,0,0,lbl,SIMPL Preferred,2026-08-15,2026-08-15
logo,preferred,NE,60,male,0,5000,standard_nt,26.51,12,0,0,logo,Preferred,2026-08-15,2026-08-15
aetna,preferred,NE,60,male,0,5000,standard_nt,27.3,13,0,1,Aetna,Preferred,2026-08-15,2026-08-15
transamerica,immediate_solution_standard,NE,60,male,0,5000,standard_nt,27.33,14,0,1,Transamerica Life Insurance Co.,Immediate Solution - Standard,2026-08-15,2026-08-15
logo,superior_choice,NE,60,male,0,5000,standard_nt,27.61,15,0,0,logo,Superior Choice,2026-08-15,2026-08-15
royal,ensured_legacy_standard,NE,60,male,0,5000,standard_nt,27.73,16,0,0,royal,Ensured Legacy/Standard,2026-08-15,2026-08-15
logo,standard,NE,60,male,0,5000,standard_nt,28.37,17,0,0,logo,Standard,2026-08-15,2026-08-15
moo,living_promise_graded,NE,60,male,0,5000,standard_nt,28.97,18,0,1,United of Omaha,Living Promise Graded,2026-08-15,2026-08-15
americo,eagle_select_2,NE,60,male,0,5000,standard_nt,29.46,19,0,1,Americo,Eagle Select 2,2026-08-15,2026-08-15
amam,platinum_solution_immediate,NE,60,male,0,5000,standard_nt,30.12,20,0,1,American Amicable,Platinum Solution Immediate,2026-08-15,2026-08-15
corebridge,simplinow_graded,NE,60,male,0,5000,standard_nt,30.44,21,0,1,Corebridge Financial,SimpliNow Graded,2026-08-15,2026-08-15
amam,senior_choice_graded,NE,60,male,0,5000,standard_nt,30.76,22,0,1,American Amicable,Senior Choice Graded,2026-08-15,2026-08-15
aflac,standard,NE,60,male,0,5000,standard_nt,31.68,23,0,0,Aflac,Standard,2026-08-15,2026-08-15
gerber,gerber_guaranteed_life,NE,60,male,0,5000,standard_nt,32.41,24,0,0,gerber,Gerber Guaranteed Life,2026-08-15,2026-08-15
aetna,standard,NE,60,male,0,5000,standard_nt,32.59,25,0,1,Aetna,Standard,2026-08-15,2026-08-15
amam,golden_solution_graded,NE,60,male,0,5000,standard_nt,33.22,26,0,1,American Amicable,Golden Solution Graded,2026-08-15,2026-08-15
lbl,simpl_standard,NE,60,male,0,5000,standard_nt,33.29,27,0,0,lbl,SIMPL Standard,2026-08-15,2026-08-15
royal,ensured_legacy_graded,NE,60,male,0,5000,standard_nt,35.45,28,0,0,royal,Ensured Legacy - Graded,2026-08-15,2026-08-15
amam,senior_choice_rop,NE,60,male,0,5000,standard_nt,35.48,29,0,1,American Amicable,Senior Choice ROP,2026-08-15,2026-08-15
logo,graded,NE,60,male,0,5000,standard_nt,35.52,30,0,0,logo,Graded,2026-08-15,2026-08-15
lbl,mwl,NE,60,male,0,5000,standard_nt,36.37,31,0,0,lbl,MWL,2026-08-15,2026-08-15
royal,graded_benefit_life,NE,60,male,0,5000,standard_nt,36.47,32,0,0,royal,Graded Benefit Life,2026-08-15,2026-08-15
gtl,heritage_plan,NE,60,male,0,5000,standard_nt,37.0,33,0,0,gtl,Heritage Plan,2026-08-15,2026-08-15
amam,golden_solution_rop,NE,60,male,0,5000,standard_nt,37.34,34,0,1,American Amicable,Golden Solution ROP,2026-08-15,2026-08-15
amam,platinum_solution_graded,NE,60,male,0,5000,standard_nt,37.6,35,0,1,American Amicable,Platinum Solution Graded,2026-08-15,2026-08-15
corebridge,giwl_up_to_19_999,NE,60,male,0,5000,standard_nt,38.05,36,0,1,Corebridge Financial,GIWL up to $19;999,2026-08-15,2026-08-15
foresters,planright_standard,NE,60,male,0,5000,standard_nt,38.48,37,0,0,foresters,PlanRight/Standard,2026-08-15,2026-08-15
foresters,planright_rop,NE,60,male,0,5000,standard_nt,38.59,38,0,0,foresters,PlanRight ROP,2026-08-15,2026-08-15
aflac,primary_plan_rop,NE,60,male,0,5000,standard_nt,39.09,39,0,0,Aflac,Primary Plan ROP,2026-08-15,2026-08-15
cigna,primary_plan_rop,NE,60,male,0,5000,standard_nt,39.37,40,0,0,cigna,PRIMARY PLAN ROP,2026-08-15,2026-08-15
americo,eagle_select_3,NE,60,male,0,5000,standard_nt,39.65,41,0,1,Americo,Eagle Select 3,2026-08-15,2026-08-15
logo,superior_choice_gi,NE,60,male,0,5000,standard_nt,40.43,42,0,0,logo,Superior Choice - GI,2026-08-15,2026-08-15
aetna,primary_plan_rop,NE,60,male,0,5000,standard_nt,40.99,43,0,1,Aetna,PRIMARY PLAN ROP,2026-08-15,2026-08-15
amam,platinum_solution_rop,NE,60,male,0,5000,standard_nt,41.71,44,0,1,American Amicable,Platinum Solution ROP,2026-08-15,2026-08-15
transamerica,express_select,NE,60,male,0,5000,standard_nt,42.56,45,0,1,Transamerica Life Insurance Co.,Express Select,2026-08-15,2026-08-15
logo,express_issue_graded,NE,60,male,0,5000,standard_nt,44.55,46,0,0,logo,Express Issue Graded,2026-08-15,2026-08-15
transamerica,express_graded,NE,60,male,0,5000,standard_nt,47.68,47,0,1,Transamerica Life Insurance Co.,Express Graded,2026-08-15,2026-08-15
transamerica,easy_solution,NE,60,male,0,5000,standard_nt,55.25,48,0,1,Transamerica Life Insurance Co.,Easy Solution,2026-08-15,2026-08-15
logo,guaranteed_issue,NE,60,male,0,5000,standard_nt,59.5,49,0,0,logo,Guaranteed Issue,2026-08-15,2026-08-15
royal,ensured_legacy_guaranteed_issue,NE,60,male,0,5000,standard_nt,65.25,50,0,0,royal,Ensured Legacy - Guaranteed Issue,2026-08-15,2026-08-15
moo,living_promise_level,NE,65,female,0,5000,standard_nt,22.1,1,1,1,United of Omaha,Living Promise Level,2026-08-15,2026-08-15
transamerica,immediate_solution_preferred,NE,65,female,0,5000,standard_nt,22.17,2,0,1,Transamerica Life Insurance Co.,Immediate Solution - Preferred,2026-08-15,2026-08-15
americo,eagle_select_1,NE,65,female,0,5000,standard_nt,22.71,3,0,1,Americo,Eagle Select 1,2026-08-15,2026-08-15
cigna,primary_plan,NE,65,female,0,5000,standard_nt,23.1,4,0,0,cigna,PRIMARY PLAN,2026-08-15,2026-08-15
foresters,planright_preferred,NE,65,female,0,5000,standard_nt,23.27,5,0,0,foresters,PlanRight/Preferred,2026-08-15,2026-08-15
corebridge,simplinow_level,NE,65,female,0,5000,standard_nt,23.99,6,0,1,Corebridge Financial,SimpliNow Level,2026-08-15,2026-08-15
aflac,preferred,NE,65,female,0,5000,standard_nt,24.09,7,0,0,Aflac,Preferred,2026-08-15,2026-08-15
royal,simplified_issue_plan,NE,65,female,0,5000,standard_nt,24.52,8,0,0,royal,Simplified Issue Plan,2026-08-15,2026-08-15
lbl,simpl_preferred,NE,65,female,0,5000,standard_nt,24.78,9,0,0,lbl,SIMPL Preferred,2026-08-15,2026-08-15
amam,senior_choice_immediate,NE,65,female,0,5000,standard_nt,24.85,10,0,1,American Amicable,Senior Choice Immediate,2026-08-15,2026-08-15
amam,golden_solution_immediate,NE,65,female,0,5000,standard_nt,25.06,11,0,1,American Amicable,Golden Solution Immediate,2026-08-15,2026-08-15
moo,living_promise_graded,NE,65,female,0,5000,standard_nt,25.5,12,0,1,United of Omaha,Living Promise Graded,2026-08-15,2026-08-15
aetna,preferred,NE,65,female,0,5000,standard_nt,25.55,13,0,1,Aetna,Preferred,2026-08-15,2026-08-15
royal,ensured_legacy_standard,NE,65,female,0,5000,standard_nt,25.81,14,0,0,royal,Ensured Legacy/Standard,2026-08-15,2026-08-15
transamerica,immediate_solution_standard,NE,65,female,0,5000,standard_nt,26.45,15,0,1,Transamerica Life Insurance Co.,Immediate Solution - Standard,2026-08-15,2026-08-15
logo,preferred,NE,65,female,0,5000,standard_nt,27.05,16,0,0,logo,Preferred,2026-08-15,2026-08-15
logo,standard,NE,65,female,0,5000,standard_nt,28.55,17,0,0,logo,Standard,2026-08-15,2026-08-15
americo,eagle_select_2,NE,65,female,0,5000,standard_nt,28.8,18,0,1,Americo,Eagle Select 2,2026-08-15,2026-08-15
amam,golden_solution_graded,NE,65,female,0,5000,standard_nt,29.37,19,0,1,American Amicable,Golden Solution Graded,2026-08-15,2026-08-15
corebridge,simplinow_graded,NE,65,female,0,5000,standard_nt,29.6,20,0,1,Corebridge Financial,SimpliNow Graded,2026-08-15,2026-08-15
amam,platinum_solution_immediate,NE,65,female,0,5000,standard_nt,29.7,21,0,1,American Amicable,Platinum Solution Immediate,2026-08-15,2026-08-15
amam,senior_choice_graded,NE,65,female,0,5000,standard_nt,30.74,22,0,1,American Amicable,Senior Choice Graded,2026-08-15,2026-08-15
aflac,standard,NE,65,female,0,5000,standard_nt,30.77,23,0,0,Aflac,Standard,2026-08-15,2026-08-15
logo,superior_choice,NE,65,female,0,5000,standard_nt,31.22,24,0,0,logo,Superior Choice,2026-08-15,2026-08-15
lbl,simpl_standard,NE,65,female,0,5000,standard_nt,31.51,25,0,0,lbl,SIMPL Standard,2026-08-15,2026-08-15
gerber,gerber_guaranteed_life,NE,65,female,0,5000,standard_nt,31.77,26,0,0,gerber,Gerber Guaranteed Life,2026-08-15,2026-08-15
logo,graded,NE,65,female,0,5000,standard_nt,32.29,27,0,0,logo,Graded,2026-08-15,2026-08-15
aetna,standard,NE,65,female,0,5000,standard_nt,32.59,28,0,1,Aetna,Standard,2026-08-15,2026-08-15
amam,platinum_solution_graded,NE,65,female,0,5000,standard_nt,33.59,29,0,1,American Amicable,Platinum Solution Graded,2026-08-15,2026-08-15
foresters,planright_standard,NE,65,female,0,5000,standard_nt,33.83,30,0,0,foresters,PlanRight/Standard,2026-08-15,2026-08-15
royal,ensured_legacy_graded,NE,65,female,0,5000,standard_nt,34.32,31,0,0,royal,Ensured Legacy - Graded,2026-08-15,2026-08-15
foresters,planright_rop,NE,65,female,0,5000,standard_nt,34.33,32,0,0,foresters,PlanRight ROP,2026-08-15,2026-08-15
lbl,mwl,NE,65,female,0,5000,standard_nt,34.58,33,0,0,lbl,MWL,2026-08-15,2026-08-15
gtl,heritage_plan,NE,65,female,0,5000,standard_nt,34.92,34,0,0,gtl,Heritage Plan,2026-08-15,2026-08-15
aetna,primary_plan_rop,NE,65,female,0,5000,standard_nt,35.74,35,0,1,Aetna,PRIMARY PLAN ROP,2026-08-15,2026-08-15
cigna,primary_plan_rop,NE,65,female,0,5000,standard_nt,36.26,36,0,0,cigna,PRIMARY PLAN ROP,2026-08-15,2026-08-15
americo,eagle_select_3,NE,65,female,0,5000,standard_nt,36.58,37,0,1,Americo,Eagle Select 3,2026-08-15,2026-08-15
amam,golden_solution_rop,NE,65,female,0,5000,standard_nt,36.6,38,0,1,American Amicable,Golden Solution ROP,2026-08-15,2026-08-15
corebridge,giwl_up_to_19_999,NE,65,female,0,5000,standard_nt,37.11,39,0,1,Corebridge Financial,GIWL up to $19;999,2026-08-15,2026-08-15
royal,graded_benefit_life,NE,65,female,0,5000,standard_nt,37.32,40,0,0,royal,Graded Benefit Life,2026-08-15,2026-08-15
amam,senior_choice_rop,NE,65,female,0,5000,standard_nt,39.02,41,0,1,American Amicable,Senior Choice ROP,2026-08-15,2026-08-15
aflac,primary_plan_rop,NE,65,female,0,5000,standard_nt,39.59,42,0,0,Aflac,Primary Plan ROP,2026-08-15,2026-08-15
amam,platinum_solution_rop,NE,65,female,0,5000,standard_nt,40.76,43,0,1,American Amicable,Platinum Solution ROP,2026-08-15,2026-08-15
transamerica,express_select,NE,65,female,0,5000,standard_nt,41.37,44,0,1,Transamerica Life Insurance Co.,Express Select,2026-08-15,2026-08-15
logo,express_issue_graded,NE,65,female,0,5000,standard_nt,46.85,45,0,0,logo,Express Issue Graded,2026-08-15,2026-08-15
transamerica,express_graded,NE,65,female,0,5000,standard_nt,47.33,46,0,1,Transamerica Life Insurance Co.,Express Graded,2026-08-15,2026-08-15
transamerica,easy_solution,NE,65,female,0,5000,standard_nt,52.7,47,0,1,Transamerica Life Insurance Co.,Easy Solution,2026-08-15,2026-08-15
logo,superior_choice_gi,NE,65,female,0,5000,standard_nt,53.69,48,0,0,logo,Superior Choice - GI,2026-08-15,2026-08-15
logo,guaranteed_issue,NE,65,female,0,5000,standard_nt,57.34,49,0,0,logo,Guaranteed Issue,2026-08-15,2026-08-15
royal,ensured_legacy_guaranteed_issue,NE,65,female,0,5000,standard_nt,65.25,50,0,0,royal,Ensured Legacy - Guaranteed Issue,2026-08-15,2026-08-15
transamerica,immediate_solution_preferred,NE,65,male,0,5000,standard_nt,28.76,1,1,1,Transamerica Life Insurance Co.,Immediate Solution - Preferred,2026-08-15,2026-08-15
americo,eagle_select_1,NE,65,male,0,5000,standard_nt,28.98,2,0,1,Americo,Eagle Select 1,2026-08-15,2026-08-15
moo,living_promise_level,NE,65,male,0,5000,standard_nt,29.84,3,0,1,United of Omaha,Living Promise Level,2026-08-15,2026-08-15
aflac,preferred,NE,65,male,0,5000,standard_nt,30.0,4,0,0,Aflac,Preferred,2026-08-15,2026-08-15
foresters,planright_preferred,NE,65,male,0,5000,standard_nt,30.43,5,0,0,foresters,PlanRight/Preferred,2026-08-15,2026-08-15
cigna,primary_plan,NE,65,male,0,5000,standard_nt,30.51,6,0,0,cigna,PRIMARY PLAN,2026-08-15,2026-08-15
aetna,preferred,NE,65,male,0,5000,standard_nt,30.84,7,0,1,Aetna,Preferred,2026-08-15,2026-08-15
amam,senior_choice_immediate,NE,65,male,0,5000,standard_nt,31.19,8,0,1,American Amicable,Senior Choice Immediate,2026-08-15,2026-08-15
lbl,simpl_preferred,NE,65,male,0,5000,standard_nt,31.31,9,0,0,lbl,SIMPL Preferred,2026-08-15,2026-08-15
royal,ensured_legacy_standard,NE,65,male,0,5000,standard_nt,32.13,10,0,0,royal,Ensured Legacy/Standard,2026-08-15,2026-08-15
amam,golden_solution_immediate,NE,65,male,0,5000,standard_nt,32.16,11,0,1,American Amicable,Golden Solution Immediate,2026-08-15,2026-08-15
royal,simplified_issue_plan,NE,65,male,0,5000,standard_nt,32.35,12,0,0,royal,Simplified Issue Plan,2026-08-15,2026-08-15
corebridge,simplinow_level,NE,65,male,0,5000,standard_nt,32.5,13,0,1,Corebridge Financial,SimpliNow Level,2026-08-15,2026-08-15
logo,preferred,NE,65,male,0,5000,standard_nt,32.64,14,0,0,logo,Preferred,2026-08-15,2026-08-15
moo,living_promise_graded,NE,65,male,0,5000,standard_nt,34.76,15,0,1,United of Omaha,Living Promise Graded,2026-08-15,2026-08-15
transamerica,immediate_solution_standard,NE,65,male,0,5000,standard_nt,34.98,16,0,1,Transamerica Life Insurance Co.,Immediate Solution - Standard,2026-08-15,2026-08-15
logo,standard,NE,65,male,0,5000,standard_nt,35.53,17,0,0,logo,Standard,2026-08-15,2026-08-15
logo,superior_choice,NE,65,male,0,5000,standard_nt,36.02,18,0,0,logo,Superior Choice,2026-08-15,2026-08-15
corebridge,simplinow_graded,NE,65,male,0,5000,standard_nt,36.43,19,0,1,Corebridge Financial,SimpliNow Graded,2026-08-15,2026-08-15
amam,platinum_solution_immediate,NE,65,male,0,5000,standard_nt,36.71,20,0,1,American Amicable,Platinum Solution Immediate,2026-08-15,2026-08-15
americo,eagle_select_2,NE,65,male,0,5000,standard_nt,37.1,21,0,1,Americo,Eagle Select 2,2026-08-15,2026-08-15
amam,senior_choice_graded,NE,65,male,0,5000,standard_nt,39.35,22,0,1,American Amicable,Senior Choice Graded,2026-08-15,2026-08-15
aflac,standard,NE,65,male,0,5000,standard_nt,40.0,23,0,0,Aflac,Standard,2026-08-15,2026-08-15
aetna,standard,NE,65,male,0,5000,standard_nt,41.43,24,0,1,Aetna,Standard,2026-08-15,2026-08-15
logo,graded,NE,65,male,0,5000,standard_nt,42.45,25,0,0,logo,Graded,2026-08-15,2026-08-15
amam,golden_solution_graded,NE,65,male,0,5000,standard_nt,42.56,26,0,1,American Amicable,Golden Solution Graded,2026-08-15,2026-08-15
gerber,gerber_guaranteed_life,NE,65,male,0,5000,standard_nt,43.04,27,0,0,gerber,Gerber Guaranteed Life,2026-08-15,2026-08-15
royal,ensured_legacy_graded,NE,65,male,0,5000,standard_nt,44.87,28,0,0,royal,Ensured Legacy - Graded,2026-08-15,2026-08-15
lbl,simpl_standard,NE,65,male,0,5000,standard_nt,45.27,29,0,0,lbl,SIMPL Standard,2026-08-15,2026-08-15
lbl,mwl,NE,65,male,0,5000,standard_nt,46.09,30,0,0,lbl,MWL,2026-08-15,2026-08-15
gtl,heritage_plan,NE,65,male,0,5000,standard_nt,46.16,31,0,0,gtl,Heritage Plan,2026-08-15,2026-08-15
amam,senior_choice_rop,NE,65,male,0,5000,standard_nt,46.53,32,0,1,American Amicable,Senior Choice ROP,2026-08-15,2026-08-15
amam,platinum_solution_graded,NE,65,male,0,5000,standard_nt,46.93,33,0,1,American Amicable,Platinum Solution Graded,2026-08-15,2026-08-15
foresters,planright_standard,NE,65,male,0,5000,standard_nt,47.95,34,0,0,foresters,PlanRight/Standard,2026-08-15,2026-08-15
royal,graded_benefit_life,NE,65,male,0,5000,standard_nt,48.19,35,0,0,royal,Graded Benefit Life,2026-08-15,2026-08-15
foresters,planright_rop,NE,65,male,0,5000,standard_nt,48.98,36,0,0,foresters,PlanRight ROP,2026-08-15,2026-08-15
amam,golden_solution_rop,NE,65,male,0,5000,standard_nt,49.46,37,0,1,American Amicable,Golden Solution ROP,2026-08-15,2026-08-15
cigna,primary_plan_rop,NE,65,male,0,5000,standard_nt,49.54,38,0,0,cigna,PRIMARY PLAN ROP,2026-08-15,2026-08-15
corebridge,giwl_up_to_19_999,NE,65,male,0,5000,standard_nt,50.41,39,0,1,Corebridge Financial,GIWL up to $19;999,2026-08-15,2026-08-15
aflac,primary_plan_rop,NE,65,male,0,5000,standard_nt,50.59,40,0,0,Aflac,Primary Plan ROP,2026-08-15,2026-08-15
transamerica,express_select,NE,65,male,0,5000,standard_nt,50.93,41,0,1,Transamerica Life Insurance Co.,Express Select,2026-08-15,2026-08-15
aetna,primary_plan_rop,NE,65,male,0,5000,standard_nt,52.98,42,0,1,Aetna,PRIMARY PLAN ROP,2026-08-15,2026-08-15
amam,platinum_solution_rop,NE,65,male,0,5000,standard_nt,53.82,43,0,1,American Amicable,Platinum Solution ROP,2026-08-15,2026-08-15
americo,eagle_select_3,NE,65,male,0,5000,standard_nt,53.84,44,0,1,Americo,Eagle Select 3,2026-08-15,2026-08-15
logo,express_issue_graded,NE,65,male,0,5000,standard_nt,55.7,45,0,0,logo,Express Issue Graded,2026-08-15,2026-08-15
transamerica,express_graded,NE,65,male,0,5000,standard_nt,56.77,46,0,1,Transamerica Life Insurance Co.,Express Graded,2026-08-15,2026-08-15
logo,superior_choice_gi,NE,65,male,0,5000,standard_nt,57.88,47,0,0,logo,Superior Choice - GI,2026-08-15,2026-08-15
logo,guaranteed_issue,NE,65,male,0,5000,standard_nt,67.12,48,0,0,logo,Guaranteed Issue,2026-08-15,2026-08-15
transamerica,easy_solution,NE,65,male,0,5000,standard_nt,70.03,49,0,1,Transamerica Life Insurance Co.,Easy Solution,2026-08-15,2026-08-15
royal,ensured_legacy_guaranteed_issue,NE,65,male,0,5000,standard_nt,81.95,50,0,0,royal,Ensured Legacy - Guaranteed Issue,2026-08-15,2026-08-15
transamerica,immediate_solution_preferred,NE,70,female,0,5000,standard_nt,28.22,1,1,1,Transamerica Life Insurance Co.,Immediate Solution - Preferred,2026-08-15,2026-08-15
moo,living_promise_level,NE,70,female,0,5000,standard_nt,28.22,2,0,1,United of Omaha,Living Promise Level,2026-08-15,2026-08-15
americo,eagle_select_1,NE,70,female,0,5000,standard_nt,28.47,3,0,1,Americo,Eagle Select 1,2026-08-15,2026-08-15
foresters,planright_preferred,NE,70,female,0,5000,standard_nt,28.89,4,0,0,foresters,PlanRight/Preferred,2026-08-15,2026-08-15
aflac,preferred,NE,70,female,0,5000,standard_nt,30.09,5,0,0,Aflac,Preferred,2026-08-15,2026-08-15
cigna,primary_plan,NE,70,female,0,5000,standard_nt,30.48,6,0,0,cigna,PRIMARY PLAN,2026-08-15,2026-08-15
corebridge,simplinow_level,NE,70,female,0,5000,standard_nt,30.72,7,0,1,Corebridge Financial,SimpliNow Level,2026-08-15,2026-08-15
aetna,preferred,NE,70,female,0,5000,standard_nt,30.84,8,0,1,Aetna,Preferred,2026-08-15,2026-08-15
lbl,simpl_preferred,NE,70,female,0,5000,standard_nt,31.11,9,0,0,lbl,SIMPL Preferred,2026-08-15,2026-08-15
amam,senior_choice_immediate,NE,70,female,0,5000,standard_nt,31.51,10,0,1,American Amicable,Senior Choice Immediate,2026-08-15,2026-08-15
amam,golden_solution_immediate,NE,70,female,0,5000,standard_nt,31.79,11,0,1,American Amicable,Golden Solution Immediate,2026-08-15,2026-08-15
royal,ensured_legacy_standard,NE,70,female,0,5000,standard_nt,32.46,12,0,0,royal,Ensured Legacy/Standard,2026-08-15,2026-08-15
moo,living_promise_graded,NE,70,female,0,5000,standard_nt,32.47,13,0,1,United of Omaha,Living Promise Graded,2026-08-15,2026-08-15
royal,simplified_issue_plan,NE,70,female,0,5000,standard_nt,32.68,14,0,0,royal,Simplified Issue Plan,2026-08-15,2026-08-15
logo,preferred,NE,70,female,0,5000,standard_nt,33.93,15,0,0,logo,Preferred,2026-08-15,2026-08-15
amam,platinum_solution_immediate,NE,70,female,0,5000,standard_nt,36.5,16,0,1,American Amicable,Platinum Solution Immediate,2026-08-15,2026-08-15
transamerica,immediate_solution_standard,NE,70,female,0,5000,standard_nt,36.6,17,0,1,Transamerica Life Insurance Co.,Immediate Solution - Standard,2026-08-15,2026-08-15
americo,eagle_select_2,NE,70,female,0,5000,standard_nt,36.74,18,0,1,Americo,Eagle Select 2,2026-08-15,2026-08-15
logo,standard,NE,70,female,0,5000,standard_nt,37.49,19,0,0,logo,Standard,2026-08-15,2026-08-15
gerber,gerber_guaranteed_life,NE,70,female,0,5000,standard_nt,38.23,20,0,0,gerber,Gerber Guaranteed Life,2026-08-15,2026-08-15
corebridge,simplinow_graded,NE,70,female,0,5000,standard_nt,38.26,21,0,1,Corebridge Financial,SimpliNow Graded,2026-08-15,2026-08-15
amam,golden_solution_graded,NE,70,female,0,5000,standard_nt,38.77,22,0,1,American Amicable,Golden Solution Graded,2026-08-15,2026-08-15
aflac,standard,NE,70,female,0,5000,standard_nt,40.08,23,0,0,Aflac,Standard,2026-08-15,2026-08-15
aetna,standard,NE,70,female,0,5000,standard_nt,40.12,24,0,1,Aetna,Standard,2026-08-15,2026-08-15
lbl,simpl_standard,NE,70,female,0,5000,standard_nt,40.38,25,0,0,lbl,SIMPL Standard,2026-08-15,2026-08-15
amam,senior_choice_graded,NE,70,female,0,5000,standard_nt,40.61,26,0,1,American Amicable,Senior Choice Graded,2026-08-15,2026-08-15
logo,superior_choice,NE,70,female,0,5000,standard_nt,41.77,27,0,0,logo,Superior Choice,2026-08-15,2026-08-15
gtl,heritage_plan,NE,70,female,0,5000,standard_nt,42.0,28,0,0,gtl,Heritage Plan,2026-08-15,2026-08-15
logo,graded,NE,70,female,0,5000,standard_nt,42.02,29,0,0,logo,Graded,2026-08-15,2026-08-15
amam,platinum_solution_graded,NE,70,female,0,5000,standard_nt,42.92,30,0,1,American Amicable,Platinum Solution Graded,2026-08-15,2026-08-15
foresters,planright_standard,NE,70,female,0,5000,standard_nt,43.28,31,0,0,foresters,PlanRight/Standard,2026-08-15,2026-08-15
royal,ensured_legacy_graded,NE,70,female,0,5000,standard_nt,44.63,32,0,0,royal,Ensured Legacy - Graded,2026-08-15,2026-08-15
foresters,planright_rop,NE,70,female,0,5000,standard_nt,44.73,33,0,0,foresters,PlanRight ROP,2026-08-15,2026-08-15
corebridge,giwl_up_to_19_999,NE,70,female,0,5000,standard_nt,44.73,34,0,1,Corebridge Financial,GIWL up to $19;999,2026-08-15,2026-08-15
cigna,primary_plan_rop,NE,70,female,0,5000,standard_nt,46.15,35,0,0,cigna,PRIMARY PLAN ROP,2026-08-15,2026-08-15
aetna,primary_plan_rop,NE,70,female,0,5000,standard_nt,46.2,36,0,1,Aetna,PRIMARY PLAN ROP,2026-08-15,2026-08-15
lbl,mwl,NE,70,female,0,5000,standard_nt,46.81,37,0,0,lbl,MWL,2026-08-15,2026-08-15
transamerica,express_select,NE,70,female,0,5000,standard_nt,47.02,38,0,1,Transamerica Life Insurance Co.,Express Select,2026-08-15,2026-08-15
amam,golden_solution_rop,NE,70,female,0,5000,standard_nt,47.22,39,0,1,American Amicable,Golden Solution ROP,2026-08-15,2026-08-15
americo,eagle_select_3,NE,70,female,0,5000,standard_nt,47.51,40,0,1,Americo,Eagle Select 3,2026-08-15,2026-08-15
amam,senior_choice_rop,NE,70,female,0,5000,standard_nt,50.64,41,0,1,American Amicable,Senior Choice ROP,2026-08-15,2026-08-15
royal,graded_benefit_life,NE,70,female,0,5000,standard_nt,50.68,42,0,0,royal,Graded Benefit Life,2026-08-15,2026-08-15
amam,platinum_solution_rop,NE,70,female,0,5000,standard_nt,51.31,43,0,1,American Amicable,Platinum Solution ROP,2026-08-15,2026-08-15
aflac,primary_plan_rop,NE,70,female,0,5000,standard_nt,51.55,44,0,0,Aflac,Primary Plan ROP,2026-08-15,2026-08-15
transamerica,express_graded,NE,70,female,0,5000,standard_nt,56.73,45,0,1,Transamerica Life Insurance Co.,Express Graded,2026-08-15,2026-08-15
logo,express_issue_graded,NE,70,female,0,5000,standard_nt,57.16,46,0,0,logo,Express Issue Graded,2026-08-15,2026-08-15
transamerica,easy_solution,NE,70,female,0,5000,standard_nt,64.58,47,0,1,Transamerica Life Insurance Co.,Easy Solution,2026-08-15,2026-08-15
logo,guaranteed_issue,NE,70,female,0,5000,standard_nt,66.76,48,0,0,logo,Guaranteed Issue,2026-08-15,2026-08-15
logo,superior_choice_gi,NE,70,female,0,5000,standard_nt,75.7,49,0,0,logo,Superior Choice - GI,2026-08-15,2026-08-15
royal,ensured_legacy_guaranteed_issue,NE,70,female,0,5000,standard_nt,87.0,50,0,0,royal,Ensured Legacy - Guaranteed Issue,2026-08-15,2026-08-15
transamerica,immediate_solution_preferred,NE,70,male,0,5000,standard_nt,36.66,1,1,1,Transamerica Life Insurance Co.,Immediate Solution - Preferred,2026-08-15,2026-08-15
americo,eagle_select_1,NE,70,male,0,5000,standard_nt,37.37,2,0,1,Americo,Eagle Select 1,2026-08-15,2026-08-15
aflac,preferred,NE,70,male,0,5000,standard_nt,38.09,3,0,0,Aflac,Preferred,2026-08-15,2026-08-15
aetna,preferred,NE,70,male,0,5000,standard_nt,38.32,4,0,1,Aetna,Preferred,2026-08-15,2026-08-15
foresters,planright_preferred,NE,70,male,0,5000,standard_nt,38.84,5,0,0,foresters,PlanRight/Preferred,2026-08-15,2026-08-15
moo,living_promise_level,NE,70,male,0,5000,standard_nt,38.9,6,0,1,United of Omaha,Living Promise Level,2026-08-15,2026-08-15
cigna,primary_plan,NE,70,male,0,5000,standard_nt,39.47,7,0,0,cigna,PRIMARY PLAN,2026-08-15,2026-08-15
amam,senior_choice_immediate,NE,70,male,0,5000,standard_nt,40.71,8,0,1,American Amicable,Senior Choice Immediate,2026-08-15,2026-08-15
lbl,simpl_preferred,NE,70,male,0,5000,standard_nt,40.88,9,0,0,lbl,SIMPL Preferred,2026-08-15,2026-08-15
logo,preferred,NE,70,male,0,5000,standard_nt,41.18,10,0,0,logo,Preferred,2026-08-15,2026-08-15
royal,ensured_legacy_standard,NE,70,male,0,5000,standard_nt,41.72,11,0,0,royal,Ensured Legacy/Standard,2026-08-15,2026-08-15
amam,golden_solution_immediate,NE,70,male,0,5000,standard_nt,42.01,12,0,1,American Amicable,Golden Solution Immediate,2026-08-15,2026-08-15
corebridge,simplinow_level,NE,70,male,0,5000,standard_nt,42.47,13,0,1,Corebridge Financial,SimpliNow Level,2026-08-15,2026-08-15
royal,simplified_issue_plan,NE,70,male,0,5000,standard_nt,43.61,14,0,0,royal,Simplified Issue Plan,2026-08-15,2026-08-15
moo,living_promise_graded,NE,70,male,0,5000,standard_nt,43.88,15,0,1,United of Omaha,Living Promise Graded,2026-08-15,2026-08-15
logo,standard,NE,70,male,0,5000,standard_nt,46.26,16,0,0,logo,Standard,2026-08-15,2026-08-15
amam,platinum_solution_immediate,NE,70,male,0,5000,standard_nt,46.61,17,0,1,American Amicable,Platinum Solution Immediate,2026-08-15,2026-08-15
corebridge,simplinow_graded,NE,70,male,0,5000,standard_nt,47.02,18,0,1,Corebridge Financial,SimpliNow Graded,2026-08-15,2026-08-15
americo,eagle_select_2,NE,70,male,0,5000,standard_nt,48.7,19,0,1,Americo,Eagle Select 2,2026-08-15,2026-08-15
gerber,gerber_guaranteed_life,NE,70,male,0,5000,standard_nt,50.05,20,0,0,gerber,Gerber Guaranteed Life,2026-08-15,2026-08-15
logo,superior_choice,NE,70,male,0,5000,standard_nt,51.25,21,0,0,logo,Superior Choice,2026-08-15,2026-08-15
transamerica,immediate_solution_standard,NE,70,male,0,5000,standard_nt,52.7,22,0,1,Transamerica Life Insurance Co.,Immediate Solution - Standard,2026-08-15,2026-08-15
aflac,standard,NE,70,male,0,5000,standard_nt,53.09,23,0,0,Aflac,Standard,2026-08-15,2026-08-15
amam,senior_choice_graded,NE,70,male,0,5000,standard_nt,53.69,24,0,1,American Amicable,Senior Choice Graded,2026-08-15,2026-08-15
aetna,standard,NE,70,male,0,5000,standard_nt,53.77,25,0,1,Aetna,Standard,2026-08-15,2026-08-15
gtl,heritage_plan,NE,70,male,0,5000,standard_nt,54.5,26,0,0,gtl,Heritage Plan,2026-08-15,2026-08-15
logo,graded,NE,70,male,0,5000,standard_nt,55.05,27,0,0,logo,Graded,2026-08-15,2026-08-15
lbl,simpl_standard,NE,70,male,0,5000,standard_nt,57.06,28,0,0,lbl,SIMPL Standard,2026-08-15,2026-08-15
amam,golden_solution_graded,NE,70,male,0,5000,standard_nt,58.15,29,0,1,American Amicable,Golden Solution Graded,2026-08-15,2026-08-15
corebridge,giwl_up_to_19_999,NE,70,male,0,5000,standard_nt,58.68,30,0,1,Corebridge Financial,GIWL up to $19;999,2026-08-15,2026-08-15
transamerica,express_select,NE,70,male,0,5000,standard_nt,58.95,31,0,1,Transamerica Life Insurance Co.,Express Select,2026-08-15,2026-08-15
foresters,planright_standard,NE,70,male,0,5000,standard_nt,59.79,32,0,0,foresters,PlanRight/Standard,2026-08-15,2026-08-15
royal,ensured_legacy_graded,NE,70,male,0,5000,standard_nt,60.33,33,0,0,royal,Ensured Legacy - Graded,2026-08-15,2026-08-15
lbl,mwl,NE,70,male,0,5000,standard_nt,60.47,34,0,0,lbl,MWL,2026-08-15,2026-08-15
foresters,planright_rop,NE,70,male,0,5000,standard_nt,60.79,35,0,0,foresters,PlanRight ROP,2026-08-15,2026-08-15
amam,senior_choice_rop,NE,70,male,0,5000,standard_nt,61.25,36,0,1,American Amicable,Senior Choice ROP,2026-08-15,2026-08-15
cigna,primary_plan_rop,NE,70,male,0,5000,standard_nt,62.0,37,0,0,cigna,PRIMARY PLAN ROP,2026-08-15,2026-08-15
aflac,primary_plan_rop,NE,70,male,0,5000,standard_nt,62.1,38,0,0,Aflac,Primary Plan ROP,2026-08-15,2026-08-15
amam,platinum_solution_graded,NE,70,male,0,5000,standard_nt,62.52,39,0,1,American Amicable,Platinum Solution Graded,2026-08-15,2026-08-15
aetna,primary_plan_rop,NE,70,male,0,5000,standard_nt,62.96,40,0,1,Aetna,PRIMARY PLAN ROP,2026-08-15,2026-08-15
amam,golden_solution_rop,NE,70,male,0,5000,standard_nt,64.28,41,0,1,American Amicable,Golden Solution ROP,2026-08-15,2026-08-15
royal,graded_benefit_life,NE,70,male,0,5000,standard_nt,64.85,42,0,0,royal,Graded Benefit Life,2026-08-15,2026-08-15
amam,platinum_solution_rop,NE,70,male,0,5000,standard_nt,68.63,43,0,1,American Amicable,Platinum Solution ROP,2026-08-15,2026-08-15
transamerica,express_graded,NE,70,male,0,5000,standard_nt,68.75,44,0,1,Transamerica Life Insurance Co.,Express Graded,2026-08-15,2026-08-15
logo,express_issue_graded,NE,70,male,0,5000,standard_nt,73.35,45,0,0,logo,Express Issue Graded,2026-08-15,2026-08-15
americo,eagle_select_3,NE,70,male,0,5000,standard_nt,74.44,46,0,1,Americo,Eagle Select 3,2026-08-15,2026-08-15
logo,guaranteed_issue,NE,70,male,0,5000,standard_nt,80.43,47,0,0,logo,Guaranteed Issue,2026-08-15,2026-08-15
logo,superior_choice_gi,NE,70,male,0,5000,standard_nt,82.85,48,0,0,logo,Superior Choice - GI,2026-08-15,2026-08-15
transamerica,easy_solution,NE,70,male,0,5000,standard_nt,90.35,49,0,1,Transamerica Life Insurance Co.,Easy Solution,2026-08-15,2026-08-15
royal,ensured_legacy_guaranteed_issue,NE,70,male,0,5000,standard_nt,113.1,50,0,0,royal,Ensured Legacy - Guaranteed Issue,2026-08-15,2026-08-15
transamerica,immediate_solution_preferred,NE,75,female,0,5000,standard_nt,37.24,1,1,1,Transamerica Life Insurance Co.,Immediate Solution - Preferred,2026-08-15,2026-08-15
moo,living_promise_level,NE,75,female,0,5000,standard_nt,37.8,2,0,1,United of Omaha,Living Promise Level,2026-08-15,2026-08-15
americo,eagle_select_1,NE,75,female,0,5000,standard_nt,38.1,3,0,1,Americo,Eagle Select 1,2026-08-15,2026-08-15
aetna,preferred,NE,75,female,0,5000,standard_nt,39.68,4,0,1,Aetna,Preferred,2026-08-15,2026-08-15
cigna,primary_plan,NE,75,female,0,5000,standard_nt,40.51,5,0,0,cigna,PRIMARY PLAN,2026-08-15,2026-08-15
corebridge,simplinow_level,NE,75,female,0,5000,standard_nt,41.27,6,0,1,Corebridge Financial,SimpliNow Level,2026-08-15,2026-08-15
amam,senior_choice_immediate,NE,75,female,0,5000,standard_nt,42.18,7,0,1,American Amicable,Senior Choice Immediate,2026-08-15,2026-08-15
amam,golden_solution_immediate,NE,75,female,0,5000,standard_nt,42.57,8,0,1,American Amicable,Golden Solution Immediate,2026-08-15,2026-08-15
foresters,planright_preferred,NE,75,female,0,5000,standard_nt,42.64,9,0,0,foresters,PlanRight/Preferred,2026-08-15,2026-08-15
aflac,preferred,NE,75,female,0,5000,standard_nt,43.07,10,0,0,Aflac,Preferred,2026-08-15,2026-08-15
lbl,simpl_preferred,NE,75,female,0,5000,standard_nt,43.1,11,0,0,lbl,SIMPL Preferred,2026-08-15,2026-08-15
royal,ensured_legacy_standard,NE,75,female,0,5000,standard_nt,43.13,12,0,0,royal,Ensured Legacy/Standard,2026-08-15,2026-08-15
moo,living_promise_graded,NE,75,female,0,5000,standard_nt,44.77,13,0,1,United of Omaha,Living Promise Graded,2026-08-15,2026-08-15
logo,preferred,NE,75,female,0,5000,standard_nt,44.79,14,0,0,logo,Preferred,2026-08-15,2026-08-15
royal,simplified_issue_plan,NE,75,female,0,5000,standard_nt,44.96,15,0,0,royal,Simplified Issue Plan,2026-08-15,2026-08-15
amam,platinum_solution_immediate,NE,75,female,0,5000,standard_nt,47.39,16,0,1,American Amicable,Platinum Solution Immediate,2026-08-15,2026-08-15
transamerica,immediate_solution_standard,NE,75,female,0,5000,standard_nt,48.62,17,0,1,Transamerica Life Insurance Co.,Immediate Solution - Standard,2026-08-15,2026-08-15
aetna,standard,NE,75,female,0,5000,standard_nt,50.71,18,0,1,Aetna,Standard,2026-08-15,2026-08-15
americo,eagle_select_2,NE,75,female,0,5000,standard_nt,51.49,19,0,1,Americo,Eagle Select 2,2026-08-15,2026-08-15
logo,standard,NE,75,female,0,5000,standard_nt,51.87,20,0,0,logo,Standard,2026-08-15,2026-08-15
corebridge,simplinow_graded,NE,75,female,0,5000,standard_nt,52.74,21,0,1,Corebridge Financial,SimpliNow Graded,2026-08-15,2026-08-15
amam,golden_solution_graded,NE,75,female,0,5000,standard_nt,53.2,22,0,1,American Amicable,Golden Solution Graded,2026-08-15,2026-08-15
gerber,gerber_guaranteed_life,NE,75,female,0,5000,standard_nt,54.55,23,0,0,gerber,Gerber Guaranteed Life,2026-08-15,2026-08-15
amam,senior_choice_graded,NE,75,female,0,5000,standard_nt,55.78,24,0,1,American Amicable,Senior Choice Graded,2026-08-15,2026-08-15
aflac,standard,NE,75,female,0,5000,standard_nt,55.85,25,0,0,Aflac,Standard,2026-08-15,2026-08-15
logo,superior_choice,NE,75,female,0,5000,standard_nt,55.9,26,0,0,logo,Superior Choice,2026-08-15,2026-08-15
lbl,simpl_standard,NE,75,female,0,5000,standard_nt,56.28,27,0,0,lbl,SIMPL Standard,2026-08-15,2026-08-15
amam,platinum_solution_graded,NE,75,female,0,5000,standard_nt,57.25,28,0,1,American Amicable,Platinum Solution Graded,2026-08-15,2026-08-15
cigna,primary_plan_rop,NE,75,female,0,5000,standard_nt,58.12,29,0,0,cigna,PRIMARY PLAN ROP,2026-08-15,2026-08-15
gtl,heritage_plan,NE,75,female,0,5000,standard_nt,59.5,30,0,0,gtl,Heritage Plan,2026-08-15,2026-08-15
lbl,mwl,NE,75,female,0,5000,standard_nt,61.43,31,0,0,lbl,MWL,2026-08-15,2026-08-15
logo,graded,NE,75,female,0,5000,standard_nt,61.5,32,0,0,logo,Graded,2026-08-15,2026-08-15
transamerica,express_select,NE,75,female,0,5000,standard_nt,61.57,33,0,1,Transamerica Life Insurance Co.,Express Select,2026-08-15,2026-08-15
americo,eagle_select_3,NE,75,female,0,5000,standard_nt,62.47,34,0,1,Americo,Eagle Select 3,2026-08-15,2026-08-15
amam,golden_solution_rop,NE,75,female,0,5000,standard_nt,63.55,35,0,1,American Amicable,Golden Solution ROP,2026-08-15,2026-08-15
corebridge,giwl_up_to_19_999,NE,75,female,0,5000,standard_nt,63.98,36,0,1,Corebridge Financial,GIWL up to $19;999,2026-08-15,2026-08-15
foresters,planright_standard,NE,75,female,0,5000,standard_nt,64.98,37,0,0,foresters,PlanRight/Standard,2026-08-15,2026-08-15
royal,ensured_legacy_graded,NE,75,female,0,5000,standard_nt,65.64,38,0,0,royal,Ensured Legacy - Graded,2026-08-15,2026-08-15
transamerica,express_graded,NE,75,female,0,5000,standard_nt,67.36,39,0,1,Transamerica Life Insurance Co.,Express Graded,2026-08-15,2026-08-15
foresters,planright_rop,NE,75,female,0,5000,standard_nt,67.41,40,0,0,foresters,PlanRight ROP,2026-08-15,2026-08-15
amam,platinum_solution_rop,NE,75,female,0,5000,standard_nt,67.53,41,0,1,American Amicable,Platinum Solution ROP,2026-08-15,2026-08-15
amam,senior_choice_rop,NE,75,female,0,5000,standard_nt,68.52,42,0,1,American Amicable,Senior Choice ROP,2026-08-15,2026-08-15
aflac,primary_plan_rop,NE,75,female,0,5000,standard_nt,71.09,43,0,0,Aflac,Primary Plan ROP,2026-08-15,2026-08-15
logo,express_issue_graded,NE,75,female,0,5000,standard_nt,72.52,44,0,0,logo,Express Issue Graded,2026-08-15,2026-08-15
royal,graded_benefit_life,NE,75,female,0,5000,standard_nt,72.8,45,0,0,royal,Graded Benefit Life,2026-08-15,2026-08-15
aetna,primary_plan_rop,NE,75,female,0,5000,standard_nt,73.89,46,0,1,Aetna,PRIMARY PLAN ROP,2026-08-15,2026-08-15
transamerica,easy_solution,NE,75,female,0,5000,standard_nt,79.74,47,0,1,Transamerica Life Insurance Co.,Easy Solution,2026-08-15,2026-08-15
logo,guaranteed_issue,NE,75,female,0,5000,standard_nt,80.02,48,0,0,logo,Guaranteed Issue,2026-08-15,2026-08-15
logo,superior_choice_gi,NE,75,female,0,5000,standard_nt,95.44,49,0,0,logo,Superior Choice - GI,2026-08-15,2026-08-15
royal,ensured_legacy_guaranteed_issue,NE,75,female,0,5000,standard_nt,121.8,50,0,0,royal,Ensured Legacy - Guaranteed Issue,2026-08-15,2026-08-15
transamerica,immediate_solution_preferred,NE,75,male,0,5000,standard_nt,50.4,1,1,1,Transamerica Life Insurance Co.,Immediate Solution - Preferred,2026-08-15,2026-08-15
americo,eagle_select_1,NE,75,male,0,5000,standard_nt,50.45,2,0,1,Americo,Eagle Select 1,2026-08-15,2026-08-15
moo,living_promise_level,NE,75,male,0,5000,standard_nt,51.59,3,0,1,United of Omaha,Living Promise Level,2026-08-15,2026-08-15
cigna,primary_plan,NE,75,male,0,5000,standard_nt,51.94,4,0,0,cigna,PRIMARY PLAN,2026-08-15,2026-08-15
aflac,preferred,NE,75,male,0,5000,standard_nt,52.07,5,0,0,Aflac,Preferred,2026-08-15,2026-08-15
aetna,preferred,NE,75,male,0,5000,standard_nt,52.46,6,0,1,Aetna,Preferred,2026-08-15,2026-08-15
logo,preferred,NE,75,male,0,5000,standard_nt,53.59,7,0,0,logo,Preferred,2026-08-15,2026-08-15
lbl,simpl_preferred,NE,75,male,0,5000,standard_nt,53.82,8,0,0,lbl,SIMPL Preferred,2026-08-15,2026-08-15
amam,senior_choice_immediate,NE,75,male,0,5000,standard_nt,55.33,9,0,1,American Amicable,Senior Choice Immediate,2026-08-15,2026-08-15
foresters,planright_preferred,NE,75,male,0,5000,standard_nt,56.27,10,0,0,foresters,PlanRight/Preferred,2026-08-15,2026-08-15
royal,ensured_legacy_standard,NE,75,male,0,5000,standard_nt,56.27,11,0,0,royal,Ensured Legacy/Standard,2026-08-15,2026-08-15
corebridge,simplinow_level,NE,75,male,0,5000,standard_nt,56.42,12,0,1,Corebridge Financial,SimpliNow Level,2026-08-15,2026-08-15
amam,golden_solution_immediate,NE,75,male,0,5000,standard_nt,57.12,13,0,1,American Amicable,Golden Solution Immediate,2026-08-15,2026-08-15
moo,living_promise_graded,NE,75,male,0,5000,standard_nt,57.14,14,0,1,United of Omaha,Living Promise Graded,2026-08-15,2026-08-15
royal,simplified_issue_plan,NE,75,male,0,5000,standard_nt,60.12,15,0,0,royal,Simplified Issue Plan,2026-08-15,2026-08-15
corebridge,simplinow_graded,NE,75,male,0,5000,standard_nt,60.89,16,0,1,Corebridge Financial,SimpliNow Graded,2026-08-15,2026-08-15
amam,platinum_solution_immediate,NE,75,male,0,5000,standard_nt,61.8,17,0,1,American Amicable,Platinum Solution Immediate,2026-08-15,2026-08-15
logo,standard,NE,75,male,0,5000,standard_nt,62.97,18,0,0,logo,Standard,2026-08-15,2026-08-15
americo,eagle_select_2,NE,75,male,0,5000,standard_nt,69.05,19,0,1,Americo,Eagle Select 2,2026-08-15,2026-08-15
transamerica,immediate_solution_standard,NE,75,male,0,5000,standard_nt,69.23,20,0,1,Transamerica Life Insurance Co.,Immediate Solution - Standard,2026-08-15,2026-08-15
gerber,gerber_guaranteed_life,NE,75,male,0,5000,standard_nt,70.22,21,0,0,gerber,Gerber Guaranteed Life,2026-08-15,2026-08-15
logo,superior_choice,NE,75,male,0,5000,standard_nt,72.94,22,0,0,logo,Superior Choice,2026-08-15,2026-08-15
aflac,standard,NE,75,male,0,5000,standard_nt,73.35,23,0,0,Aflac,Standard,2026-08-15,2026-08-15
aetna,standard,NE,75,male,0,5000,standard_nt,73.63,24,0,1,Aetna,Standard,2026-08-15,2026-08-15
amam,senior_choice_graded,NE,75,male,0,5000,standard_nt,75.72,25,0,1,American Amicable,Senior Choice Graded,2026-08-15,2026-08-15
gtl,heritage_plan,NE,75,male,0,5000,standard_nt,76.16,26,0,0,gtl,Heritage Plan,2026-08-15,2026-08-15
logo,graded,NE,75,male,0,5000,standard_nt,76.51,27,0,0,logo,Graded,2026-08-15,2026-08-15
cigna,primary_plan_rop,NE,75,male,0,5000,standard_nt,77.17,28,0,0,cigna,PRIMARY PLAN ROP,2026-08-15,2026-08-15
lbl,simpl_standard,NE,75,male,0,5000,standard_nt,77.39,29,0,0,lbl,SIMPL Standard,2026-08-15,2026-08-15
transamerica,express_select,NE,75,male,0,5000,standard_nt,79.55,30,0,1,Transamerica Life Insurance Co.,Express Select,2026-08-15,2026-08-15
transamerica,express_graded,NE,75,male,0,5000,standard_nt,80.89,31,0,1,Transamerica Life Insurance Co.,Express Graded,2026-08-15,2026-08-15
lbl,mwl,NE,75,male,0,5000,standard_nt,82.02,32,0,0,lbl,MWL,2026-08-15,2026-08-15
amam,golden_solution_graded,NE,75,male,0,5000,standard_nt,82.1,33,0,1,American Amicable,Golden Solution Graded,2026-08-15,2026-08-15
corebridge,giwl_up_to_19_999,NE,75,male,0,5000,standard_nt,82.47,34,0,1,Corebridge Financial,GIWL up to $19;999,2026-08-15,2026-08-15
amam,senior_choice_rop,NE,75,male,0,5000,standard_nt,83.27,35,0,1,American Amicable,Senior Choice ROP,2026-08-15,2026-08-15
foresters,planright_standard,NE,75,male,0,5000,standard_nt,85.13,36,0,0,foresters,PlanRight/Standard,2026-08-15,2026-08-15
amam,platinum_solution_graded,NE,75,male,0,5000,standard_nt,86.45,37,0,1,American Amicable,Platinum Solution Graded,2026-08-15,2026-08-15
amam,golden_solution_rop,NE,75,male,0,5000,standard_nt,87.03,38,0,1,American Amicable,Golden Solution ROP,2026-08-15,2026-08-15
foresters,planright_rop,NE,75,male,0,5000,standard_nt,87.25,39,0,0,foresters,PlanRight ROP,2026-08-15,2026-08-15
royal,graded_benefit_life,NE,75,male,0,5000,standard_nt,89.81,40,0,0,royal,Graded Benefit Life,2026-08-15,2026-08-15
amam,platinum_solution_rop,NE,75,male,0,5000,standard_nt,91.37,41,0,1,American Amicable,Platinum Solution ROP,2026-08-15,2026-08-15
royal,ensured_legacy_graded,NE,75,male,0,5000,standard_nt,92.65,42,0,0,royal,Ensured Legacy - Graded,2026-08-15,2026-08-15
logo,express_issue_graded,NE,75,male,0,5000,standard_nt,92.78,43,0,0,logo,Express Issue Graded,2026-08-15,2026-08-15
aetna,primary_plan_rop,NE,75,male,0,5000,standard_nt,94.37,44,0,1,Aetna,PRIMARY PLAN ROP,2026-08-15,2026-08-15
logo,superior_choice_gi,NE,75,male,0,5000,standard_nt,97.01,45,0,0,logo,Superior Choice - GI,2026-08-15,2026-08-15
logo,guaranteed_issue,NE,75,male,0,5000,standard_nt,97.2,46,0,0,logo,Guaranteed Issue,2026-08-15,2026-08-15
aflac,primary_plan_rop,NE,75,male,0,5000,standard_nt,102.1,47,0,0,Aflac,Primary Plan ROP,2026-08-15,2026-08-15
americo,eagle_select_3,NE,75,male,0,5000,standard_nt,102.96,48,0,1,Americo,Eagle Select 3,2026-08-15,2026-08-15
transamerica,easy_solution,NE,75,male,0,5000,standard_nt,117.64,49,0,1,Transamerica Life Insurance Co.,Easy Solution,2026-08-15,2026-08-15
royal,ensured_legacy_guaranteed_issue,NE,75,male,0,5000,standard_nt,158.77,50,0,0,royal,Ensured Legacy - Guaranteed Issue,2026-08-15,2026-08-15
moo,living_promise_level,NE,80,female,0,5000,standard_nt,50.82,1,1,1,United of Omaha,Living Promise Level,2026-08-15,2026-08-15
americo,eagle_select_1,NE,80,female,0,5000,standard_nt,51.11,2,0,1,Americo,Eagle Select 1,2026-08-15,2026-08-15
transamerica,immediate_solution_preferred,NE,80,female,0,5000,standard_nt,52.38,3,0,1,Transamerica Life Insurance Co.,Immediate Solution - Preferred,2026-08-15,2026-08-15
aetna,preferred,NE,80,female,0,5000,standard_nt,52.46,4,0,1,Aetna,Preferred,2026-08-15,2026-08-15
cigna,primary_plan,NE,80,female,0,5000,standard_nt,54.19,5,0,0,cigna,PRIMARY PLAN,2026-08-15,2026-08-15
corebridge,simplinow_level,NE,80,female,0,5000,standard_nt,55.58,6,0,1,Corebridge Financial,SimpliNow Level,2026-08-15,2026-08-15
logo,preferred,NE,80,female,0,5000,standard_nt,56.31,7,0,0,logo,Preferred,2026-08-15,2026-08-15
amam,senior_choice_immediate,NE,80,female,0,5000,standard_nt,58.16,8,0,1,American Amicable,Senior Choice Immediate,2026-08-15,2026-08-15
amam,golden_solution_immediate,NE,80,female,0,5000,standard_nt,58.7,9,0,1,American Amicable,Golden Solution Immediate,2026-08-15,2026-08-15
aflac,preferred,NE,80,female,0,5000,standard_nt,60.08,10,0,0,Aflac,Preferred,2026-08-15,2026-08-15
lbl,simpl_preferred,NE,80,female,0,5000,standard_nt,60.31,11,0,0,lbl,SIMPL Preferred,2026-08-15,2026-08-15
foresters,planright_preferred,NE,80,female,0,5000,standard_nt,62.62,12,0,0,foresters,PlanRight/Preferred,2026-08-15,2026-08-15
royal,ensured_legacy_standard,NE,80,female,0,5000,standard_nt,62.89,13,0,0,royal,Ensured Legacy/Standard,2026-08-15,2026-08-15
moo,living_promise_graded,NE,80,female,0,5000,standard_nt,63.37,14,0,1,United of Omaha,Living Promise Graded,2026-08-15,2026-08-15
amam,platinum_solution_immediate,NE,80,female,0,5000,standard_nt,63.69,15,0,1,American Amicable,Platinum Solution Immediate,2026-08-15,2026-08-15
royal,simplified_issue_plan,NE,80,female,0,5000,standard_nt,65.09,16,0,0,royal,Simplified Issue Plan,2026-08-15,2026-08-15
corebridge,simplinow_graded,NE,80,female,0,5000,standard_nt,66.39,17,0,1,Corebridge Financial,SimpliNow Graded,2026-08-15,2026-08-15
transamerica,immediate_solution_standard,NE,80,female,0,5000,standard_nt,69.39,18,0,1,Transamerica Life Insurance Co.,Immediate Solution - Standard,2026-08-15,2026-08-15
aetna,standard,NE,80,female,0,5000,standard_nt,71.88,19,0,1,Aetna,Standard,2026-08-15,2026-08-15
cigna,primary_plan_rop,NE,80,female,0,5000,standard_nt,72.39,20,0,0,cigna,PRIMARY PLAN ROP,2026-08-15,2026-08-15
logo,superior_choice,NE,80,female,0,5000,standard_nt,76.23,21,0,0,logo,Superior Choice,2026-08-15,2026-08-15
logo,standard,NE,80,female,0,5000,standard_nt,76.37,22,0,0,logo,Standard,2026-08-15,2026-08-15
americo,eagle_select_2,NE,80,female,0,5000,standard_nt,77.29,23,0,1,Americo,Eagle Select 2,2026-08-15,2026-08-15
amam,golden_solution_graded,NE,80,female,0,5000,standard_nt,78.96,24,0,1,American Amicable,Golden Solution Graded,2026-08-15,2026-08-15
lbl,simpl_standard,NE,80,female,0,5000,standard_nt,82.47,25,0,0,lbl,SIMPL Standard,2026-08-15,2026-08-15
amam,platinum_solution_graded,NE,80,female,0,5000,standard_nt,82.83,26,0,1,American Amicable,Platinum Solution Graded,2026-08-15,2026-08-15
amam,senior_choice_graded,NE,80,female,0,5000,standard_nt,82.86,27,0,1,American Amicable,Senior Choice Graded,2026-08-15,2026-08-15
transamerica,express_select,NE,80,female,0,5000,standard_nt,83.36,28,0,1,Transamerica Life Insurance Co.,Express Select,2026-08-15,2026-08-15
lbl,mwl,NE,80,female,0,5000,standard_nt,83.93,29,0,0,lbl,MWL,2026-08-15,2026-08-15
amam,golden_solution_rop,NE,80,female,0,5000,standard_nt,84.77,30,0,1,American Amicable,Golden Solution ROP,2026-08-15,2026-08-15
aflac,standard,NE,80,female,0,5000,standard_nt,88.35,31,0,0,Aflac,Standard,2026-08-15,2026-08-15
amam,platinum_solution_rop,NE,80,female,0,5000,standard_nt,88.6,32,0,1,American Amicable,Platinum Solution ROP,2026-08-15,2026-08-15
gerber,gerber_guaranteed_life,NE,80,female,0,5000,standard_nt,88.65,33,0,0,gerber,Gerber Guaranteed Life,2026-08-15,2026-08-15
foresters,planright_standard,NE,80,female,0,5000,standard_nt,90.03,34,0,0,foresters,PlanRight/Standard,2026-08-15,2026-08-15
royal,ensured_legacy_graded,NE,80,female,0,5000,standard_nt,91.65,35,0,0,royal,Ensured Legacy - Graded,2026-08-15,2026-08-15
logo,express_issue_graded,NE,80,female,0,5000,standard_nt,91.73,36,0,0,logo,Express Issue Graded,2026-08-15,2026-08-15
gtl,heritage_plan,NE,80,female,0,5000,standard_nt,92.0,37,0,0,gtl,Heritage Plan,2026-08-15,2026-08-15
amam,senior_choice_rop,NE,80,female,0,5000,standard_nt,92.31,38,0,1,American Amicable,Senior Choice ROP,2026-08-15,2026-08-15
transamerica,express_graded,NE,80,female,0,5000,standard_nt,94.56,39,0,1,Transamerica Life Insurance Co.,Express Graded,2026-08-15,2026-08-15
logo,graded,NE,80,female,0,5000,standard_nt,94.97,40,0,0,logo,Graded,2026-08-15,2026-08-15
foresters,planright_rop,NE,80,female,0,5000,standard_nt,97.65,41,0,0,foresters,PlanRight ROP,2026-08-15,2026-08-15
royal,graded_benefit_life,NE,80,female,0,5000,standard_nt,101.71,42,0,0,royal,Graded Benefit Life,2026-08-15,2026-08-15
corebridge,giwl_up_to_19_999,NE,80,female,0,5000,standard_nt,104.21,43,0,1,Corebridge Financial,GIWL up to $19;999,2026-08-15,2026-08-15
transamerica,easy_solution,NE,80,female,0,5000,standard_nt,111.22,44,0,1,Transamerica Life Insurance Co.,Easy Solution,2026-08-15,2026-08-15
logo,superior_choice_gi,NE,80,female,0,5000,standard_nt,122.59,45,0,0,logo,Superior Choice - GI,2026-08-15,2026-08-15
royal,ensured_legacy_guaranteed_issue,NE,80,female,0,5000,standard_nt,174.0,46,0,0,royal,Ensured Legacy - Guaranteed Issue,2026-08-15,2026-08-15
cigna,primary_plan,NE,80,male,0,5000,standard_nt,69.5,1,1,0,cigna,PRIMARY PLAN,2026-08-15,2026-08-15
americo,eagle_select_1,NE,80,male,0,5000,standard_nt,69.79,2,0,1,Americo,Eagle Select 1,2026-08-15,2026-08-15
transamerica,immediate_solution_preferred,NE,80,male,0,5000,standard_nt,69.9,3,0,1,Transamerica Life Insurance Co.,Immediate Solution - Preferred,2026-08-15,2026-08-15
logo,preferred,NE,80,male,0,5000,standard_nt,70.38,4,0,0,logo,Preferred,2026-08-15,2026-08-15
moo,living_promise_level,NE,80,male,0,5000,standard_nt,71.46,5,0,1,United of Omaha,Living Promise Level,2026-08-15,2026-08-15
aetna,preferred,NE,80,male,0,5000,standard_nt,71.88,6,0,1,Aetna,Preferred,2026-08-15,2026-08-15
lbl,simpl_preferred,NE,80,male,0,5000,standard_nt,76.28,7,0,0,lbl,SIMPL Preferred,2026-08-15,2026-08-15
foresters,planright_preferred,NE,80,male,0,5000,standard_nt,77.25,8,0,0,foresters,PlanRight/Preferred,2026-08-15,2026-08-15
corebridge,simplinow_level,NE,80,male,0,5000,standard_nt,78.29,9,0,1,Corebridge Financial,SimpliNow Level,2026-08-15,2026-08-15
royal,ensured_legacy_standard,NE,80,male,0,5000,standard_nt,78.91,10,0,0,royal,Ensured Legacy/Standard,2026-08-15,2026-08-15
moo,living_promise_graded,NE,80,male,0,5000,standard_nt,78.95,11,0,1,United of Omaha,Living Promise Graded,2026-08-15,2026-08-15
amam,senior_choice_immediate,NE,80,male,0,5000,standard_nt,79.23,12,0,1,American Amicable,Senior Choice Immediate,2026-08-15,2026-08-15
corebridge,simplinow_graded,NE,80,male,0,5000,standard_nt,79.87,13,0,1,Corebridge Financial,SimpliNow Graded,2026-08-15,2026-08-15
aflac,preferred,NE,80,male,0,5000,standard_nt,80.08,14,0,0,Aflac,Preferred,2026-08-15,2026-08-15
amam,golden_solution_immediate,NE,80,male,0,5000,standard_nt,81.84,15,0,1,American Amicable,Golden Solution Immediate,2026-08-15,2026-08-15
royal,simplified_issue_plan,NE,80,male,0,5000,standard_nt,84.2,16,0,0,royal,Simplified Issue Plan,2026-08-15,2026-08-15
amam,platinum_solution_immediate,NE,80,male,0,5000,standard_nt,86.64,17,0,1,American Amicable,Platinum Solution Immediate,2026-08-15,2026-08-15
logo,standard,NE,80,male,0,5000,standard_nt,92.73,18,0,0,logo,Standard,2026-08-15,2026-08-15
cigna,primary_plan_rop,NE,80,male,0,5000,standard_nt,95.52,19,0,0,cigna,PRIMARY PLAN ROP,2026-08-15,2026-08-15
transamerica,immediate_solution_standard,NE,80,male,0,5000,standard_nt,96.87,20,0,1,Transamerica Life Insurance Co.,Immediate Solution - Standard,2026-08-15,2026-08-15
americo,eagle_select_2,NE,80,male,0,5000,standard_nt,97.5,21,0,1,Americo,Eagle Select 2,2026-08-15,2026-08-15
aetna,standard,NE,80,male,0,5000,standard_nt,103.16,22,0,1,Aetna,Standard,2026-08-15,2026-08-15
logo,superior_choice,NE,80,male,0,5000,standard_nt,103.67,23,0,0,logo,Superior Choice,2026-08-15,2026-08-15
aflac,standard,NE,80,male,0,5000,standard_nt,113.21,24,0,0,Aflac,Standard,2026-08-15,2026-08-15
transamerica,express_select,NE,80,male,0,5000,standard_nt,113.22,25,0,1,Transamerica Life Insurance Co.,Express Select,2026-08-15,2026-08-15
corebridge,giwl_up_to_19_999,NE,80,male,0,5000,standard_nt,113.36,26,0,1,Corebridge Financial,GIWL up to $19;999,2026-08-15,2026-08-15
lbl,simpl_standard,NE,80,male,0,5000,standard_nt,114.28,27,0,0,lbl,SIMPL Standard,2026-08-15,2026-08-15
amam,senior_choice_graded,NE,80,male,0,5000,standard_nt,114.49,28,0,1,American Amicable,Senior Choice Graded,2026-08-15,2026-08-15
logo,graded,NE,80,male,0,5000,standard_nt,114.55,29,0,0,logo,Graded,2026-08-15,2026-08-15
foresters,planright_standard,NE,80,male,0,5000,standard_nt,116.09,30,0,0,foresters,PlanRight/Standard,2026-08-15,2026-08-15
lbl,mwl,NE,80,male,0,5000,standard_nt,116.39,31,0,0,lbl,MWL,2026-08-15,2026-08-15
transamerica,express_graded,NE,80,male,0,5000,standard_nt,119.71,32,0,1,Transamerica Life Insurance Co.,Express Graded,2026-08-15,2026-08-15
amam,senior_choice_rop,NE,80,male,0,5000,standard_nt,122.31,33,0,1,American Amicable,Senior Choice ROP,2026-08-15,2026-08-15
gerber,gerber_guaranteed_life,NE,80,male,0,5000,standard_nt,124.12,34,0,0,gerber,Gerber Guaranteed Life,2026-08-15,2026-08-15
amam,golden_solution_graded,NE,80,male,0,5000,standard_nt,124.26,35,0,1,American Amicable,Golden Solution Graded,2026-08-15,2026-08-15
logo,superior_choice_gi,NE,80,male,0,5000,standard_nt,124.61,36,0,0,logo,Superior Choice - GI,2026-08-15,2026-08-15
royal,graded_benefit_life,NE,80,male,0,5000,standard_nt,125.32,37,0,0,royal,Graded Benefit Life,2026-08-15,2026-08-15
gtl,heritage_plan,NE,80,male,0,5000,standard_nt,125.33,38,0,0,gtl,Heritage Plan,2026-08-15,2026-08-15
amam,golden_solution_rop,NE,80,male,0,5000,standard_nt,127.32,39,0,1,American Amicable,Golden Solution ROP,2026-08-15,2026-08-15
amam,platinum_solution_graded,NE,80,male,0,5000,standard_nt,128.58,40,0,1,American Amicable,Platinum Solution Graded,2026-08-15,2026-08-15
royal,ensured_legacy_graded,NE,80,male,0,5000,standard_nt,129.63,41,0,0,royal,Ensured Legacy - Graded,2026-08-15,2026-08-15
foresters,planright_rop,NE,80,male,0,5000,standard_nt,131.2,42,0,0,foresters,PlanRight ROP,2026-08-15,2026-08-15
amam,platinum_solution_rop,NE,80,male,0,5000,standard_nt,131.63,43,0,1,American Amicable,Platinum Solution ROP,2026-08-15,2026-08-15
logo,express_issue_graded,NE,80,male,0,5000,standard_nt,132.43,44,0,0,logo,Express Issue Graded,2026-08-15,2026-08-15
transamerica,easy_solution,NE,80,male,0,5000,standard_nt,169.12,45,0,1,Transamerica Life Insurance Co.,Easy Solution,2026-08-15,2026-08-15
royal,ensured_legacy_guaranteed_issue,NE,80,male,0,5000,standard_nt,184.87,46,0,0,royal,Ensured Legacy - Guaranteed Issue,2026-08-15,2026-08-15
moo,living_promise_level,NE,85,female,0,5000,standard_nt,69.55,1,1,1,United of Omaha,Living Promise Level,2026-08-15,2026-08-15
americo,eagle_select_1,NE,85,female,0,5000,standard_nt,69.84,2,0,1,Americo,Eagle Select 1,2026-08-15,2026-08-15
aetna,preferred,NE,85,female,0,5000,standard_nt,70.09,3,0,1,Aetna,Preferred,2026-08-15,2026-08-15
cigna,primary_plan,NE,85,female,0,5000,standard_nt,72.95,4,0,0,cigna,PRIMARY PLAN,2026-08-15,2026-08-15
transamerica,immediate_solution_preferred,NE,85,female,0,5000,standard_nt,81.01,5,0,1,Transamerica Life Insurance Co.,Immediate Solution - Preferred,2026-08-15,2026-08-15
amam,senior_choice_immediate,NE,85,female,0,5000,standard_nt,84.33,6,0,1,American Amicable,Senior Choice Immediate,2026-08-15,2026-08-15
royal,ensured_legacy_standard,NE,85,female,0,5000,standard_nt,84.35,7,0,0,royal,Ensured Legacy/Standard,2026-08-15,2026-08-15
amam,golden_solution_immediate,NE,85,female,0,5000,standard_nt,85.12,8,0,1,American Amicable,Golden Solution Immediate,2026-08-15,2026-08-15
royal,simplified_issue_plan,NE,85,female,0,5000,standard_nt,86.44,9,0,0,royal,Simplified Issue Plan,2026-08-15,2026-08-15
cigna,primary_plan_rop,NE,85,female,0,5000,standard_nt,89.17,10,0,0,cigna,PRIMARY PLAN ROP,2026-08-15,2026-08-15
amam,platinum_solution_immediate,NE,85,female,0,5000,standard_nt,90.4,11,0,1,American Amicable,Platinum Solution Immediate,2026-08-15,2026-08-15
foresters,planright_preferred,NE,85,female,0,5000,standard_nt,92.85,12,0,0,foresters,PlanRight/Preferred,2026-08-15,2026-08-15
transamerica,immediate_solution_standard,NE,85,female,0,5000,standard_nt,102.81,13,0,1,Transamerica Life Insurance Co.,Immediate Solution - Standard,2026-08-15,2026-08-15
amam,golden_solution_graded,NE,85,female,0,5000,standard_nt,106.67,14,0,1,American Amicable,Golden Solution Graded,2026-08-15,2026-08-15
logo,superior_choice,NE,85,female,0,5000,standard_nt,106.91,15,0,0,logo,Superior Choice,2026-08-15,2026-08-15
amam,platinum_solution_graded,NE,85,female,0,5000,standard_nt,110.35,16,0,1,American Amicable,Platinum Solution Graded,2026-08-15,2026-08-15
aetna,standard,NE,85,female,0,5000,standard_nt,111.74,17,0,1,Aetna,Standard,2026-08-15,2026-08-15
amam,senior_choice_graded,NE,85,female,0,5000,standard_nt,111.98,18,0,1,American Amicable,Senior Choice Graded,2026-08-15,2026-08-15
gtl,heritage_plan,NE,85,female,0,5000,standard_nt,112.83,19,0,0,gtl,Heritage Plan,2026-08-15,2026-08-15
americo,eagle_select_2,NE,85,female,0,5000,standard_nt,114.12,20,0,1,Americo,Eagle Select 2,2026-08-15,2026-08-15
amam,golden_solution_rop,NE,85,female,0,5000,standard_nt,123.92,21,0,1,American Amicable,Golden Solution ROP,2026-08-15,2026-08-15
amam,platinum_solution_rop,NE,85,female,0,5000,standard_nt,127.48,22,0,1,American Amicable,Platinum Solution ROP,2026-08-15,2026-08-15
transamerica,express_select,NE,85,female,0,5000,standard_nt,129.29,23,0,1,Transamerica Life Insurance Co.,Express Select,2026-08-15,2026-08-15
royal,ensured_legacy_graded,NE,85,female,0,5000,standard_nt,131.49,24,0,0,royal,Ensured Legacy - Graded,2026-08-15,2026-08-15
amam,senior_choice_rop,NE,85,female,0,5000,standard_nt,132.58,25,0,1,American Amicable,Senior Choice ROP,2026-08-15,2026-08-15
royal,graded_benefit_life,NE,85,female,0,5000,standard_nt,133.06,26,0,0,royal,Graded Benefit Life,2026-08-15,2026-08-15
foresters,planright_standard,NE,85,female,0,5000,standard_nt,135.88,27,0,0,foresters,PlanRight/Standard,2026-08-15,2026-08-15
logo,superior_choice_gi,NE,85,female,0,5000,standard_nt,165.7,28,0,0,logo,Superior Choice - GI,2026-08-15,2026-08-15
cigna,primary_plan,NE,85,male,0,5000,standard_nt,94.59,1,1,0,cigna,PRIMARY PLAN,2026-08-15,2026-08-15
americo,eagle_select_1,NE,85,male,0,5000,standard_nt,95.69,2,0,1,Americo,Eagle Select 1,2026-08-15,2026-08-15
moo,living_promise_level,NE,85,male,0,5000,standard_nt,97.97,3,0,1,United of Omaha,Living Promise Level,2026-08-15,2026-08-15
aetna,preferred,NE,85,male,0,5000,standard_nt,99.66,4,0,1,Aetna,Preferred,2026-08-15,2026-08-15
royal,simplified_issue_plan,NE,85,male,0,5000,standard_nt,107.14,5,0,0,royal,Simplified Issue Plan,2026-08-15,2026-08-15
transamerica,immediate_solution_preferred,NE,85,male,0,5000,standard_nt,108.65,6,0,1,Transamerica Life Insurance Co.,Immediate Solution - Preferred,2026-08-15,2026-08-15
foresters,planright_preferred,NE,85,male,0,5000,standard_nt,110.07,7,0,0,foresters,PlanRight/Preferred,2026-08-15,2026-08-15
amam,senior_choice_immediate,NE,85,male,0,5000,standard_nt,111.98,8,0,1,American Amicable,Senior Choice Immediate,2026-08-15,2026-08-15
royal,ensured_legacy_standard,NE,85,male,0,5000,standard_nt,112.92,9,0,0,royal,Ensured Legacy/Standard,2026-08-15,2026-08-15
amam,golden_solution_immediate,NE,85,male,0,5000,standard_nt,115.69,10,0,1,American Amicable,Golden Solution Immediate,2026-08-15,2026-08-15
cigna,primary_plan_rop,NE,85,male,0,5000,standard_nt,117.6,11,0,0,cigna,PRIMARY PLAN ROP,2026-08-15,2026-08-15
amam,platinum_solution_immediate,NE,85,male,0,5000,standard_nt,120.68,12,0,1,American Amicable,Platinum Solution Immediate,2026-08-15,2026-08-15
americo,eagle_select_2,NE,85,male,0,5000,standard_nt,132.62,13,0,1,Americo,Eagle Select 2,2026-08-15,2026-08-15
amam,senior_choice_graded,NE,85,male,0,5000,standard_nt,140.07,14,0,1,American Amicable,Senior Choice Graded,2026-08-15,2026-08-15
transamerica,immediate_solution_standard,NE,85,male,0,5000,standard_nt,141.94,15,0,1,Transamerica Life Insurance Co.,Immediate Solution - Standard,2026-08-15,2026-08-15
logo,superior_choice,NE,85,male,0,5000,standard_nt,147.12,16,0,0,logo,Superior Choice,2026-08-15,2026-08-15
amam,golden_solution_graded,NE,85,male,0,5000,standard_nt,152.08,17,0,1,American Amicable,Golden Solution Graded,2026-08-15,2026-08-15
amam,platinum_solution_graded,NE,85,male,0,5000,standard_nt,156.38,18,0,1,American Amicable,Platinum Solution Graded,2026-08-15,2026-08-15
aetna,standard,NE,85,male,0,5000,standard_nt,157.85,19,0,1,Aetna,Standard,2026-08-15,2026-08-15
gtl,heritage_plan,NE,85,male,0,5000,standard_nt,160.74,20,0,0,gtl,Heritage Plan,2026-08-15,2026-08-15
foresters,planright_standard,NE,85,male,0,5000,standard_nt,164.85,21,0,0,foresters,PlanRight/Standard,2026-08-15,2026-08-15
royal,graded_benefit_life,NE,85,male,0,5000,standard_nt,165.04,22,0,0,royal,Graded Benefit Life,2026-08-15,2026-08-15
logo,superior_choice_gi,NE,85,male,0,5000,standard_nt,165.7,23,0,0,logo,Superior Choice - GI,2026-08-15,2026-08-15
amam,senior_choice_rop,NE,85,male,0,5000,standard_nt,170.46,24,0,1,American Amicable,Senior Choice ROP,2026-08-15,2026-08-15
royal,ensured_legacy_graded,NE,85,male,0,5000,standard_nt,177.91,25,0,0,royal,Ensured Legacy - Graded,2026-08-15,2026-08-15
amam,golden_solution_rop,NE,85,male,0,5000,standard_nt,181.65,26,0,1,American Amicable,Golden Solution ROP,2026-08-15,2026-08-15
amam,platinum_solution_rop,NE,85,male,0,5000,standard_nt,185.92,27,0,1,American Amicable,Platinum Solution ROP,2026-08-15,2026-08-15
transamerica,express_select,NE,85,male,0,5000,standard_nt,190.56,28,0,1,Transamerica Life Insurance Co.,Express Select,2026-08-15,2026-08-15
royal,simplified_issue_plan,NE,45,female,0,5000,standard_nt,11.36,1,1,0,royal,Simplified Issue Plan,2026-08-15,2026-08-15
logo,preferred,NE,45,female,0,5000,standard_nt,12.84,2,0,0,logo,Preferred,2026-08-15,2026-08-15
moo,living_promise_level,NE,45,female,0,5000,standard_nt,12.9,3,0,1,United of Omaha,Living Promise Level,2026-08-15,2026-08-15
logo,superior_choice,NE,45,female,0,5000,standard_nt,13.01,4,0,0,logo,Superior Choice,2026-08-15,2026-08-15
transamerica,immediate_solution_preferred,NE,45,female,0,5000,standard_nt,13.33,5,0,1,Transamerica Life Insurance Co.,Immediate Solution - Preferred,2026-08-15,2026-08-15
americo,eagle_select_1,NE,45,female,0,5000,standard_nt,13.76,6,0,1,Americo,Eagle Select 1,2026-08-15,2026-08-15
logo,standard,NE,45,female,0,5000,standard_nt,13.76,7,0,0,logo,Standard,2026-08-15,2026-08-15
lbl,simpl_preferred,NE,45,female,0,5000,standard_nt,14.39,8,0,0,lbl,SIMPL Preferred,2026-08-15,2026-08-15
moo,living_promise_graded,NE,45,female,0,5000,standard_nt,14.42,9,0,1,United of Omaha,Living Promise Graded,2026-08-15,2026-08-15
aetna,preferred,NE,45,female,0,5000,standard_nt,14.52,10,0,1,Aetna,Preferred,2026-08-15,2026-08-15
transamerica,immediate_solution_standard,NE,45,female,0,5000,standard_nt,15.09,11,0,1,Transamerica Life Insurance Co.,Immediate Solution - Standard,2026-08-15,2026-08-15
aetna,standard,NE,45,female,0,5000,standard_nt,16.71,12,0,1,Aetna,Standard,2026-08-15,2026-08-15
lbl,simpl_standard,NE,45,female,0,5000,standard_nt,16.74,13,0,0,lbl,SIMPL Standard,2026-08-15,2026-08-15
logo,graded,NE,45,female,0,5000,standard_nt,17.97,14,0,0,logo,Graded,2026-08-15,2026-08-15
royal,graded_benefit_life,NE,45,female,0,5000,standard_nt,18.32,15,0,0,royal,Graded Benefit Life,2026-08-15,2026-08-15
americo,eagle_select_2,NE,45,female,0,5000,standard_nt,18.48,16,0,1,Americo,Eagle Select 2,2026-08-15,2026-08-15
aflac,standard,NE,45,female,0,5000,standard_nt,18.76,17,0,0,Aflac,Standard,2026-08-15,2026-08-15
aetna,primary_plan_rop,NE,45,female,0,5000,standard_nt,19.38,18,0,1,Aetna,PRIMARY PLAN ROP,2026-08-15,2026-08-15
lbl,mwl,NE,45,female,0,5000,standard_nt,19.93,19,0,0,lbl,MWL,2026-08-15,2026-08-15
americo,eagle_select_3,NE,45,female,0,5000,standard_nt,19.95,20,0,1,Americo,Eagle Select 3,2026-08-15,2026-08-15
gtl,heritage_plan,NE,45,female,0,5000,standard_nt,21.17,21,0,0,gtl,Heritage Plan,2026-08-15,2026-08-15
logo,superior_choice_gi,NE,45,female,0,5000,standard_nt,25.5,22,0,0,logo,Superior Choice - GI,2026-08-15,2026-08-15
aflac,primary_plan_rop,NE,45,female,0,5000,standard_nt,27.09,23,0,0,Aflac,Primary Plan ROP,2026-08-15,2026-08-15
logo,express_issue_graded,NE,45,female,0,5000,standard_nt,27.49,24,0,0,logo,Express Issue Graded,2026-08-15,2026-08-15
transamerica,easy_solution,NE,45,female,0,5000,standard_nt,30.05,25,0,1,Transamerica Life Insurance Co.,Easy Solution,2026-08-15,2026-08-15
transamerica,express_graded,NE,45,female,0,5000,standard_nt,33.39,26,0,1,Transamerica Life Insurance Co.,Express Graded,2026-08-15,2026-08-15
transamerica,express_select,NE,45,female,0,5000,standard_nt,38.87,27,0,1,Transamerica Life Insurance Co.,Express Select,2026-08-15,2026-08-15
logo,guaranteed_issue,NE,45,female,0,5000,standard_nt,42.62,28,0,0,logo,Guaranteed Issue,2026-08-15,2026-08-15
cigna,primary_plan,NE,85,male,0,5000,standard_nt,94.59,1,1,0,cigna,PRIMARY PLAN,2026-08-20,2026-08-20
americo,eagle_select_1,NE,85,male,0,5000,standard_nt,95.69,2,0,1,Americo,Eagle Select 1,2026-08-20,2026-08-20
moo,living_promise_level,NE,85,male,0,5000,standard_nt,97.97,3,0,1,United of Omaha,Living Promise Level,2026-08-20,2026-08-20
aetna,preferred,NE,85,male,0,5000,standard_nt,99.66,4,0,1,Aetna,Preferred,2026-08-20,2026-08-20
royal,simplified_issue_plan,NE,85,male,0,5000,standard_nt,107.14,5,0,0,royal,Simplified Issue Plan,2026-08-20,2026-08-20
transamerica,immediate_solution_preferred,NE,85,male,0,5000,standard_nt,108.65,6,0,1,Transamerica Life Insurance Co.,Immediate Solution - Preferred,2026-08-20,2026-08-20
foresters,planright_preferred,NE,85,male,0,5000,standard_nt,110.07,7,0,0,foresters,PlanRight/Preferred,2026-08-20,2026-08-20
amam,senior_choice_immediate,NE,85,male,0,5000,standard_nt,111.98,8,0,1,American Amicable,Senior Choice Immediate,2026-08-20,2026-08-20
royal,ensured_legacy_standard,NE,85,male,0,5000,standard_nt,112.92,9,0,0,royal,Ensured Legacy/Standard,2026-08-20,2026-08-20
amam,golden_solution_immediate,NE,85,male,0,5000,standard_nt,115.69,10,0,1,American Amicable,Golden Solution Immediate,2026-08-20,2026-08-20
cigna,primary_plan_rop,NE,85,male,0,5000,standard_nt,117.6,11,0,0,cigna,PRIMARY PLAN ROP,2026-08-20,2026-08-20
amam,platinum_solution_immediate,NE,85,male,0,5000,standard_nt,120.68,12,0,1,American Amicable,Platinum Solution Immediate,2026-08-20,2026-08-20
americo,eagle_select_2,NE,85,male,0,5000,standard_nt,132.62,13,0,1,Americo,Eagle Select 2,2026-08-20,2026-08-20
amam,senior_choice_graded,NE,85,male,0,5000,standard_nt,140.07,14,0,1,American Amicable,Senior Choice Graded,2026-08-20,2026-08-20
transamerica,immediate_solution_standard,NE,85,male,0,5000,standard_nt,141.94,15,0,1,Transamerica Life Insurance Co.,Immediate Solution - Standard,2026-08-20,2026-08-20
logo,superior_choice,NE,85,male,0,5000,standard_nt,147.12,16,0,0,logo,Superior Choice,2026-08-20,2026-08-20
amam,golden_solution_graded,NE,85,male,0,5000,standard_nt,152.08,17,0,1,American Amicable,Golden Solution Graded,2026-08-20,2026-08-20
amam,platinum_solution_graded,NE,85,male,0,5000,standard_nt,156.38,18,0,1,American Amicable,Platinum Solution Graded,2026-08-20,2026-08-20
aetna,standard,NE,85,male,0,5000,standard_nt,157.85,19,0,1,Aetna,Standard,2026-08-20,2026-08-20
gtl,heritage_plan,NE,85,male,0,5000,standard_nt,160.74,20,0,0,gtl,Heritage Plan,2026-08-20,2026-08-20
foresters,planright_standard,NE,85,male,0,5000,standard_nt,164.85,21,0,0,foresters,PlanRight/Standard,2026-08-20,2026-08-20
royal,graded_benefit_life,NE,85,male,0,5000,standard_nt,165.04,22,0,0,royal,Graded Benefit Life,2026-08-20,2026-08-20
logo,superior_choice_gi,NE,85,male,0,5000,standard_nt,165.7,23,0,0,logo,Superior Choice - GI,2026-08-20,2026-08-20
amam,senior_choice_rop,NE,85,male,0,5000,standard_nt,170.46,24,0,1,American Amicable,Senior Choice ROP,2026-08-20,2026-08-20
royal,ensured_legacy_graded,NE,85,male,0,5000,standard_nt,177.91,25,0,0,royal,Ensured Legacy - Graded,2026-08-20,2026-08-20
amam,golden_solution_rop,NE,85,male,0,5000,standard_nt,181.65,26,0,1,American Amicable,Golden Solution ROP,2026-08-20,2026-08-20
amam,platinum_solution_rop,NE,85,male,0,5000,standard_nt,185.92,27,0,1,American Amicable,Platinum Solution ROP,2026-08-20,2026-08-20
transamerica,express_select,NE,85,male,0,5000,standard_nt,190.56,28,0,1,Transamerica Life Insurance Co.,Express Select,2026-08-20,2026-08-20
americo,eagle_select_1,NE,85,male,0,10000,standard_nt,187.58,1,1,1,Americo,Eagle Select 1,2026-08-20,2026-08-20
cigna,primary_plan,NE,85,male,0,10000,standard_nt,189.18,2,0,0,cigna,PRIMARY PLAN,2026-08-20,2026-08-20
moo,living_promise_level,NE,85,male,0,10000,standard_nt,192.74,3,0,1,United of Omaha,Living Promise Level,2026-08-20,2026-08-20
aetna,preferred,NE,85,male,0,10000,standard_nt,195.82,4,0,1,Aetna,Preferred,2026-08-20,2026-08-20
royal,simplified_issue_plan,NE,85,male,0,10000,standard_nt,213.2,5,0,0,royal,Simplified Issue Plan,2026-08-20,2026-08-20
transamerica,immediate_solution_preferred,NE,85,male,0,10000,standard_nt,213.7,6,0,1,Transamerica Life Insurance Co.,Immediate Solution - Preferred,2026-08-20,2026-08-20
foresters,planright_preferred,NE,85,male,0,10000,standard_nt,216.99,7,0,0,foresters,PlanRight/Preferred,2026-08-20,2026-08-20
amam,senior_choice_immediate,NE,85,male,0,10000,standard_nt,221.31,8,0,1,American Amicable,Senior Choice Immediate,2026-08-20,2026-08-20
royal,ensured_legacy_standard,NE,85,male,0,10000,standard_nt,221.48,9,0,0,royal,Ensured Legacy/Standard,2026-08-20,2026-08-20
amam,golden_solution_immediate,NE,85,male,0,10000,standard_nt,228.74,10,0,1,American Amicable,Golden Solution Immediate,2026-08-20,2026-08-20
transamerica,express_premier,NE,85,male,0,10000,standard_nt,232.63,11,0,1,Transamerica Life Insurance Co.,Express Premier,2026-08-20,2026-08-20
amam,platinum_solution_immediate,NE,85,male,0,10000,standard_nt,234.32,12,0,1,American Amicable,Platinum Solution Immediate,2026-08-20,2026-08-20
cigna,primary_plan_rop,NE,85,male,0,10000,standard_nt,235.19,13,0,0,cigna,PRIMARY PLAN ROP,2026-08-20,2026-08-20
americo,eagle_select_2,NE,85,male,0,10000,standard_nt,261.44,14,0,1,Americo,Eagle Select 2,2026-08-20,2026-08-20
amam,senior_choice_graded,NE,85,male,0,10000,standard_nt,277.51,15,0,1,American Amicable,Senior Choice Graded,2026-08-20,2026-08-20
transamerica,immediate_solution_standard,NE,85,male,0,10000,standard_nt,280.28,16,0,1,Transamerica Life Insurance Co.,Immediate Solution - Standard,2026-08-20,2026-08-20
logo,superior_choice,NE,85,male,0,10000,standard_nt,294.23,17,0,0,logo,Superior Choice,2026-08-20,2026-08-20
amam,golden_solution_graded,NE,85,male,0,10000,standard_nt,301.52,18,0,1,American Amicable,Golden Solution Graded,2026-08-20,2026-08-20
amam,platinum_solution_graded,NE,85,male,0,10000,standard_nt,305.71,19,0,1,American Amicable,Platinum Solution Graded,2026-08-20,2026-08-20
aetna,standard,NE,85,male,0,10000,standard_nt,312.2,20,0,1,Aetna,Standard,2026-08-20,2026-08-20
gtl,heritage_plan,NE,85,male,0,10000,standard_nt,316.99,21,0,0,gtl,Heritage Plan,2026-08-20,2026-08-20
foresters,planright_standard,NE,85,male,0,10000,standard_nt,326.54,22,0,0,foresters,PlanRight/Standard,2026-08-20,2026-08-20
royal,graded_benefit_life,NE,85,male,0,10000,standard_nt,329.0,23,0,0,royal,Graded Benefit Life,2026-08-20,2026-08-20
logo,superior_choice_gi,NE,85,male,0,10000,standard_nt,331.39,24,0,0,logo,Superior Choice - GI,2026-08-20,2026-08-20
amam,senior_choice_rop,NE,85,male,0,10000,standard_nt,338.28,25,0,1,American Amicable,Senior Choice ROP,2026-08-20,2026-08-20
royal,ensured_legacy_graded,NE,85,male,0,10000,standard_nt,351.46,26,0,0,royal,Ensured Legacy - Graded,2026-08-20,2026-08-20
amam,golden_solution_rop,NE,85,male,0,10000,standard_nt,360.66,27,0,1,American Amicable,Golden Solution ROP,2026-08-20,2026-08-20
amam,platinum_solution_rop,NE,85,male,0,10000,standard_nt,364.8,28,0,1,American Amicable,Platinum Solution ROP,2026-08-20,2026-08-20
transamerica,express_select,NE,85,male,0,10000,standard_nt,377.51,29,0,1,Transamerica Life Insurance Co.,Express Select,2026-08-20,2026-08-20
americo,eagle_select_1,NE,85,male,0,25000,standard_nt,463.24,1,1,1,Americo,Eagle Select 1,2026-08-20,2026-08-20
cigna,primary_plan,NE,85,male,0,25000,standard_nt,472.94,2,0,0,cigna,PRIMARY PLAN,2026-08-20,2026-08-20
moo,living_promise_level,NE,85,male,0,25000,standard_nt,477.04,3,0,1,United of Omaha,Living Promise Level,2026-08-20,2026-08-20
aetna,preferred,NE,85,male,0,25000,standard_nt,484.31,4,0,1,Aetna,Preferred,2026-08-20,2026-08-20
transamerica,immediate_solution_preferred,NE,85,male,0,25000,standard_nt,528.82,5,0,1,Transamerica Life Insurance Co.,Immediate Solution - Preferred,2026-08-20,2026-08-20
royal,simplified_issue_plan,NE,85,male,0,25000,standard_nt,531.37,6,0,0,royal,Simplified Issue Plan,2026-08-20,2026-08-20
royal,ensured_legacy_standard,NE,85,male,0,25000,standard_nt,547.19,7,0,0,royal,Ensured Legacy/Standard,2026-08-20,2026-08-20
amam,senior_choice_immediate,NE,85,male,0,25000,standard_nt,549.32,8,0,1,American Amicable,Senior Choice Immediate,2026-08-20,2026-08-20
transamerica,express_premier,NE,85,male,0,25000,standard_nt,576.15,9,0,1,Transamerica Life Insurance Co.,Express Premier,2026-08-20,2026-08-20
cigna,primary_plan_rop,NE,85,male,0,25000,standard_nt,587.98,10,0,0,cigna,PRIMARY PLAN ROP,2026-08-20,2026-08-20
americo,eagle_select_2,NE,85,male,0,25000,standard_nt,647.9,11,0,1,Americo,Eagle Select 2,2026-08-20,2026-08-20
amam,senior_choice_graded,NE,85,male,0,25000,standard_nt,689.81,12,0,1,American Amicable,Senior Choice Graded,2026-08-20,2026-08-20
transamerica,immediate_solution_standard,NE,85,male,0,25000,standard_nt,695.28,13,0,1,Transamerica Life Insurance Co.,Immediate Solution - Standard,2026-08-20,2026-08-20
aetna,standard,NE,85,male,0,25000,standard_nt,775.25,14,0,1,Aetna,Standard,2026-08-20,2026-08-20
amam,senior_choice_rop,NE,85,male,0,25000,standard_nt,841.74,15,0,1,American Amicable,Senior Choice ROP,2026-08-20,2026-08-20
transamerica,express_select,NE,85,male,0,25000,standard_nt,938.37,16,0,1,Transamerica Life Insurance Co.,Express Select,2026-08-20,2026-08-20
aetna,preferred,NE,86,male,0,5000,standard_nt,119.88,1,1,1,Aetna,Preferred,2026-08-20,2026-08-20
gtl,heritage_plan,NE,86,male,0,5000,standard_nt,171.16,2,0,0,gtl,Heritage Plan,2026-08-20,2026-08-20
aetna,standard,NE,86,male,0,5000,standard_nt,182.22,3,0,1,Aetna,Standard,2026-08-20,2026-08-20
aetna,preferred,NE,86,male,0,10000,standard_nt,236.25,1,1,1,Aetna,Preferred,2026-08-20,2026-08-20
gtl,heritage_plan,NE,86,male,0,10000,standard_nt,337.82,2,0,0,gtl,Heritage Plan,2026-08-20,2026-08-20
aetna,standard,NE,86,male,0,10000,standard_nt,360.94,3,0,1,Aetna,Standard,2026-08-20,2026-08-20
aetna,preferred,NE,86,male,0,25000,standard_nt,585.37,1,1,1,Aetna,Preferred,2026-08-20,2026-08-20
aetna,standard,NE,86,male,0,25000,standard_nt,897.09,2,0,1,Aetna,Standard,2026-08-20,2026-08-20
aetna,preferred,NE,87,female,0,5000,standard_nt,104.74,1,1,1,Aetna,Preferred,2026-08-20,2026-08-20
gtl,heritage_plan,NE,87,female,0,5000,standard_nt,129.5,2,0,0,gtl,Heritage Plan,2026-08-20,2026-08-20
aetna,standard,NE,87,female,0,5000,standard_nt,154.17,3,0,1,Aetna,Standard,2026-08-20,2026-08-20
aetna,preferred,NE,87,female,0,10000,standard_nt,205.98,1,1,1,Aetna,Preferred,2026-08-20,2026-08-20
gtl,heritage_plan,NE,87,female,0,10000,standard_nt,254.49,2,0,0,gtl,Heritage Plan,2026-08-20,2026-08-20
aetna,standard,NE,87,female,0,10000,standard_nt,304.85,3,0,1,Aetna,Standard,2026-08-20,2026-08-20
aetna,preferred,NE,87,female,0,25000,standard_nt,509.69,1,1,1,Aetna,Preferred,2026-08-20,2026-08-20
aetna,standard,NE,87,female,0,25000,standard_nt,756.88,2,0,1,Aetna,Standard,2026-08-20,2026-08-20
aetna,preferred,NE,87,male,0,5000,standard_nt,140.09,1,1,1,Aetna,Preferred,2026-08-20,2026-08-20
gtl,heritage_plan,NE,87,male,0,5000,standard_nt,179.49,2,0,0,gtl,Heritage Plan,2026-08-20,2026-08-20
aetna,standard,NE,87,male,0,5000,standard_nt,206.59,3,0,1,Aetna,Standard,2026-08-20,2026-08-20
aetna,preferred,NE,87,male,0,10000,standard_nt,276.68,1,1,1,Aetna,Preferred,2026-08-20,2026-08-20
gtl,heritage_plan,NE,87,male,0,10000,standard_nt,354.49,2,0,0,gtl,Heritage Plan,2026-08-20,2026-08-20
aetna,standard,NE,87,male,0,10000,standard_nt,409.68,3,0,1,Aetna,Standard,2026-08-20,2026-08-20
aetna,preferred,NE,87,male,0,25000,standard_nt,686.44,1,1,1,Aetna,Preferred,2026-08-20,2026-08-20
aetna,standard,NE,87,male,0,25000,standard_nt,1018.94,2,0,1,Aetna,Standard,2026-08-20,2026-08-20
aetna,preferred,NE,88,female,0,5000,standard_nt,122.06,1,1,1,Aetna,Preferred,2026-08-20,2026-08-20
gtl,heritage_plan,NE,88,female,0,5000,standard_nt,141.99,2,0,0,gtl,Heritage Plan,2026-08-20,2026-08-20
aetna,standard,NE,88,female,0,5000,standard_nt,175.39,3,0,1,Aetna,Standard,2026-08-20,2026-08-20
aetna,preferred,NE,88,female,0,10000,standard_nt,240.62,1,1,1,Aetna,Preferred,2026-08-20,2026-08-20
gtl,heritage_plan,NE,88,female,0,10000,standard_nt,279.49,2,0,0,gtl,Heritage Plan,2026-08-20,2026-08-20
aetna,standard,NE,88,female,0,10000,standard_nt,347.29,3,0,1,Aetna,Standard,2026-08-20,2026-08-20
aetna,preferred,NE,88,female,0,25000,standard_nt,596.31,1,1,1,Aetna,Preferred,2026-08-20,2026-08-20
aetna,standard,NE,88,female,0,25000,standard_nt,862.97,2,0,1,Aetna,Standard,2026-08-20,2026-08-20
aetna,preferred,NE,88,male,0,5000,standard_nt,160.3,1,1,1,Aetna,Preferred,2026-08-20,2026-08-20
gtl,heritage_plan,NE,88,male,0,5000,standard_nt,187.83,2,0,0,gtl,Heritage Plan,2026-08-20,2026-08-20
aetna,standard,NE,88,male,0,5000,standard_nt,230.96,3,0,1,Aetna,Standard,2026-08-20,2026-08-20
aetna,preferred,NE,88,male,0,10000,standard_nt,317.1,1,1,1,Aetna,Preferred,2026-08-20,2026-08-20
gtl,heritage_plan,NE,88,male,0,10000,standard_nt,371.15,2,0,0,gtl,Heritage Plan,2026-08-20,2026-08-20
aetna,standard,NE,88,male,0,10000,standard_nt,458.41,3,0,1,Aetna,Standard,2026-08-20,2026-08-20
aetna,preferred,NE,88,male,0,25000,standard_nt,787.5,1,1,1,Aetna,Preferred,2026-08-20,2026-08-20
aetna,standard,NE,88,male,0,25000,standard_nt,1140.78,2,0,1,Aetna,Standard,2026-08-20,2026-08-20
aetna,preferred,NE,89,female,0,5000,standard_nt,139.39,1,1,1,Aetna,Preferred,2026-08-20,2026-08-20
gtl,heritage_plan,NE,89,female,0,5000,standard_nt,154.49,2,0,0,gtl,Heritage Plan,2026-08-20,2026-08-20
aetna,standard,NE,89,female,0,5000,standard_nt,196.61,3,0,1,Aetna,Standard,2026-08-20,2026-08-20
aetna,preferred,NE,89,female,0,10000,standard_nt,275.28,1,1,1,Aetna,Preferred,2026-08-20,2026-08-20
gtl,heritage_plan,NE,89,female,0,10000,standard_nt,304.49,2,0,0,gtl,Heritage Plan,2026-08-20,2026-08-20
aetna,standard,NE,89,female,0,10000,standard_nt,389.72,3,0,1,Aetna,Standard,2026-08-20,2026-08-20
aetna,preferred,NE,89,female,0,25000,standard_nt,682.94,1,1,1,Aetna,Preferred,2026-08-20,2026-08-20
aetna,standard,NE,89,female,0,25000,standard_nt,969.06,2,0,1,Aetna,Standard,2026-08-20,2026-08-20
aetna,preferred,NE,89,male,0,5000,standard_nt,180.51,1,1,1,Aetna,Preferred,2026-08-20,2026-08-20
gtl,heritage_plan,NE,89,male,0,5000,standard_nt,191.99,2,0,0,gtl,Heritage Plan,2026-08-20,2026-08-20
aetna,standard,NE,89,male,0,5000,standard_nt,255.32,3,0,1,Aetna,Standard,2026-08-20,2026-08-20
aetna,preferred,NE,89,male,0,10000,standard_nt,357.52,1,1,1,Aetna,Preferred,2026-08-20,2026-08-20
gtl,heritage_plan,NE,89,male,0,10000,standard_nt,379.48,2,0,0,gtl,Heritage Plan,2026-08-20,2026-08-20
aetna,standard,NE,89,male,0,10000,standard_nt,507.15,3,0,1,Aetna,Standard,2026-08-20,2026-08-20
aetna,preferred,NE,89,male,0,25000,standard_nt,888.56,1,1,1,Aetna,Preferred,2026-08-20,2026-08-20
aetna,standard,NE,89,male,0,25000,standard_nt,1262.62,2,0,1,Aetna,Standard,2026-08-20,2026-08-20
moo,living_promise_level,NE,85,female,0,5000,standard_nt,69.55,1,1,1,United of Omaha,Living Promise Level,2026-08-20,2026-08-20
americo,eagle_select_1,NE,85,female,0,5000,standard_nt,69.84,2,0,1,Americo,Eagle Select 1,2026-08-20,2026-08-20
aetna,preferred,NE,85,female,0,5000,standard_nt,70.09,3,0,1,Aetna,Preferred,2026-08-20,2026-08-20
cigna,primary_plan,NE,85,female,0,5000,standard_nt,72.95,4,0,0,cigna,PRIMARY PLAN,2026-08-20,2026-08-20
transamerica,immediate_solution_preferred,NE,85,female,0,5000,standard_nt,81.01,5,0,1,Transamerica Life Insurance Co.,Immediate Solution - Preferred,2026-08-20,2026-08-20
amam,senior_choice_immediate,NE,85,female,0,5000,standard_nt,84.33,6,0,1,American Amicable,Senior Choice Immediate,2026-08-20,2026-08-20
royal,ensured_legacy_standard,NE,85,female,0,5000,standard_nt,84.35,7,0,0,royal,Ensured Legacy/Standard,2026-08-20,2026-08-20
amam,golden_solution_immediate,NE,85,female,0,5000,standard_nt,85.12,8,0,1,American Amicable,Golden Solution Immediate,2026-08-20,2026-08-20
royal,simplified_issue_plan,NE,85,female,0,5000,standard_nt,86.44,9,0,0,royal,Simplified Issue Plan,2026-08-20,2026-08-20
cigna,primary_plan_rop,NE,85,female,0,5000,standard_nt,89.17,10,0,0,cigna,PRIMARY PLAN ROP,2026-08-20,2026-08-20
amam,platinum_solution_immediate,NE,85,female,0,5000,standard_nt,90.4,11,0,1,American Amicable,Platinum Solution Immediate,2026-08-20,2026-08-20
foresters,planright_preferred,NE,85,female,0,5000,standard_nt,92.85,12,0,0,foresters,PlanRight/Preferred,2026-08-20,2026-08-20
transamerica,immediate_solution_standard,NE,85,female,0,5000,standard_nt,102.81,13,0,1,Transamerica Life Insurance Co.,Immediate Solution - Standard,2026-08-20,2026-08-20
amam,golden_solution_graded,NE,85,female,0,5000,standard_nt,106.67,14,0,1,American Amicable,Golden Solution Graded,2026-08-20,2026-08-20
logo,superior_choice,NE,85,female,0,5000,standard_nt,106.91,15,0,0,logo,Superior Choice,2026-08-20,2026-08-20
amam,platinum_solution_graded,NE,85,female,0,5000,standard_nt,110.35,16,0,1,American Amicable,Platinum Solution Graded,2026-08-20,2026-08-20
aetna,standard,NE,85,female,0,5000,standard_nt,111.74,17,0,1,Aetna,Standard,2026-08-20,2026-08-20
amam,senior_choice_graded,NE,85,female,0,5000,standard_nt,111.98,18,0,1,American Amicable,Senior Choice Graded,2026-08-20,2026-08-20
gtl,heritage_plan,NE,85,female,0,5000,standard_nt,112.83,19,0,0,gtl,Heritage Plan,2026-08-20,2026-08-20
americo,eagle_select_2,NE,85,female,0,5000,standard_nt,114.12,20,0,1,Americo,Eagle Select 2,2026-08-20,2026-08-20
amam,golden_solution_rop,NE,85,female,0,5000,standard_nt,123.92,21,0,1,American Amicable,Golden Solution ROP,2026-08-20,2026-08-20
amam,platinum_solution_rop,NE,85,female,0,5000,standard_nt,127.48,22,0,1,American Amicable,Platinum Solution ROP,2026-08-20,2026-08-20
transamerica,express_select,NE,85,female,0,5000,standard_nt,129.29,23,0,1,Transamerica Life Insurance Co.,Express Select,2026-08-20,2026-08-20
royal,ensured_legacy_graded,NE,85,female,0,5000,standard_nt,131.49,24,0,0,royal,Ensured Legacy - Graded,2026-08-20,2026-08-20
amam,senior_choice_rop,NE,85,female,0,5000,standard_nt,132.58,25,0,1,American Amicable,Senior Choice ROP,2026-08-20,2026-08-20
royal,graded_benefit_life,NE,85,female,0,5000,standard_nt,133.06,26,0,0,royal,Graded Benefit Life,2026-08-20,2026-08-20
foresters,planright_standard,NE,85,female,0,5000,standard_nt,135.88,27,0,0,foresters,PlanRight/Standard,2026-08-20,2026-08-20
logo,superior_choice_gi,NE,85,female,0,5000,standard_nt,165.7,28,0,0,logo,Superior Choice - GI,2026-08-20,2026-08-20
americo,eagle_select_1,NE,85,female,0,10000,standard_nt,135.89,1,1,1,Americo,Eagle Select 1,2026-08-20,2026-08-20
moo,living_promise_level,NE,85,female,0,10000,standard_nt,135.9,2,0,1,United of Omaha,Living Promise Level,2026-08-20,2026-08-20
aetna,preferred,NE,85,female,0,10000,standard_nt,136.68,3,0,1,Aetna,Preferred,2026-08-20,2026-08-20
cigna,primary_plan,NE,85,female,0,10000,standard_nt,145.9,4,0,0,cigna,PRIMARY PLAN,2026-08-20,2026-08-20
transamerica,immediate_solution_preferred,NE,85,female,0,10000,standard_nt,158.41,5,0,1,Transamerica Life Insurance Co.,Immediate Solution - Preferred,2026-08-20,2026-08-20
royal,ensured_legacy_standard,NE,85,female,0,10000,standard_nt,164.35,6,0,0,royal,Ensured Legacy/Standard,2026-08-20,2026-08-20
amam,senior_choice_immediate,NE,85,female,0,10000,standard_nt,166.02,7,0,1,American Amicable,Senior Choice Immediate,2026-08-20,2026-08-20
amam,golden_solution_immediate,NE,85,female,0,10000,standard_nt,167.6,8,0,1,American Amicable,Golden Solution Immediate,2026-08-20,2026-08-20
royal,simplified_issue_plan,NE,85,female,0,10000,standard_nt,171.81,9,0,0,royal,Simplified Issue Plan,2026-08-20,2026-08-20
transamerica,express_premier,NE,85,female,0,10000,standard_nt,172.93,10,0,1,Transamerica Life Insurance Co.,Express Premier,2026-08-20,2026-08-20
amam,platinum_solution_immediate,NE,85,female,0,10000,standard_nt,173.76,11,0,1,American Amicable,Platinum Solution Immediate,2026-08-20,2026-08-20
cigna,primary_plan_rop,NE,85,female,0,10000,standard_nt,178.34,12,0,0,cigna,PRIMARY PLAN ROP,2026-08-20,2026-08-20
foresters,planright_preferred,NE,85,female,0,10000,standard_nt,182.55,13,0,0,foresters,PlanRight/Preferred,2026-08-20,2026-08-20
transamerica,immediate_solution_standard,NE,85,female,0,10000,standard_nt,202.01,14,0,1,Transamerica Life Insurance Co.,Immediate Solution - Standard,2026-08-20,2026-08-20
amam,golden_solution_graded,NE,85,female,0,10000,standard_nt,210.7,15,0,1,American Amicable,Golden Solution Graded,2026-08-20,2026-08-20
amam,platinum_solution_graded,NE,85,female,0,10000,standard_nt,213.66,16,0,1,American Amicable,Platinum Solution Graded,2026-08-20,2026-08-20
logo,superior_choice,NE,85,female,0,10000,standard_nt,213.82,17,0,0,logo,Superior Choice,2026-08-20,2026-08-20
aetna,standard,NE,85,female,0,10000,standard_nt,219.98,18,0,1,Aetna,Standard,2026-08-20,2026-08-20
gtl,heritage_plan,NE,85,female,0,10000,standard_nt,221.16,19,0,0,gtl,Heritage Plan,2026-08-20,2026-08-20
amam,senior_choice_graded,NE,85,female,0,10000,standard_nt,221.31,20,0,1,American Amicable,Senior Choice Graded,2026-08-20,2026-08-20
americo,eagle_select_2,NE,85,female,0,10000,standard_nt,224.44,21,0,1,Americo,Eagle Select 2,2026-08-20,2026-08-20
amam,golden_solution_rop,NE,85,female,0,10000,standard_nt,245.19,22,0,1,American Amicable,Golden Solution ROP,2026-08-20,2026-08-20
amam,platinum_solution_rop,NE,85,female,0,10000,standard_nt,247.91,23,0,1,American Amicable,Platinum Solution ROP,2026-08-20,2026-08-20
transamerica,express_select,NE,85,female,0,10000,standard_nt,248.3,24,0,1,Transamerica Life Insurance Co.,Express Select,2026-08-20,2026-08-20
royal,ensured_legacy_graded,NE,85,female,0,10000,standard_nt,258.63,25,0,0,royal,Ensured Legacy - Graded,2026-08-20,2026-08-20
amam,senior_choice_rop,NE,85,female,0,10000,standard_nt,262.51,26,0,1,American Amicable,Senior Choice ROP,2026-08-20,2026-08-20
royal,graded_benefit_life,NE,85,female,0,10000,standard_nt,265.05,27,0,0,royal,Graded Benefit Life,2026-08-20,2026-08-20
foresters,planright_standard,NE,85,female,0,10000,standard_nt,268.62,28,0,0,foresters,PlanRight/Standard,2026-08-20,2026-08-20
logo,superior_choice_gi,NE,85,female,0,10000,standard_nt,331.39,29,0,0,logo,Superior Choice - GI,2026-08-20,2026-08-20
americo,eagle_select_1,NE,85,female,0,25000,standard_nt,334.02,1,1,1,Americo,Eagle Select 1,2026-08-20,2026-08-20
moo,living_promise_level,NE,85,female,0,25000,standard_nt,334.95,2,0,1,United of Omaha,Living Promise Level,2026-08-20,2026-08-20
aetna,preferred,NE,85,female,0,25000,standard_nt,336.44,3,0,1,Aetna,Preferred,2026-08-20,2026-08-20
cigna,primary_plan,NE,85,female,0,25000,standard_nt,364.74,4,0,0,cigna,PRIMARY PLAN,2026-08-20,2026-08-20
transamerica,immediate_solution_preferred,NE,85,female,0,25000,standard_nt,390.61,5,0,1,Transamerica Life Insurance Co.,Immediate Solution - Preferred,2026-08-20,2026-08-20
royal,ensured_legacy_standard,NE,85,female,0,25000,standard_nt,404.35,6,0,0,royal,Ensured Legacy/Standard,2026-08-20,2026-08-20
amam,senior_choice_immediate,NE,85,female,0,25000,standard_nt,411.09,7,0,1,American Amicable,Senior Choice Immediate,2026-08-20,2026-08-20
transamerica,express_premier,NE,85,female,0,25000,standard_nt,426.9,8,0,1,Transamerica Life Insurance Co.,Express Premier,2026-08-20,2026-08-20
royal,simplified_issue_plan,NE,85,female,0,25000,standard_nt,427.9,9,0,0,royal,Simplified Issue Plan,2026-08-20,2026-08-20
cigna,primary_plan_rop,NE,85,female,0,25000,standard_nt,445.86,10,0,0,cigna,PRIMARY PLAN ROP,2026-08-20,2026-08-20
transamerica,immediate_solution_standard,NE,85,female,0,25000,standard_nt,499.62,11,0,1,Transamerica Life Insurance Co.,Immediate Solution - Standard,2026-08-20,2026-08-20
aetna,standard,NE,85,female,0,25000,standard_nt,544.69,12,0,1,Aetna,Standard,2026-08-20,2026-08-20
amam,senior_choice_graded,NE,85,female,0,25000,standard_nt,549.32,13,0,1,American Amicable,Senior Choice Graded,2026-08-20,2026-08-20
americo,eagle_select_2,NE,85,female,0,25000,standard_nt,555.39,14,0,1,Americo,Eagle Select 2,2026-08-20,2026-08-20
transamerica,express_select,NE,85,female,0,25000,standard_nt,615.33,15,0,1,Transamerica Life Insurance Co.,Express Select,2026-08-20,2026-08-20
amam,senior_choice_rop,NE,85,female,0,25000,standard_nt,652.32,16,0,1,American Amicable,Senior Choice ROP,2026-08-20,2026-08-20
aetna,preferred,NE,86,female,0,5000,standard_nt,87.41,1,1,1,Aetna,Preferred,2026-08-20,2026-08-20
gtl,heritage_plan,NE,86,female,0,5000,standard_nt,121.16,2,0,0,gtl,Heritage Plan,2026-08-20,2026-08-20
aetna,standard,NE,86,female,0,5000,standard_nt,132.96,3,0,1,Aetna,Standard,2026-08-20,2026-08-20
aetna,preferred,NE,86,female,0,10000,standard_nt,171.32,1,1,1,Aetna,Preferred,2026-08-20,2026-08-20
gtl,heritage_plan,NE,86,female,0,10000,standard_nt,237.82,2,0,0,gtl,Heritage Plan,2026-08-20,2026-08-20
aetna,standard,NE,86,female,0,10000,standard_nt,262.41,3,0,1,Aetna,Standard,2026-08-20,2026-08-20
aetna,preferred,NE,86,female,0,25000,standard_nt,423.06,1,1,1,Aetna,Preferred,2026-08-20,2026-08-20
aetna,standard,NE,86,female,0,25000,standard_nt,650.78,2,0,1,Aetna,Standard,2026-08-20,2026-08-20
